INFO frame pacing: fps=15 refresh=0 mHz snap=no period=66.6667 ms
INFO frame pacing: fps=15 refresh=0 mHz snap=no period=66.6667 ms
INFO main looper started
INFO source: scene/scene.json
INFO frame pacing: fps=30 refresh=0 mHz snap=no period=33.3333 ms
INFO render looper started
INFO deterministic render mode ON (fixed_dt=0.0166667, rng_seed=0x9e3779b9)
ERROR VulkanRender.cpp:981 too small swapchain image size: 360x640
INFO vulkan device: SwiftShader Device (Subzero)
INFO Anisotropic filtering enabled (max 16)
INFO D32_SFLOAT optimal-tiling sampled-image support: yes
INFO push descriptor: emulated with pooled descriptor sets
INFO VMA: VK_EXT_memory_budget not supported (allocator-internal bookkeeping only)
INFO new buffer block(0x7e712fd22550), size: 2097152, index: 0 / 1
INFO new buffer block(0x7e712fd22710), size: 2097152, index: 0 / 1
INFO loading scene: scene/scene.json
INFO swapchain setting ignored: offscreen renderer has no swapchain
INFO swapchain setting ignored: offscreen renderer has no swapchain
INFO sound device inited
INFO Audio spectrum: AudioBus Process thread started (60Hz)
INFO Audio spectrum: shared AudioBus (playback tap)
INFO pkg version: PKGM0017
INFO cache folder: /data/local/tmp/we/cache
INFO Loaded scene from /assets/scene.json
INFO User property: schemecolor = "0 0 0"
INFO Loaded user property defaults from scene/project.json
INFO read json "angles" not a key at FromJson(WPImageObject.cpp:455)
INFO read json "angles" not a key at FromJson(WPImageObject.cpp:455)
INFO read json "angles" not a key at FromJson(WPImageObject.cpp:455)
INFO read json "scale" not a key at FromJson(WPImageObject.cpp:456)
INFO read json "scale" not a key at FromJson(WPParticleObject.cpp:250)
INFO read json "angles" not a key at FromJson(WPImageObject.cpp:455)
INFO read json "angles" not a key at FromJson(WPImageObject.cpp:455)
INFO read json "angles" not a key at FromJson(WPImageObject.cpp:455)
INFO read json "angles" not a key at FromJson(WPImageObject.cpp:455)
INFO read json "scale" not a key at FromJson(WPImageObject.cpp:456)
INFO read json "angles" not a key at FromJson(WPImageObject.cpp:455)
INFO read json "scale" not a key at FromJson(WPImageObject.cpp:456)
INFO read json "angles" not a key at FromJson(WPImageObject.cpp:455)
INFO read json "scale" not a key at FromJson(WPImageObject.cpp:456)
INFO read json "angles" not a key at FromJson(WPImageObject.cpp:455)
INFO read json "scale" not a key at FromJson(WPImageObject.cpp:456)
INFO read json "angles" not a key at FromJson(WPImageObject.cpp:455)
INFO read json "scale" not a key at FromJson(WPImageObject.cpp:456)
INFO read json "scale" not a key at FromJson(WPImageObject.cpp:456)
INFO Scene ortho: 3840x2160 (auto=0) clearColor=(0.700,0.700,0.700)
INFO Global camera: 3840x2160 at (1920.0, 1080.0) zoom=1.000
INFO MSAA requested: x4 (2D scene, auto=1)
INFO ParseImageObj: id=1291 name='GUWEIZ-artist-art-девушка-art-6085703мин' image='models/GUWEIZ-artist-art-девушка-art-6085703мин.json' visible=1 size=(1920,1080) fullscreen=0 origin=(1920.0,1080.0)
INFO shader 'genericimage2' vert(1115) frag(965) geom(0)
INFO TEXHDR 'GUWEIZ-artist-art-девушка-art-6085703мин' sprite=0 tex=1920x1080 map=1920x1080 mipmap_larger=0 frames=0
INFO POS id=1291 name='GUWEIZ-artist-art-девушка-art-6085703мин' world=(1920.0,1080.0) parent=-1 attach='' local=(1920.0,1080.0) size=(1920,1080) autosize=0 puppet=''
INFO   ParseImageObj id=1291 completed, added to scene graph
INFO ParseImageObj: id=18 name='GUWEIZ-artist-art-девушка-art-6085703мин' image='models/GUWEIZ-artist-art-девушка-art-6085703мин.json' visible=1 size=(1920,1080) fullscreen=0 origin=(1920.0,1080.0)
INFO shader 'genericimage2' vert(1115) frag(965) geom(0)
INFO POS id=18 name='GUWEIZ-artist-art-девушка-art-6085703мин' world=(1920.0,1080.0) parent=-1 attach='' local=(1920.0,1080.0) size=(1920,1080) autosize=0 puppet=''
INFO   ParseImageObj id=18 completed, added to scene graph
INFO particle 'Birds' renderer='sprite'
INFO shader 'genericparticle' vert(1948) frag(1499) geom(0)
INFO TEXHDR 'workshop/2511104820/particle/birdspritesheet1' sprite=1 tex=516x516 map=516x516 mipmap_larger=0 frames=16
INFO TEXHDR 'util/flatnormal' sprite=0 tex=4x4 map=4x4 mipmap_larger=0 frames=0
INFO   constValue: 'ui_editor_properties_overbright' -> 'g_Overbright' = [1.000000]
INFO particle 'Birds' renderer='sprite'
INFO shader 'genericparticle' vert(1948) frag(1499) geom(0)
INFO   constValue: 'ui_editor_properties_overbright' -> 'g_Overbright' = [1.000000]
INFO particle 'Birds' renderer='sprite'
INFO shader 'genericparticle' vert(1948) frag(1499) geom(0)
INFO   constValue: 'ui_editor_properties_overbright' -> 'g_Overbright' = [1.000000]
INFO particle 'Birds' renderer='sprite'
INFO shader 'genericparticle' vert(1948) frag(1499) geom(0)
INFO   constValue: 'ui_editor_properties_overbright' -> 'g_Overbright' = [1.000000]
INFO particle 'Rain downpour' renderer='sprite'
INFO shader 'genericparticle' vert(1948) frag(1499) geom(0)
INFO TEXHDR 'particle/nature/rain1' sprite=0 tex=256x512 map=256x512 mipmap_larger=0 frames=0
INFO   constValue: 'ui_editor_properties_overbright' -> 'g_Overbright' = [1.000000]
INFO particle 'Rain downpour' renderer='sprite'
INFO shader 'genericparticle' vert(1948) frag(1499) geom(0)
INFO   constValue: 'ui_editor_properties_overbright' -> 'g_Overbright' = [1.000000]
INFO ParseImageObj: id=1005 name='Слой полной композиции' image='models/util/projectlayer.json' visible=1 size=(3840,2160) fullscreen=0 origin=(1920.0,1080.0)
INFO shader 'composelayer' vert(436) frag(310) geom(0)
INFO   ParseImageObj id=1005: finalBlend=1 hasEffect=1 isCompose=1 passthrough=0
INFO POS id=1005 name='Слой полной композиции' world=(1920.0,1080.0) parent=-1 attach='' local=(1920.0,1080.0) size=(3840,2160) autosize=0 puppet=''
INFO shader 'effects/blur_downsample4' vert(437) frag(401) geom(0)
INFO shader 'effects/blur_gaussian' vert(2635) frag(1690) geom(0)
INFO   constValue: 'scale' -> 'g_Scale' = [0.840000,0.840000]
INFO shader 'effects/blur_gaussian' vert(2635) frag(1690) geom(0)
INFO   constValue: 'scale' -> 'g_Scale' = [0.840000,0.840000]
INFO shader 'effects/blur_combine' vert(452) frag(1602) geom(0)
INFO ShaderValue: 'compositecolor' has no matching GLSL uniform (author default, skipped)
INFO   effect[0] 'ui_editor_effect_blur_title' loaded OK (4 nodes)
INFO   ParseImageObj id=1005: 1 effects loaded, isCompose=1, isOffscreen=0
INFO   ParseImageObj id=1005 completed, added to scene graph
INFO particle 'Rain downpour' renderer='sprite'
INFO shader 'genericparticle' vert(1948) frag(1499) geom(0)
INFO   constValue: 'ui_editor_properties_overbright' -> 'g_Overbright' = [1.000000]
INFO particle 'Rain refractive' renderer='spritetrail'
INFO   rope subdivision=3 for 'Rain refractive'
INFO shader 'genericropeparticle' vert(2106) frag(508) geom(0)
INFO TEXHDR 'particle/drop' sprite=0 tex=32x128 map=32x128 mipmap_larger=0 frames=0
INFO TEXHDR 'particle/drop_normal' sprite=0 tex=32x128 map=32x128 mipmap_larger=0 frames=0
INFO   constValue: 'ui_editor_properties_overbright' -> 'g_Overbright' = [1.000000]
INFO ShaderValue: 'ui_editor_properties_refract_amount' has no matching GLSL uniform (author default, skipped)
INFO particle 'Rain perspective' renderer='spritetrail'
INFO   rope subdivision=3 for 'Rain perspective'
INFO shader 'genericropeparticle' vert(2106) frag(508) geom(0)
INFO particle 'Snow perspective' renderer='sprite'
INFO shader 'genericparticle' vert(1948) frag(1499) geom(0)
INFO TEXHDR 'particle/chromaticdot' sprite=0 tex=64x64 map=64x64 mipmap_larger=0 frames=0
INFO particle 'new_particle_system' renderer='sprite'
INFO shader 'genericparticle' vert(1948) frag(1499) geom(0)
INFO TEXHDR 'particle/капля' sprite=0 tex=121x144 map=121x144 mipmap_larger=0 frames=0
INFO TEXHDR 'particle/normal_pinch_rotate' sprite=0 tex=64x64 map=64x64 mipmap_larger=0 frames=0
INFO   constValue: 'ui_editor_properties_refract_amount' -> 'g_RefractAmount' = [1.000000]
INFO particle 'new_particle_system' renderer='sprite'
INFO shader 'genericparticle' vert(1948) frag(1499) geom(0)
INFO   constValue: 'ui_editor_properties_refract_amount' -> 'g_RefractAmount' = [1.000000]
INFO particle 'Fog 1' renderer='sprite'
INFO shader 'genericparticle' vert(1948) frag(1499) geom(0)
INFO TEXHDR 'particle/fog/fog1' sprite=0 tex=128x128 map=128x128 mipmap_larger=0 frames=0
INFO particle 'Falling debris particles small 1' renderer='sprite'
INFO shader 'genericparticle' vert(1948) frag(1499) geom(0)
INFO TEXHDR 'particle/debris/debris1' sprite=0 tex=64x64 map=64x64 mipmap_larger=0 frames=0
INFO ParseImageObj: id=176 name='Fern' image='models/presets/fern1.json' visible=1 size=(299,512) fullscreen=0 origin=(3966.1,733.5)
INFO shader 'genericimage2' vert(1115) frag(965) geom(0)
INFO TEXHDR 'presets/fern1' sprite=0 tex=300x512 map=299x512 mipmap_larger=1 frames=0
INFO   ParseImageObj id=176: finalBlend=1 hasEffect=1 isCompose=0 passthrough=0
INFO POS id=176 name='Fern' world=(3966.1,733.5) parent=-1 attach='' local=(3966.1,733.5) size=(299,512) autosize=0 puppet=''
INFO shader 'effects/foliagesway' vert(3383) frag(1905) geom(0)
INFO TEXHDR 'util/noise' sprite=0 tex=256x256 map=256x256 mipmap_larger=0 frames=0
INFO   constValue: 'Phase' -> 'g_Phase' = [0.000000]
INFO   constValue: 'ratio' -> 'g_Ratio' = [0.300000]
INFO   constValue: 'scrolldirection' -> 'g_Direction' = [-2.594857]
INFO   constValue: 'Strength' -> 'g_Strength' = [15.000000]
INFO   constValue: 'strength' -> 'g_Strength' = [0.570000]
INFO   constValue: 'Power' -> 'g_Power' = [1.420000]
INFO   constValue: 'scale' -> 'g_NoiseScale' = [0.010000]
INFO   constValue: 'speeduv' -> 'g_Speed' = [9.610000]
INFO   constValue: 'Speed' -> 'g_Speed' = [2.270000]
INFO   constValue: 'phase' -> 'g_Phase' = [0.500000]
INFO   constValue: 'power' -> 'g_Power' = [1.000000]
INFO   effect[0] 'ui_editor_effect_foliage_sway_title' loaded OK (1 nodes)
INFO shader 'effects/tint' vert(492) frag(949) geom(0)
INFO   constValue: 'alpha' -> 'g_BlendAlpha' = [1.000000]
INFO   constValue: 'color' -> 'g_TintColor' = [0.043137,0.043137,0.035294]
INFO   effect[1] 'ui_editor_effect_tint_title' loaded OK (1 nodes)
INFO   ParseImageObj id=176: 2 effects loaded, isCompose=0, isOffscreen=0
INFO   ParseImageObj id=176 completed, added to scene graph
INFO ParseImageObj: id=957 name='Fern' image='models/presets/fern1.json' visible=1 size=(299,512) fullscreen=0 origin=(608.7,1801.6)
INFO shader 'genericimage2' vert(1115) frag(965) geom(0)
INFO   ParseImageObj id=957: finalBlend=1 hasEffect=1 isCompose=0 passthrough=0
INFO POS id=957 name='Fern' world=(608.7,1801.6) parent=-1 attach='' local=(608.7,1801.6) size=(299,512) autosize=0 puppet=''
INFO shader 'effects/foliagesway' vert(3383) frag(1905) geom(0)
INFO   constValue: 'Phase' -> 'g_Phase' = [0.000000]
INFO   constValue: 'ratio' -> 'g_Ratio' = [0.300000]
INFO   constValue: 'scrolldirection' -> 'g_Direction' = [0.900484]
INFO   constValue: 'Strength' -> 'g_Strength' = [15.000000]
INFO   constValue: 'strength' -> 'g_Strength' = [0.570000]
INFO   constValue: 'Power' -> 'g_Power' = [1.420000]
INFO   constValue: 'scale' -> 'g_NoiseScale' = [0.000000]
INFO   constValue: 'speeduv' -> 'g_Speed' = [9.610000]
INFO   constValue: 'Speed' -> 'g_Speed' = [2.270000]
INFO   constValue: 'phase' -> 'g_Phase' = [0.500000]
INFO   constValue: 'power' -> 'g_Power' = [1.000000]
INFO   effect[0] 'ui_editor_effect_foliage_sway_title' loaded OK (1 nodes)
INFO shader 'effects/tint' vert(492) frag(949) geom(0)
INFO   constValue: 'alpha' -> 'g_BlendAlpha' = [1.000000]
INFO   constValue: 'color' -> 'g_TintColor' = [0.043137,0.043137,0.035294]
INFO   effect[1] 'ui_editor_effect_tint_title' loaded OK (1 nodes)
INFO   ParseImageObj id=957: 2 effects loaded, isCompose=0, isOffscreen=0
INFO   ParseImageObj id=957 completed, added to scene graph
INFO ParseImageObj: id=976 name='Fern' image='models/presets/fern1.json' visible=1 size=(299,512) fullscreen=0 origin=(3653.7,1077.1)
INFO shader 'genericimage2' vert(1115) frag(965) geom(0)
INFO   ParseImageObj id=976: finalBlend=1 hasEffect=1 isCompose=0 passthrough=0
INFO POS id=976 name='Fern' world=(3653.7,1077.1) parent=-1 attach='' local=(3653.7,1077.1) size=(299,512) autosize=0 puppet=''
INFO shader 'effects/foliagesway' vert(3383) frag(1905) geom(0)
INFO   constValue: 'Phase' -> 'g_Phase' = [0.000000]
INFO   constValue: 'ratio' -> 'g_Ratio' = [0.300000]
INFO   constValue: 'scrolldirection' -> 'g_Direction' = [1.404200]
INFO   constValue: 'Strength' -> 'g_Strength' = [15.000000]
INFO   constValue: 'strength' -> 'g_Strength' = [0.570000]
INFO   constValue: 'Power' -> 'g_Power' = [1.420000]
INFO   constValue: 'scale' -> 'g_NoiseScale' = [0.000000]
INFO   constValue: 'speeduv' -> 'g_Speed' = [9.610000]
INFO   constValue: 'Speed' -> 'g_Speed' = [2.270000]
INFO   constValue: 'phase' -> 'g_Phase' = [0.500000]
INFO   constValue: 'power' -> 'g_Power' = [1.000000]
INFO   effect[0] 'ui_editor_effect_foliage_sway_title' loaded OK (1 nodes)
INFO shader 'effects/tint' vert(492) frag(949) geom(0)
INFO   constValue: 'alpha' -> 'g_BlendAlpha' = [1.000000]
INFO   constValue: 'color' -> 'g_TintColor' = [0.145098,0.141176,0.121569]
INFO   effect[1] 'ui_editor_effect_tint_title' loaded OK (1 nodes)
INFO   ParseImageObj id=976: 2 effects loaded, isCompose=0, isOffscreen=0
INFO   ParseImageObj id=976 completed, added to scene graph
INFO ParseImageObj: id=36 name='кусты' image='models/кусты.json' visible=1 size=(1920,1080) fullscreen=0 origin=(1920.0,1080.0)
INFO shader 'genericimage2' vert(1115) frag(965) geom(0)
INFO TEXHDR 'кусты' sprite=0 tex=1920x1080 map=1920x1080 mipmap_larger=0 frames=0
INFO   ParseImageObj id=36: finalBlend=1 hasEffect=1 isCompose=0 passthrough=0
INFO POS id=36 name='кусты' world=(1920.0,1080.0) parent=-1 attach='' local=(1920.0,1080.0) size=(1920,1080) autosize=0 puppet=''
INFO shader 'effects/foliagesway' vert(3383) frag(1905) geom(0)
INFO TEXHDR 'masks/foliagesway_mask_92185f47' sprite=0 tex=960x540 map=960x540 mipmap_larger=0 frames=0
INFO   constValue: 'phase' -> 'g_Phase' = [0.870000]
INFO   constValue: 'power' -> 'g_Power' = [1.000000]
INFO   constValue: 'scale' -> 'g_NoiseScale' = [0.020000]
INFO   constValue: 'speeduv' -> 'g_Speed' = [8.340000]
INFO   constValue: 'ratio' -> 'g_Ratio' = [1.560000]
INFO   constValue: 'scrolldirection' -> 'g_Direction' = [-1.410034]
INFO   constValue: 'strength' -> 'g_Strength' = [0.400000]
INFO   effect[0] 'ui_editor_effect_foliage_sway_title' loaded OK (1 nodes)
INFO   ParseImageObj id=36: 1 effects loaded, isCompose=0, isOffscreen=0
INFO   ParseImageObj id=36 completed, added to scene graph
INFO particle 'new_particle_system' renderer='sprite'
INFO shader 'genericparticle' vert(1948) frag(1499) geom(0)
INFO   constValue: 'ui_editor_properties_refract_amount' -> 'g_RefractAmount' = [1.000000]
INFO particle 'new_particle_system' renderer='sprite'
INFO shader 'genericparticle' vert(1948) frag(1499) geom(0)
INFO   constValue: 'ui_editor_properties_refract_amount' -> 'g_RefractAmount' = [1.000000]
INFO ParseImageObj: id=775 name='нитка' image='models/нитка.json' visible=1 size=(678,636) fullscreen=0 origin=(2175.2,1446.3)
INFO   mdl 'models/нитка_puppet.mdl' vert bounds: X=[-276.0, 291.0] (w=567.0) Y=[-235.0, 273.0] (h=508.0) UV=[0.093-0.929, 0.071-0.869] n=241
INFO   mdl 'models/нитка_puppet.mdl': reading 6 bones
INFO     bone[0] '' parent=-1 trans=(226.2, 218.6, 0.0)
INFO     bone[1] '' parent=0 trans=(-60.8, -89.8, 0.0)
INFO     bone[2] '' parent=1 trans=(-62.3, -110.0, 0.0)
INFO     bone[3] '' parent=2 trans=(-112.9, -84.0, 0.0)
INFO     bone[4] '' parent=3 trans=(-124.5, -60.8, 0.0)
INFO     bone[5] '' parent=4 trans=(-75.3, -56.5, 0.0)
INFO   anim[0]: id=1040 name='Анимация 1' length=16
INFO mdl: anim 1040 declares 16 frame(s) but bone track 0 stores 17 — playback clamps into the stored frames
INFO   anim[1]: id=1877 name='Анимация 2' length=16
INFO mdl: anim 1877 declares 16 frame(s) but bone track 0 stores 17 — playback clamps into the stored frames
INFO read puppet: mdlv: 17, nmdls: 2, mdla: 4, bones: 6, anims: 2
INFO MDL bounds id=775 name='нитка' x=[-276.0,291.0] y=[-235.0,273.0] span=(567,508) scene_size=(678,636) ratio=(1.20,1.25) attachments=0
INFO shader 'genericimage2' vert(1115) frag(965) geom(0)
INFO TEXHDR 'нитка' sprite=0 tex=678x636 map=678x636 mipmap_larger=0 frames=0
INFO   ParseImageObj id=775: finalBlend=1 hasEffect=1 isCompose=0 passthrough=0
INFO POS id=775 name='нитка' world=(2175.2,1446.3) parent=-1 attach='' local=(2175.2,1446.3) size=(678,636) autosize=0 puppet='models/нитка_puppet.mdl'
INFO shader 'effects/waterwaves' vert(1612) frag(1869) geom(0)
INFO TEXHDR 'masks/waterwaves_mask_803c2518' sprite=0 tex=339x318 map=339x318 mipmap_larger=0 frames=0
INFO TEXHDR 'util/black' sprite=0 tex=4x4 map=4x4 mipmap_larger=0 frames=0
INFO   constValue: 'direction' -> 'g_Direction' = [-2.800614]
INFO   constValue: 'speed' -> 'g_Speed' = [5.370000]
INFO   constValue: 'perspective' -> 'g_Perspective' = [0.000000]
INFO   constValue: 'scale' -> 'g_Scale' = [3.830000]
INFO   constValue: 'strength' -> 'g_Strength' = [0.320000]
INFO   effect[0] 'ui_editor_effect_water_waves_title' loaded OK (1 nodes)
INFO shader 'genericimage2' vert(1115) frag(965) geom(0)
INFO puppet layer prepared: 1 scene layers, 2 mdl anims, total_blend=1.00
INFO   scene layer[0]: id=1040 blend=1.00 rate=1.00 visible=1 additive=1
INFO   effect[1] '' loaded OK (1 nodes)
INFO   ParseImageObj id=775: 2 effects loaded, isCompose=0, isOffscreen=0
INFO   ParseImageObj id=775 completed, added to scene graph
INFO ParseImageObj: id=28 name='девка 2' image='models/девка 2.json' visible=1 size=(1279,1761) fullscreen=0 origin=(2574.5,860.3)
INFO   mdl 'models/девка 2_puppet.mdl' vert bounds: X=[-597.5, 636.5] (w=1234.0) Y=[-937.5, 877.5] (h=1815.0) UV=[0.033-0.998, 0.002-1.032] n=388
INFO   mdl 'models/девка 2_puppet.mdl': reading 15 bones
INFO     bone[0] '' parent=-1 trans=(-402.5, -32.7, 0.0)
INFO     bone[1] '' parent=0 trans=(137.7, 313.3, 0.0)
INFO     bone[2] '' parent=1 trans=(194.4, -29.7, 0.0)
INFO     bone[3] '' parent=2 trans=(83.7, -132.3, 0.0)
INFO     bone[4] '' parent=3 trans=(62.1, -162.0, 0.0)
INFO     bone[5] '' parent=4 trans=(113.4, -137.7, 0.0)
INFO     bone[6] '' parent=5 trans=(153.9, -113.4, 0.0)
INFO     bone[7] '' parent=6 trans=(89.1, -113.4, 0.0)
INFO     bone[8] '' parent=7 trans=(-13.5, -183.6, 0.0)
INFO     bone[9] '' parent=8 trans=(-50.2, -196.0, 0.0)
INFO     bone[10] '' parent=9 trans=(-67.5, -140.4, 0.0)
INFO     bone[11] '' parent=2 trans=(-56.5, 137.5, 0.0)
INFO     bone[12] '' parent=11 trans=(-49.4, 49.7, 0.0)
INFO     bone[13] '' parent=12 trans=(-23.2, 79.2, 0.0)
INFO     bone[14] '' parent=13 trans=(-94.4, 244.5, 0.0)
INFO   anim[0]: id=2917 name='Анимация 1' length=25
INFO mdl: anim 2917 declares 25 frame(s) but bone track 0 stores 26 — playback clamps into the stored frames
INFO   anim[1]: id=2964 name='Анимация 2' length=10
INFO mdl: anim 2964 declares 10 frame(s) but bone track 0 stores 11 — playback clamps into the stored frames
INFO read puppet: mdlv: 17, nmdls: 2, mdla: 4, bones: 15, anims: 2
INFO MDL bounds id=28 name='девка 2' x=[-597.5,636.5] y=[-937.5,877.5] span=(1234,1815) scene_size=(1279,1761) ratio=(1.04,0.97) attachments=0
INFO shader 'genericimage2' vert(1115) frag(965) geom(0)
INFO TEXHDR 'девка 2' sprite=0 tex=1279x1761 map=1279x1761 mipmap_larger=0 frames=0
INFO   ParseImageObj id=28: finalBlend=1 hasEffect=1 isCompose=0 passthrough=0
INFO POS id=28 name='девка 2' world=(2574.5,860.3) parent=-1 attach='' local=(2574.5,860.3) size=(1279,1761) autosize=0 puppet='models/девка 2_puppet.mdl'
INFO shader 'effects/waterwaves' vert(1612) frag(1869) geom(0)
INFO TEXHDR 'masks/waterwaves_mask_0afc93e4' sprite=0 tex=639x880 map=639x880 mipmap_larger=0 frames=0
INFO   constValue: 'direction' -> 'g_Direction' = [-2.560213]
INFO   constValue: 'speed' -> 'g_Speed' = [6.930000]
INFO   constValue: 'perspective' -> 'g_Perspective' = [0.000000]
INFO   constValue: 'scale' -> 'g_Scale' = [11.460000]
INFO   constValue: 'strength' -> 'g_Strength' = [0.140000]
INFO   effect[0] 'ui_editor_effect_water_waves_title' loaded OK (1 nodes)
INFO shader 'effects/waterwaves' vert(1612) frag(1869) geom(0)
INFO TEXHDR 'masks/waterwaves_mask_f37a1950' sprite=0 tex=639x880 map=639x880 mipmap_larger=0 frames=0
INFO   constValue: 'direction' -> 'g_Direction' = [-2.874462]
INFO   constValue: 'speed' -> 'g_Speed' = [11.550000]
INFO   constValue: 'perspective' -> 'g_Perspective' = [0.000000]
INFO   constValue: 'scale' -> 'g_Scale' = [56.419998]
INFO   constValue: 'strength' -> 'g_Strength' = [0.100000]
INFO   effect[1] 'ui_editor_effect_water_waves_title' loaded OK (1 nodes)
INFO shader 'effects/shake' vert(3268) frag(3007) geom(0)
INFO TEXHDR 'masks/shake_mask_1007a06f' sprite=0 tex=639x880 map=639x880 mipmap_larger=0 frames=0
INFO TEXHDR 'util/white' sprite=0 tex=4x4 map=4x4 mipmap_larger=0 frames=0
INFO   constValue: 'bounds' -> 'g_Bounds' = [0.000000,1.000000]
INFO   constValue: 'friction' -> 'g_Friction' = [1.000000,1.000000]
INFO   constValue: 'speed' -> 'g_Speed' = [2.020000]
INFO   constValue: 'strength' -> 'g_Amp' = [0.120000]
INFO   effect[2] 'ui_editor_effect_shake_title' loaded OK (1 nodes)
INFO shader 'effects/waterflow' vert(449) frag(2103) geom(0)
INFO TEXHDR 'masks/waterflow_mask_499e456d' sprite=0 tex=639x880 map=639x880 mipmap_larger=0 frames=0
INFO TEXHDR 'effects/waterflowphase' sprite=0 tex=32x32 map=32x32 mipmap_larger=0 frames=0
INFO   constValue: 'phasescale' -> 'g_FlowPhaseScale' = [0.010000]
INFO   constValue: 'speed' -> 'g_FlowSpeed' = [0.240000]
INFO   constValue: 'strength' -> 'g_FlowAmp' = [1.000000]
INFO   effect[3] 'ui_editor_effect_water_flow_title' loaded OK (1 nodes)
INFO shader 'genericimage2' vert(1115) frag(965) geom(0)
INFO puppet layer prepared: 2 scene layers, 2 mdl anims, total_blend=0.00
INFO   scene layer[0]: id=2917 blend=1.00 rate=2.00 visible=0 additive=1
INFO   scene layer[1]: id=2964 blend=1.30 rate=0.84 visible=0 additive=1
INFO   effect[4] '' loaded OK (1 nodes)
INFO   ParseImageObj id=28: 5 effects loaded, isCompose=0, isOffscreen=0
INFO   ParseImageObj id=28 completed, added to scene graph
INFO ParseImageObj: id=1616 name='нитка' image='models/нитка.json' visible=1 size=(678,636) fullscreen=0 origin=(1445.5,1700.6)
INFO   mdl 'models/нитка_puppet.mdl' vert bounds: X=[-276.0, 291.0] (w=567.0) Y=[-235.0, 273.0] (h=508.0) UV=[0.093-0.929, 0.071-0.869] n=241
INFO   mdl 'models/нитка_puppet.mdl': reading 6 bones
INFO     bone[0] '' parent=-1 trans=(226.2, 218.6, 0.0)
INFO     bone[1] '' parent=0 trans=(-60.8, -89.8, 0.0)
INFO     bone[2] '' parent=1 trans=(-62.3, -110.0, 0.0)
INFO     bone[3] '' parent=2 trans=(-112.9, -84.0, 0.0)
INFO     bone[4] '' parent=3 trans=(-124.5, -60.8, 0.0)
INFO     bone[5] '' parent=4 trans=(-75.3, -56.5, 0.0)
INFO   anim[0]: id=1040 name='Анимация 1' length=16
INFO mdl: anim 1040 declares 16 frame(s) but bone track 0 stores 17 — playback clamps into the stored frames
INFO   anim[1]: id=1877 name='Анимация 2' length=16
INFO mdl: anim 1877 declares 16 frame(s) but bone track 0 stores 17 — playback clamps into the stored frames
INFO read puppet: mdlv: 17, nmdls: 2, mdla: 4, bones: 6, anims: 2
INFO MDL bounds id=1616 name='нитка' x=[-276.0,291.0] y=[-235.0,273.0] span=(567,508) scene_size=(678,636) ratio=(1.20,1.25) attachments=0
INFO shader 'genericimage2' vert(1115) frag(965) geom(0)
INFO   ParseImageObj id=1616: finalBlend=1 hasEffect=1 isCompose=0 passthrough=0
INFO POS id=1616 name='нитка' world=(1445.5,1700.6) parent=-1 attach='' local=(1445.5,1700.6) size=(678,636) autosize=0 puppet='models/нитка_puppet.mdl'
INFO shader 'effects/waterwaves' vert(1612) frag(1869) geom(0)
INFO   constValue: 'direction' -> 'g_Direction' = [-2.214297]
INFO   constValue: 'speed' -> 'g_Speed' = [5.000000]
INFO   constValue: 'perspective' -> 'g_Perspective' = [0.000000]
INFO   constValue: 'scale' -> 'g_Scale' = [3.830000]
INFO   constValue: 'strength' -> 'g_Strength' = [0.320000]
INFO   effect[0] 'ui_editor_effect_water_waves_title' loaded OK (1 nodes)
INFO shader 'genericimage2' vert(1115) frag(965) geom(0)
INFO puppet layer prepared: 1 scene layers, 2 mdl anims, total_blend=1.00
INFO   scene layer[0]: id=1040 blend=1.00 rate=1.00 visible=1 additive=1
INFO   effect[1] '' loaded OK (1 nodes)
INFO   ParseImageObj id=1616: 2 effects loaded, isCompose=0, isOffscreen=0
INFO   ParseImageObj id=1616 completed, added to scene graph
INFO ParseImageObj: id=44 name='челка зад' image='models/челка зад.json' visible=1 size=(429,661) fullscreen=0 origin=(1855.9,1657.0)
INFO   mdl 'models/челка зад_puppet.mdl' vert bounds: X=[-177.5, 223.5] (w=401.0) Y=[-311.5, 307.5] (h=619.0) UV=[0.086-1.021, 0.035-0.971] n=334
INFO   mdl 'models/челка зад_puppet.mdl': reading 5 bones
INFO     bone[0] '' parent=-1 trans=(111.4, 249.4, 0.0)
INFO     bone[1] '' parent=0 trans=(-28.8, -118.8, 0.0)
INFO     bone[2] '' parent=1 trans=(-36.4, -116.9, 0.0)
INFO     bone[3] '' parent=2 trans=(-42.2, -107.3, 0.0)
INFO     bone[4] '' parent=3 trans=(-36.4, -82.4, 0.0)
INFO   anim[0]: id=571 name='Анимация 1' length=16
INFO mdl: anim 571 declares 16 frame(s) but bone track 0 stores 17 — playback clamps into the stored frames
INFO   anim[1]: id=1256 name='Анимация 2' length=420
INFO mdl: anim 1256 declares 420 frame(s) but bone track 0 stores 421 — playback clamps into the stored frames
INFO read puppet: mdlv: 17, nmdls: 2, mdla: 4, bones: 5, anims: 2
INFO MDL bounds id=44 name='челка зад' x=[-177.5,223.5] y=[-311.5,307.5] span=(401,619) scene_size=(429,661) ratio=(1.07,1.07) attachments=0
INFO shader 'genericimage2' vert(1115) frag(965) geom(0)
INFO TEXHDR 'челка зад' sprite=0 tex=429x661 map=429x661 mipmap_larger=0 frames=0
INFO   ParseImageObj id=44: finalBlend=1 hasEffect=1 isCompose=0 passthrough=0
INFO POS id=44 name='челка зад' world=(1855.9,1657.0) parent=-1 attach='' local=(1855.9,1657.0) size=(429,661) autosize=0 puppet='models/челка зад_puppet.mdl'
INFO shader 'effects/waterwaves' vert(1612) frag(1869) geom(0)
INFO TEXHDR 'masks/waterwaves_mask_728de645' sprite=0 tex=214x330 map=214x330 mipmap_larger=0 frames=0
INFO   constValue: 'direction' -> 'g_Direction' = [-2.745231]
INFO   constValue: 'speed' -> 'g_Speed' = [6.290000]
INFO   constValue: 'perspective' -> 'g_Perspective' = [0.000000]
INFO   constValue: 'scale' -> 'g_Scale' = [3.830000]
INFO   constValue: 'strength' -> 'g_Strength' = [0.220000]
INFO   effect[0] 'ui_editor_effect_water_waves_title' loaded OK (1 nodes)
INFO shader 'genericimage2' vert(1115) frag(965) geom(0)
INFO puppet layer prepared: 2 scene layers, 2 mdl anims, total_blend=2.00
INFO   scene layer[0]: id=571 blend=1.00 rate=1.00 visible=1 additive=1
INFO   scene layer[1]: id=1256 blend=1.00 rate=2.00 visible=1 additive=1
INFO   effect[1] '' loaded OK (1 nodes)
INFO   ParseImageObj id=44: 2 effects loaded, isCompose=0, isOffscreen=0
INFO   ParseImageObj id=44 completed, added to scene graph
INFO ParseImageObj: id=1263 name='коса' image='models/коса.json' visible=1 size=(847,1080) fullscreen=0 origin=(1257.3,1657.0)
INFO   mdl 'models/коса_puppet.mdl' vert bounds: X=[-384.5, 397.5] (w=782.0) Y=[-497.0, 534.0] (h=1031.0) UV=[0.046-0.969, 0.006-0.960] n=273
INFO   mdl 'models/коса_puppet.mdl': reading 6 bones
INFO     bone[0] '' parent=-1 trans=(235.7, 390.0, 0.0)
INFO     bone[1] '' parent=0 trans=(-120.2, -175.6, 0.0)
INFO     bone[2] '' parent=1 trans=(-136.4, -168.7, 0.0)
INFO     bone[3] '' parent=2 trans=(-131.7, -104.0, 0.0)
INFO     bone[4] '' parent=3 trans=(-60.1, -164.1, 0.0)
INFO     bone[5] '' parent=4 trans=(2.3, -138.7, 0.0)
INFO   anim[0]: id=1223 name='Анимация 1' length=16
INFO mdl: anim 1223 declares 16 frame(s) but bone track 0 stores 17 — playback clamps into the stored frames
INFO   anim[1]: id=2322 name='Анимация 2' length=9
INFO mdl: anim 2322 declares 9 frame(s) but bone track 0 stores 10 — playback clamps into the stored frames
INFO   anim[2]: id=3960 name='Анимация 3' length=420
INFO mdl: anim 3960 declares 420 frame(s) but bone track 0 stores 421 — playback clamps into the stored frames
INFO   anim[3]: id=458 name='Анимация 4' length=16
INFO mdl: anim 458 declares 16 frame(s) but bone track 0 stores 17 — playback clamps into the stored frames
INFO read puppet: mdlv: 17, nmdls: 2, mdla: 4, bones: 6, anims: 4
INFO MDL bounds id=1263 name='коса' x=[-384.5,397.5] y=[-497.0,534.0] span=(782,1031) scene_size=(847,1080) ratio=(1.08,1.05) attachments=0
INFO shader 'genericimage2' vert(1115) frag(965) geom(0)
INFO TEXHDR 'коса' sprite=0 tex=847x1080 map=847x1080 mipmap_larger=0 frames=0
INFO   ParseImageObj id=1263: finalBlend=1 hasEffect=1 isCompose=0 passthrough=0
INFO POS id=1263 name='коса' world=(1257.3,1657.0) parent=-1 attach='' local=(1257.3,1657.0) size=(847,1080) autosize=0 puppet='models/коса_puppet.mdl'
INFO shader 'effects/waterwaves' vert(1612) frag(1869) geom(0)
INFO TEXHDR 'masks/waterwaves_mask_9fdadc16' sprite=0 tex=423x540 map=423x540 mipmap_larger=0 frames=0
INFO   constValue: 'direction' -> 'g_Direction' = [-2.111569]
INFO   constValue: 'speed' -> 'g_Speed' = [7.320000]
INFO   constValue: 'perspective' -> 'g_Perspective' = [0.000000]
INFO   constValue: 'scale' -> 'g_Scale' = [7.640000]
INFO   constValue: 'strength' -> 'g_Strength' = [0.230000]
INFO   effect[0] 'ui_editor_effect_water_waves_title' loaded OK (1 nodes)
INFO shader 'genericimage2' vert(1115) frag(965) geom(0)
INFO puppet layer prepared: 1 scene layers, 4 mdl anims, total_blend=1.00
INFO   scene layer[0]: id=458 blend=1.00 rate=1.00 visible=1 additive=1
INFO   effect[1] '' loaded OK (1 nodes)
INFO   ParseImageObj id=1263: 2 effects loaded, isCompose=0, isOffscreen=0
INFO   ParseImageObj id=1263 completed, added to scene graph
INFO ParseImageObj: id=126 name='нитка' image='models/нитка.json' visible=1 size=(678,636) fullscreen=0 origin=(1418.4,1638.6)
INFO   mdl 'models/нитка_puppet.mdl' vert bounds: X=[-276.0, 291.0] (w=567.0) Y=[-235.0, 273.0] (h=508.0) UV=[0.093-0.929, 0.071-0.869] n=241
INFO   mdl 'models/нитка_puppet.mdl': reading 6 bones
INFO     bone[0] '' parent=-1 trans=(226.2, 218.6, 0.0)
INFO     bone[1] '' parent=0 trans=(-60.8, -89.8, 0.0)
INFO     bone[2] '' parent=1 trans=(-62.3, -110.0, 0.0)
INFO     bone[3] '' parent=2 trans=(-112.9, -84.0, 0.0)
INFO     bone[4] '' parent=3 trans=(-124.5, -60.8, 0.0)
INFO     bone[5] '' parent=4 trans=(-75.3, -56.5, 0.0)
INFO   anim[0]: id=1040 name='Анимация 1' length=16
INFO mdl: anim 1040 declares 16 frame(s) but bone track 0 stores 17 — playback clamps into the stored frames
INFO   anim[1]: id=1877 name='Анимация 2' length=16
INFO mdl: anim 1877 declares 16 frame(s) but bone track 0 stores 17 — playback clamps into the stored frames
INFO read puppet: mdlv: 17, nmdls: 2, mdla: 4, bones: 6, anims: 2
INFO MDL bounds id=126 name='нитка' x=[-276.0,291.0] y=[-235.0,273.0] span=(567,508) scene_size=(678,636) ratio=(1.20,1.25) attachments=0
INFO shader 'genericimage2' vert(1115) frag(965) geom(0)
INFO   ParseImageObj id=126: finalBlend=1 hasEffect=1 isCompose=0 passthrough=0
INFO POS id=126 name='нитка' world=(1418.4,1638.6) parent=-1 attach='' local=(1418.4,1638.6) size=(678,636) autosize=0 puppet='models/нитка_puppet.mdl'
INFO shader 'effects/waterwaves' vert(1612) frag(1869) geom(0)
INFO   constValue: 'direction' -> 'g_Direction' = [-2.800614]
INFO   constValue: 'speed' -> 'g_Speed' = [5.000000]
INFO   constValue: 'perspective' -> 'g_Perspective' = [0.000000]
INFO   constValue: 'scale' -> 'g_Scale' = [3.830000]
INFO   constValue: 'strength' -> 'g_Strength' = [0.320000]
INFO   effect[0] 'ui_editor_effect_water_waves_title' loaded OK (1 nodes)
INFO shader 'genericimage2' vert(1115) frag(965) geom(0)
INFO puppet layer prepared: 0 scene layers, 2 mdl anims, total_blend=0.00
INFO   effect[1] '' loaded OK (1 nodes)
INFO   ParseImageObj id=126: 2 effects loaded, isCompose=0, isOffscreen=0
INFO   ParseImageObj id=126 completed, added to scene graph
INFO ParseImageObj: id=32 name='коса' image='models/коса.json' visible=1 size=(847,1080) fullscreen=0 origin=(1312.7,1563.4)
INFO   mdl 'models/коса_puppet.mdl' vert bounds: X=[-384.5, 397.5] (w=782.0) Y=[-497.0, 534.0] (h=1031.0) UV=[0.046-0.969, 0.006-0.960] n=273
INFO   mdl 'models/коса_puppet.mdl': reading 6 bones
INFO     bone[0] '' parent=-1 trans=(235.7, 390.0, 0.0)
INFO     bone[1] '' parent=0 trans=(-120.2, -175.6, 0.0)
INFO     bone[2] '' parent=1 trans=(-136.4, -168.7, 0.0)
INFO     bone[3] '' parent=2 trans=(-131.7, -104.0, 0.0)
INFO     bone[4] '' parent=3 trans=(-60.1, -164.1, 0.0)
INFO     bone[5] '' parent=4 trans=(2.3, -138.7, 0.0)
INFO   anim[0]: id=1223 name='Анимация 1' length=16
INFO mdl: anim 1223 declares 16 frame(s) but bone track 0 stores 17 — playback clamps into the stored frames
INFO   anim[1]: id=2322 name='Анимация 2' length=9
INFO mdl: anim 2322 declares 9 frame(s) but bone track 0 stores 10 — playback clamps into the stored frames
INFO   anim[2]: id=3960 name='Анимация 3' length=420
INFO mdl: anim 3960 declares 420 frame(s) but bone track 0 stores 421 — playback clamps into the stored frames
INFO   anim[3]: id=458 name='Анимация 4' length=16
INFO mdl: anim 458 declares 16 frame(s) but bone track 0 stores 17 — playback clamps into the stored frames
INFO read puppet: mdlv: 17, nmdls: 2, mdla: 4, bones: 6, anims: 4
INFO MDL bounds id=32 name='коса' x=[-384.5,397.5] y=[-497.0,534.0] span=(782,1031) scene_size=(847,1080) ratio=(1.08,1.05) attachments=0
INFO shader 'genericimage2' vert(1115) frag(965) geom(0)
INFO   ParseImageObj id=32: finalBlend=1 hasEffect=1 isCompose=0 passthrough=0
INFO POS id=32 name='коса' world=(1312.7,1563.4) parent=-1 attach='' local=(1312.7,1563.4) size=(847,1080) autosize=0 puppet='models/коса_puppet.mdl'
INFO shader 'effects/waterwaves' vert(1612) frag(1869) geom(0)
INFO   constValue: 'direction' -> 'g_Direction' = [-1.792111]
INFO   constValue: 'speed' -> 'g_Speed' = [5.920000]
INFO   constValue: 'perspective' -> 'g_Perspective' = [0.000000]
INFO   constValue: 'scale' -> 'g_Scale' = [7.640000]
INFO   constValue: 'strength' -> 'g_Strength' = [0.230000]
INFO   effect[0] 'ui_editor_effect_water_waves_title' loaded OK (1 nodes)
INFO shader 'genericimage2' vert(1115) frag(965) geom(0)
INFO puppet layer prepared: 3 scene layers, 4 mdl anims, total_blend=3.00
INFO   scene layer[0]: id=2322 blend=1.00 rate=1.29 visible=1 additive=1
INFO   scene layer[1]: id=1223 blend=1.00 rate=1.00 visible=1 additive=1
INFO   scene layer[2]: id=3960 blend=1.00 rate=2.00 visible=1 additive=1
INFO   effect[1] '' loaded OK (1 nodes)
INFO   ParseImageObj id=32: 2 effects loaded, isCompose=0, isOffscreen=0
INFO   ParseImageObj id=32 completed, added to scene graph
INFO ParseImageObj: id=24 name='девка 1' image='models/девка 1.json' visible=1 size=(1575,2160) fullscreen=0 origin=(1557.6,1036.5)
INFO   mdl 'models/девка 1_puppet.mdl' vert bounds: X=[-737.5, 745.5] (w=1483.0) Y=[-1096.0, 1066.0] (h=2162.0) UV=[0.032-0.973, 0.006-1.007] n=602
INFO   mdl 'models/девка 1_puppet.mdl': reading 36 bones
INFO     bone[0] '' parent=-1 trans=(453.2, -1061.9, 0.0)
INFO     bone[1] '' parent=0 trans=(19.2, 125.8, 0.0)
INFO     bone[2] '' parent=1 trans=(-50.5, 120.8, 0.0)
INFO     bone[3] '' parent=2 trans=(-36.1, 140.6, 0.0)
INFO     bone[4] '' parent=3 trans=(7.9, 172.4, 0.0)
INFO     bone[5] '' parent=4 trans=(-101.0, 124.4, 0.0)
INFO     bone[6] '' parent=5 trans=(-46.9, 187.5, 0.0)
INFO     bone[7] '' parent=6 trans=(-45.9, 258.8, 0.0)
INFO     bone[8] '' parent=7 trans=(-27.0, 117.2, 0.0)
INFO     bone[9] '' parent=8 trans=(-37.9, 99.2, 0.0)
INFO     bone[10] '' parent=9 trans=(-262.4, 133.7, 0.0)
INFO     bone[11] '' parent=9 trans=(192.6, 37.0, 0.0)
INFO     bone[12] '' parent=10 trans=(-118.0, -288.8, 0.0)
INFO     bone[13] '' parent=12 trans=(-62.5, -130.9, 0.0)
INFO     bone[14] '' parent=13 trans=(-48.8, -105.5, 0.0)
INFO     bone[15] '' parent=14 trans=(192.0, -159.6, 0.0)
INFO     bone[16] '' parent=15 trans=(209.1, -95.7, 0.0)
INFO     bone[17] '' parent=16 trans=(74.2, -228.6, 0.0)
INFO     bone[18] '' parent=9 trans=(10.5, 80.5, 0.0)
INFO     bone[19] '' parent=18 trans=(-40.6, 63.8, 0.0)
INFO     bone[20] '' parent=19 trans=(-18.2, 76.2, 0.0)
INFO     bone[21] '' parent=20 trans=(-22.4, 49.7, 0.0)
INFO     bone[22] '' parent=21 trans=(179.9, -5.7, 0.0)
INFO     bone[23] '' parent=22 trans=(54.7, 132.6, 0.0)
INFO     bone[24] '' parent=23 trans=(44.7, 139.2, 0.0)
INFO     bone[25] '' parent=24 trans=(-130.4, 172.1, 0.0)
INFO     bone[26] '' parent=25 trans=(-115.2, -52.2, 0.0)
INFO     bone[27] '' parent=26 trans=(-31.5, -104.4, 0.0)
INFO     bone[28] '' parent=27 trans=(-91.7, 136.6, 0.0)
INFO     bone[29] '' parent=28 trans=(-72.8, 8.7, 0.0)
INFO     bone[30] '' parent=29 trans=(-79.7, -199.2, 0.0)
INFO     bone[31] '' parent=30 trans=(-81.4, -142.1, 0.0)
INFO     bone[32] '' parent=31 trans=(-114.3, -114.3, 0.0)
INFO     bone[33] '' parent=32 trans=(-123.0, -74.5, 0.0)
INFO     bone[34] '' parent=33 trans=(-91.8, -84.9, 0.0)
INFO     bone[35] '' parent=34 trans=(-31.2, -79.7, 0.0)
INFO   anim[0]: id=391 name='Анимация 1' length=16
INFO mdl: anim 391 declares 16 frame(s) but bone track 0 stores 17 — playback clamps into the stored frames
INFO   anim[1]: id=3106 name='Анимация 2' length=420
INFO mdl: anim 3106 declares 420 frame(s) but bone track 0 stores 421 — playback clamps into the stored frames
INFO read puppet: mdlv: 17, nmdls: 2, mdla: 4, bones: 36, anims: 2
INFO MDL bounds id=24 name='девка 1' x=[-737.5,745.5] y=[-1096.0,1066.0] span=(1483,2162) scene_size=(1575,2160) ratio=(1.06,1.00) attachments=0
INFO shader 'genericimage2' vert(1115) frag(965) geom(0)
INFO TEXHDR 'девка 1' sprite=0 tex=1575x2160 map=1575x2160 mipmap_larger=0 frames=0
INFO   ParseImageObj id=24: finalBlend=1 hasEffect=1 isCompose=0 passthrough=0
INFO POS id=24 name='девка 1' world=(1557.6,1036.5) parent=-1 attach='' local=(1557.6,1036.5) size=(1575,2160) autosize=0 puppet='models/девка 1_puppet.mdl'
INFO shader 'effects/opacity' vert(449) frag(589) geom(0)
INFO TEXHDR 'masks/opacity_mask_5ccb680c' sprite=0 tex=787x1080 map=787x1080 mipmap_larger=0 frames=0
INFO   constValue: 'alpha' -> 'g_UserAlpha' = [1.000000]
INFO   effect[0] 'ui_editor_effect_opacity_title' loaded OK (1 nodes)
INFO shader 'effects/waterwaves' vert(1612) frag(1869) geom(0)
INFO TEXHDR 'masks/waterwaves_mask_aa2f1b8e' sprite=0 tex=787x1080 map=787x1080 mipmap_larger=0 frames=0
INFO   constValue: 'direction' -> 'g_Direction' = [1.464061]
INFO   constValue: 'speed' -> 'g_Speed' = [2.450000]
INFO   constValue: 'perspective' -> 'g_Perspective' = [0.000000]
INFO   constValue: 'scale' -> 'g_Scale' = [0.010000]
INFO   constValue: 'strength' -> 'g_Strength' = [0.070000]
INFO   effect[1] 'ui_editor_effect_water_waves_title' loaded OK (1 nodes)
INFO shader 'effects/waterwaves' vert(1612) frag(1869) geom(0)
INFO TEXHDR 'masks/waterwaves_mask_57b21fbe' sprite=0 tex=787x1080 map=787x1080 mipmap_larger=0 frames=0
INFO   constValue: 'direction' -> 'g_Direction' = [-1.981225]
INFO   constValue: 'speed' -> 'g_Speed' = [7.260000]
INFO   constValue: 'perspective' -> 'g_Perspective' = [0.000000]
INFO   constValue: 'scale' -> 'g_Scale' = [19.090000]
INFO   constValue: 'strength' -> 'g_Strength' = [0.100000]
INFO   effect[2] 'ui_editor_effect_water_waves_title' loaded OK (1 nodes)
INFO shader 'effects/foliagesway' vert(3383) frag(1905) geom(0)
INFO TEXHDR 'masks/foliagesway_mask_df7c6272' sprite=0 tex=787x1080 map=787x1080 mipmap_larger=0 frames=0
INFO   constValue: 'phase' -> 'g_Phase' = [0.500000]
INFO   constValue: 'power' -> 'g_Power' = [1.000000]
INFO   constValue: 'scale' -> 'g_NoiseScale' = [0.000000]
INFO   constValue: 'speeduv' -> 'g_Speed' = [5.720000]
INFO   constValue: 'ratio' -> 'g_Ratio' = [1.480000]
INFO   constValue: 'scrolldirection' -> 'g_Direction' = [2.285888]
INFO   constValue: 'strength' -> 'g_Strength' = [0.400000]
INFO   effect[3] 'ui_editor_effect_foliage_sway_title' loaded OK (1 nodes)
INFO shader 'effects/shake' vert(3268) frag(3007) geom(0)
INFO TEXHDR 'masks/shake_mask_90d0f7af' sprite=0 tex=787x1080 map=787x1080 mipmap_larger=0 frames=0
INFO TEXHDR 'masks/shake_mask_e90950eb' sprite=0 tex=787x1080 map=787x1080 mipmap_larger=0 frames=0
INFO TEXHDR 'masks/shake_mask_20d7f0c4' sprite=0 tex=787x1080 map=787x1080 mipmap_larger=0 frames=0
INFO   constValue: 'bounds' -> 'g_Bounds' = [0.000000,1.000000]
INFO   constValue: 'friction' -> 'g_Friction' = [1.000000,1.000000]
INFO   constValue: 'speed' -> 'g_Speed' = [1.430000]
INFO   constValue: 'strength' -> 'g_Amp' = [0.130000]
INFO   effect[4] 'ui_editor_effect_shake_title' loaded OK (1 nodes)
INFO shader 'effects/waterwaves' vert(1612) frag(1869) geom(0)
INFO TEXHDR 'masks/waterwaves_mask_976468e9' sprite=0 tex=787x1080 map=787x1080 mipmap_larger=0 frames=0
INFO   constValue: 'direction' -> 'g_Direction' = [1.317122]
INFO   constValue: 'speed' -> 'g_Speed' = [1.800000]
INFO   constValue: 'perspective' -> 'g_Perspective' = [0.000000]
INFO   constValue: 'scale' -> 'g_Scale' = [0.010000]
INFO   constValue: 'strength' -> 'g_Strength' = [0.090000]
INFO   effect[5] 'ui_editor_effect_water_waves_title' loaded OK (1 nodes)
INFO shader 'effects/shake' vert(3268) frag(3007) geom(0)
INFO TEXHDR 'masks/shake_mask_aba32d98' sprite=0 tex=787x1080 map=787x1080 mipmap_larger=0 frames=0
INFO   constValue: 'bounds' -> 'g_Bounds' = [0.000000,1.000000]
INFO   constValue: 'friction' -> 'g_Friction' = [1.000000,1.000000]
INFO   constValue: 'speed' -> 'g_Speed' = [2.100000]
INFO   constValue: 'strength' -> 'g_Amp' = [0.080000]
INFO   effect[6] 'ui_editor_effect_shake_title' loaded OK (1 nodes)
INFO shader 'effects/foliagesway' vert(3383) frag(1905) geom(0)
INFO TEXHDR 'masks/foliagesway_mask_b0e3a554' sprite=0 tex=787x1080 map=787x1080 mipmap_larger=0 frames=0
INFO   constValue: 'phase' -> 'g_Phase' = [0.500000]
INFO   constValue: 'power' -> 'g_Power' = [1.000000]
INFO   constValue: 'scale' -> 'g_NoiseScale' = [0.000000]
INFO   constValue: 'speeduv' -> 'g_Speed' = [1.830000]
INFO   constValue: 'ratio' -> 'g_Ratio' = [0.300000]
INFO   constValue: 'scrolldirection' -> 'g_Direction' = [-2.994514]
INFO   constValue: 'strength' -> 'g_Strength' = [0.400000]
INFO   effect[7] 'ui_editor_effect_foliage_sway_title' loaded OK (1 nodes)
INFO shader 'genericimage2' vert(1115) frag(965) geom(0)
INFO puppet layer prepared: 2 scene layers, 2 mdl anims, total_blend=2.00
INFO   scene layer[0]: id=391 blend=1.00 rate=1.00 visible=1 additive=1
INFO   scene layer[1]: id=3106 blend=1.00 rate=2.00 visible=1 additive=1
INFO   effect[8] '' loaded OK (1 nodes)
INFO   ParseImageObj id=24: 9 effects loaded, isCompose=0, isOffscreen=0
INFO   ParseImageObj id=24 completed, added to scene graph
INFO ParseImageObj: id=40 name='нитка' image='models/нитка.json' visible=1 size=(678,636) fullscreen=0 origin=(1287.5,1738.0)
INFO   mdl 'models/нитка_puppet.mdl' vert bounds: X=[-276.0, 291.0] (w=567.0) Y=[-235.0, 273.0] (h=508.0) UV=[0.093-0.929, 0.071-0.869] n=241
INFO   mdl 'models/нитка_puppet.mdl': reading 6 bones
INFO     bone[0] '' parent=-1 trans=(226.2, 218.6, 0.0)
INFO     bone[1] '' parent=0 trans=(-60.8, -89.8, 0.0)
INFO     bone[2] '' parent=1 trans=(-62.3, -110.0, 0.0)
INFO     bone[3] '' parent=2 trans=(-112.9, -84.0, 0.0)
INFO     bone[4] '' parent=3 trans=(-124.5, -60.8, 0.0)
INFO     bone[5] '' parent=4 trans=(-75.3, -56.5, 0.0)
INFO   anim[0]: id=1040 name='Анимация 1' length=16
INFO mdl: anim 1040 declares 16 frame(s) but bone track 0 stores 17 — playback clamps into the stored frames
INFO   anim[1]: id=1877 name='Анимация 2' length=16
INFO mdl: anim 1877 declares 16 frame(s) but bone track 0 stores 17 — playback clamps into the stored frames
INFO read puppet: mdlv: 17, nmdls: 2, mdla: 4, bones: 6, anims: 2
INFO MDL bounds id=40 name='нитка' x=[-276.0,291.0] y=[-235.0,273.0] span=(567,508) scene_size=(678,636) ratio=(1.20,1.25) attachments=0
INFO shader 'genericimage2' vert(1115) frag(965) geom(0)
INFO   ParseImageObj id=40: finalBlend=1 hasEffect=1 isCompose=0 passthrough=0
INFO POS id=40 name='нитка' world=(1287.5,1738.0) parent=-1 attach='' local=(1287.5,1738.0) size=(678,636) autosize=0 puppet='models/нитка_puppet.mdl'
INFO shader 'effects/waterwaves' vert(1612) frag(1869) geom(0)
INFO   constValue: 'direction' -> 'g_Direction' = [-2.214297]
INFO   constValue: 'speed' -> 'g_Speed' = [5.000000]
INFO   constValue: 'perspective' -> 'g_Perspective' = [0.000000]
INFO   constValue: 'scale' -> 'g_Scale' = [3.830000]
INFO   constValue: 'strength' -> 'g_Strength' = [0.320000]
INFO   effect[0] 'ui_editor_effect_water_waves_title' loaded OK (1 nodes)
INFO shader 'genericimage2' vert(1115) frag(965) geom(0)
INFO puppet layer prepared: 1 scene layers, 2 mdl anims, total_blend=1.00
INFO   scene layer[0]: id=1040 blend=1.00 rate=1.00 visible=1 additive=1
INFO   effect[1] '' loaded OK (1 nodes)
INFO   ParseImageObj id=40: 2 effects loaded, isCompose=0, isOffscreen=0
INFO   ParseImageObj id=40 completed, added to scene graph
INFO ParseImageObj: id=1785 name='челка' image='models/челка.json' visible=1 size=(479,609) fullscreen=0 origin=(1698.2,1611.9)
INFO   mdl 'models/челка_puppet.mdl' vert bounds: X=[-152.5, 190.5] (w=343.0) Y=[-234.5, 249.5] (h=484.0) UV=[0.182-0.898, 0.090-0.885] n=203
INFO   mdl 'models/челка_puppet.mdl': reading 3 bones
INFO     bone[0] '' parent=-1 trans=(-7.7, -143.8, 0.0)
INFO     bone[1] '' parent=0 trans=(44.9, 205.6, 0.0)
INFO     bone[2] '' parent=1 trans=(67.3, 136.4, 0.0)
INFO   anim[0]: id=497 name='Анимация 1' length=16
INFO mdl: anim 497 declares 16 frame(s) but bone track 0 stores 17 — playback clamps into the stored frames
INFO   anim[1]: id=3341 name='Анимация 2' length=420
INFO mdl: anim 3341 declares 420 frame(s) but bone track 0 stores 421 — playback clamps into the stored frames
INFO read puppet: mdlv: 17, nmdls: 2, mdla: 4, bones: 3, anims: 2
INFO MDL bounds id=1785 name='челка' x=[-152.5,190.5] y=[-234.5,249.5] span=(343,484) scene_size=(479,609) ratio=(1.40,1.26) attachments=0
INFO shader 'genericimage2' vert(1115) frag(965) geom(0)
INFO TEXHDR 'челка' sprite=0 tex=479x609 map=479x609 mipmap_larger=0 frames=0
INFO   ParseImageObj id=1785: finalBlend=1 hasEffect=1 isCompose=0 passthrough=0
INFO POS id=1785 name='челка' world=(1698.2,1611.9) parent=-1 attach='' local=(1698.2,1611.9) size=(479,609) autosize=0 puppet='models/челка_puppet.mdl'
INFO shader 'effects/waterwaves' vert(1612) frag(1869) geom(0)
INFO TEXHDR 'masks/waterwaves_mask_c5a13948' sprite=0 tex=239x304 map=239x304 mipmap_larger=0 frames=0
INFO   constValue: 'direction' -> 'g_Direction' = [-2.831243]
INFO   constValue: 'speed' -> 'g_Speed' = [6.690000]
INFO   constValue: 'perspective' -> 'g_Perspective' = [0.000000]
INFO   constValue: 'scale' -> 'g_Scale' = [3.830000]
INFO   constValue: 'strength' -> 'g_Strength' = [0.260000]
INFO   effect[0] 'ui_editor_effect_water_waves_title' loaded OK (1 nodes)
INFO shader 'effects/opacity' vert(449) frag(589) geom(0)
INFO TEXHDR 'masks/opacity_mask_cc7e7bfa' sprite=0 tex=239x304 map=239x304 mipmap_larger=0 frames=0
INFO   constValue: 'alpha' -> 'g_UserAlpha' = [1.000000]
INFO   effect[1] 'ui_editor_effect_opacity_title' loaded OK (1 nodes)
INFO shader 'genericimage2' vert(1115) frag(965) geom(0)
INFO puppet layer prepared: 2 scene layers, 2 mdl anims, total_blend=2.00
INFO   scene layer[0]: id=497 blend=1.00 rate=1.00 visible=1 additive=1
INFO   scene layer[1]: id=3341 blend=1.00 rate=2.00 visible=1 additive=1
INFO   effect[2] '' loaded OK (1 nodes)
INFO   ParseImageObj id=1785: 3 effects loaded, isCompose=0, isOffscreen=0
INFO   ParseImageObj id=1785 completed, added to scene graph
INFO ParseImageObj: id=1842 name='нитка' image='models/нитка.json' visible=1 size=(678,636) fullscreen=0 origin=(1795.3,1749.5)
INFO   mdl 'models/нитка_puppet.mdl' vert bounds: X=[-276.0, 291.0] (w=567.0) Y=[-235.0, 273.0] (h=508.0) UV=[0.093-0.929, 0.071-0.869] n=241
INFO   mdl 'models/нитка_puppet.mdl': reading 6 bones
INFO     bone[0] '' parent=-1 trans=(226.2, 218.6, 0.0)
INFO     bone[1] '' parent=0 trans=(-60.8, -89.8, 0.0)
INFO     bone[2] '' parent=1 trans=(-62.3, -110.0, 0.0)
INFO     bone[3] '' parent=2 trans=(-112.9, -84.0, 0.0)
INFO     bone[4] '' parent=3 trans=(-124.5, -60.8, 0.0)
INFO     bone[5] '' parent=4 trans=(-75.3, -56.5, 0.0)
INFO   anim[0]: id=1040 name='Анимация 1' length=16
INFO mdl: anim 1040 declares 16 frame(s) but bone track 0 stores 17 — playback clamps into the stored frames
INFO   anim[1]: id=1877 name='Анимация 2' length=16
INFO mdl: anim 1877 declares 16 frame(s) but bone track 0 stores 17 — playback clamps into the stored frames
INFO read puppet: mdlv: 17, nmdls: 2, mdla: 4, bones: 6, anims: 2
INFO MDL bounds id=1842 name='нитка' x=[-276.0,291.0] y=[-235.0,273.0] span=(567,508) scene_size=(678,636) ratio=(1.20,1.25) attachments=0
INFO shader 'genericimage2' vert(1115) frag(965) geom(0)
INFO   ParseImageObj id=1842: finalBlend=1 hasEffect=1 isCompose=0 passthrough=0
INFO POS id=1842 name='нитка' world=(1795.3,1749.5) parent=-1 attach='' local=(1795.3,1749.5) size=(678,636) autosize=0 puppet='models/нитка_puppet.mdl'
INFO shader 'effects/waterwaves' vert(1612) frag(1869) geom(0)
INFO   constValue: 'direction' -> 'g_Direction' = [-2.214297]
INFO   constValue: 'speed' -> 'g_Speed' = [5.000000]
INFO   constValue: 'perspective' -> 'g_Perspective' = [0.000000]
INFO   constValue: 'scale' -> 'g_Scale' = [3.830000]
INFO   constValue: 'strength' -> 'g_Strength' = [0.320000]
INFO   effect[0] 'ui_editor_effect_water_waves_title' loaded OK (1 nodes)
INFO shader 'effects/tint' vert(492) frag(949) geom(0)
INFO   constValue: 'alpha' -> 'g_BlendAlpha' = [1.000000]
INFO   constValue: 'color' -> 'g_TintColor' = [0.000000,0.000000,0.000000]
INFO   effect[1] 'ui_editor_effect_tint_title' loaded OK (1 nodes)
INFO shader 'genericimage2' vert(1115) frag(965) geom(0)
INFO puppet layer prepared: 1 scene layers, 2 mdl anims, total_blend=1.00
INFO   scene layer[0]: id=1877 blend=1.00 rate=1.00 visible=1 additive=1
INFO   effect[2] '' loaded OK (1 nodes)
INFO   ParseImageObj id=1842: 3 effects loaded, isCompose=0, isOffscreen=0
INFO   ParseImageObj id=1842 completed, added to scene graph
INFO ParseImageObj: id=48 name='челка' image='models/челка.json' visible=1 size=(479,609) fullscreen=0 origin=(1684.8,1640.9)
INFO   mdl 'models/челка_puppet.mdl' vert bounds: X=[-152.5, 190.5] (w=343.0) Y=[-234.5, 249.5] (h=484.0) UV=[0.182-0.898, 0.090-0.885] n=203
INFO   mdl 'models/челка_puppet.mdl': reading 3 bones
INFO     bone[0] '' parent=-1 trans=(-7.7, -143.8, 0.0)
INFO     bone[1] '' parent=0 trans=(44.9, 205.6, 0.0)
INFO     bone[2] '' parent=1 trans=(67.3, 136.4, 0.0)
INFO   anim[0]: id=497 name='Анимация 1' length=16
INFO mdl: anim 497 declares 16 frame(s) but bone track 0 stores 17 — playback clamps into the stored frames
INFO   anim[1]: id=3341 name='Анимация 2' length=420
INFO mdl: anim 3341 declares 420 frame(s) but bone track 0 stores 421 — playback clamps into the stored frames
INFO read puppet: mdlv: 17, nmdls: 2, mdla: 4, bones: 3, anims: 2
INFO MDL bounds id=48 name='челка' x=[-152.5,190.5] y=[-234.5,249.5] span=(343,484) scene_size=(479,609) ratio=(1.40,1.26) attachments=0
INFO shader 'genericimage2' vert(1115) frag(965) geom(0)
INFO   ParseImageObj id=48: finalBlend=1 hasEffect=1 isCompose=0 passthrough=0
INFO POS id=48 name='челка' world=(1684.8,1640.9) parent=-1 attach='' local=(1684.8,1640.9) size=(479,609) autosize=0 puppet='models/челка_puppet.mdl'
INFO shader 'effects/waterwaves' vert(1612) frag(1869) geom(0)
INFO   constValue: 'direction' -> 'g_Direction' = [-2.356194]
INFO   constValue: 'speed' -> 'g_Speed' = [6.690000]
INFO   constValue: 'perspective' -> 'g_Perspective' = [0.000000]
INFO   constValue: 'scale' -> 'g_Scale' = [3.830000]
INFO   constValue: 'strength' -> 'g_Strength' = [0.260000]
INFO   effect[0] 'ui_editor_effect_water_waves_title' loaded OK (1 nodes)
INFO shader 'effects/opacity' vert(449) frag(589) geom(0)
INFO   constValue: 'alpha' -> 'g_UserAlpha' = [1.000000]
INFO   effect[1] 'ui_editor_effect_opacity_title' loaded OK (1 nodes)
INFO shader 'genericimage2' vert(1115) frag(965) geom(0)
INFO puppet layer prepared: 2 scene layers, 2 mdl anims, total_blend=2.00
INFO   scene layer[0]: id=497 blend=1.00 rate=1.00 visible=1 additive=1
INFO   scene layer[1]: id=3341 blend=1.00 rate=2.00 visible=1 additive=1
INFO   effect[2] '' loaded OK (1 nodes)
INFO   ParseImageObj id=48: 3 effects loaded, isCompose=0, isOffscreen=0
INFO   ParseImageObj id=48 completed, added to scene graph
INFO sound 'Звуки природы - Шум дождя (www.hotplayer.ru).mp3': volume=0.310 hasScript=0 mode=loop startsilent=0 files=1
INFO sound layer registered: 'Звуки природы - Шум дождя (www.hotplayer.ru).mp3' (startsilent=0, mode=loop)
INFO sound 'aether-scotland-veela-valentine.mp3': volume=0.430 hasScript=0 mode=loop startsilent=0 files=6
INFO sound layer registered: 'aether-scotland-veela-valentine.mp3' (startsilent=0, mode=loop)
INFO ParseImageObj: id=555 name='Слой регулируемой композиции' image='models/util/composelayer.json' visible=1 size=(512,512) fullscreen=0 origin=(524.1,288.6)
INFO shader 'composelayer' vert(436) frag(310) geom(0)
INFO   ParseImageObj id=555: finalBlend=1 hasEffect=1 isCompose=1 passthrough=0
INFO POS id=555 name='Слой регулируемой композиции' world=(524.1,288.6) parent=-1 attach='' local=(524.1,288.6) size=(512,512) autosize=0 puppet=''
INFO shader 'workshop/2084198056/effects/Simple_Audio_Bars' vert(251) frag(11662) geom(0)
INFO user shader uniform: 'u_BarCount' (alias: 'Bar Count')
INFO user shader uniform: 'u_BarBounds' (alias: 'Lower/Upper Bar Bounds')
INFO user shader uniform: 'u_CircleAngles' (alias: 'Circle Start/End Angles')
INFO user shader uniform: 'u_BarColor' (alias: 'Bar Color')
INFO user shader uniform: 'u_BarOpacity' (alias: 'ui_editor_properties_opacity')
INFO user shader uniform: 'u_BarSpacing' (alias: 'Bar Spacing')
INFO user shader uniform: 'u_AASmoothness' (alias: 'Anti-alias blurring')
INFO audio Switch: loading 'sounds/Звуки природы - Шум дождя (www.hotplayer.ru).mp3' (channels=2, sampleRate=48000)
INFO not found "/assets/sounds/Звуки природы - Шум дождя (www.hotplayer.ru).mp3" in vfs
ERROR WPSoundParser.cpp:178 audio file not found: sounds/Звуки природы - Шум дождя (www.hotplayer.ru).mp3
INFO audio Switch: loading 'sounds/Veela and Irosa Rosali - Going Home (galamp3.com).mp3' (channels=2, sampleRate=48000)
INFO not found "/assets/sounds/Veela and Irosa Rosali - Going Home (galamp3.com).mp3" in vfs
ERROR WPSoundParser.cpp:178 audio file not found: sounds/Veela and Irosa Rosali - Going Home (galamp3.com).mp3
INFO audio Switch: loading 'sounds/Звуки природы - Шум дождя (www.hotplayer.ru).mp3' (channels=2, sampleRate=48000)
INFO not found "/assets/sounds/Звуки природы - Шум дождя (www.hotplayer.ru).mp3" in vfs
ERROR WPSoundParser.cpp:178 audio file not found: sounds/Звуки природы - Шум дождя (www.hotplayer.ru).mp3
INFO audio Switch: loading 'sounds/Veela and Irosa Rosali, Elsie - Closed (galamp3.com).mp3' (channels=2, sampleRate=48000)
INFO not found "/assets/sounds/Veela and Irosa Rosali, Elsie - Closed (galamp3.com).mp3" in vfs
ERROR WPSoundParser.cpp:178 audio file not found: sounds/Veela and Irosa Rosali, Elsie - Closed (galamp3.com).mp3
INFO audio Switch: loading 'sounds/Звуки природы - Шум дождя (www.hotplayer.ru).mp3' (channels=2, sampleRate=48000)
INFO not found "/assets/sounds/Звуки природы - Шум дождя (www.hotplayer.ru).mp3" in vfs
ERROR WPSoundParser.cpp:178 audio file not found: sounds/Звуки природы - Шум дождя (www.hotplayer.ru).mp3
INFO audio Switch: loading 'sounds/Veela and Kooma - Pointless (galamp3.com).mp3' (channels=2, sampleRate=48000)
INFO not found "/assets/sounds/Veela and Kooma - Pointless (galamp3.com).mp3" in vfs
ERROR WPSoundParser.cpp:178 audio file not found: sounds/Veela and Kooma - Pointless (galamp3.com).mp3
INFO audio Switch: loading 'sounds/Звуки природы - Шум дождя (www.hotplayer.ru).mp3' (channels=2, sampleRate=48000)
INFO not found "/assets/sounds/Звуки природы - Шум дождя (www.hotplayer.ru).mp3" in vfs
ERROR WPSoundParser.cpp:178 audio file not found: sounds/Звуки природы - Шум дождя (www.hotplayer.ru).mp3
INFO audio Switch: loading 'sounds/Veela and Kooma - Retrospect (galamp3.com).mp3' (channels=2, sampleRate=48000)
INFO not found "/assets/sounds/Veela and Kooma - Retrospect (galamp3.com).mp3" in vfs
ERROR WPSoundParser.cpp:178 audio file not found: sounds/Veela and Kooma - Retrospect (galamp3.com).mp3
INFO audio Switch: loading 'sounds/Звуки природы - Шум дождя (www.hotplayer.ru).mp3' (channels=2, sampleRate=48000)
INFO not found "/assets/sounds/Звуки природы - Шум дождя (www.hotplayer.ru).mp3" in vfs
ERROR WPSoundParser.cpp:178 audio file not found: sounds/Звуки природы - Шум дождя (www.hotplayer.ru).mp3
INFO audio Switch: loading 'sounds/Kooma & Veela - Oasis (256  kbps).mp3' (channels=2, sampleRate=48000)
INFO not found "/assets/sounds/Kooma & Veela - Oasis (256  kbps).mp3" in vfs
ERROR WPSoundParser.cpp:178 audio file not found: sounds/Kooma & Veela - Oasis (256  kbps).mp3
INFO audio Switch: loading 'sounds/Звуки природы - Шум дождя (www.hotplayer.ru).mp3' (channels=2, sampleRate=48000)
INFO not found "/assets/sounds/Звуки природы - Шум дождя (www.hotplayer.ru).mp3" in vfs
ERROR WPSoundParser.cpp:178 audio file not found: sounds/Звуки природы - Шум дождя (www.hotplayer.ru).mp3
INFO audio Switch: loading 'sounds/aether-scotland-veela-valentine.mp3' (channels=2, sampleRate=48000)
INFO not found "/assets/sounds/aether-scotland-veela-valentine.mp3" in vfs
ERROR WPSoundParser.cpp:178 audio file not found: sounds/aether-scotland-veela-valentine.mp3
INFO audio Switch: loading 'sounds/Звуки природы - Шум дождя (www.hotplayer.ru).mp3' (channels=2, sampleRate=48000)
INFO not found "/assets/sounds/Звуки природы - Шум дождя (www.hotplayer.ru).mp3" in vfs
ERROR WPSoundParser.cpp:178 audio file not found: sounds/Звуки природы - Шум дождя (www.hotplayer.ru).mp3
INFO audio Switch: loading 'sounds/Veela and Irosa Rosali - Going Home (galamp3.com).mp3' (channels=2, sampleRate=48000)
INFO not found "/assets/sounds/Veela and Irosa Rosali - Going Home (galamp3.com).mp3" in vfs
ERROR WPSoundParser.cpp:178 audio file not found: sounds/Veela and Irosa Rosali - Going Home (galamp3.com).mp3
INFO audio Switch: loading 'sounds/Звуки природы - Шум дождя (www.hotplayer.ru).mp3' (channels=2, sampleRate=48000)
INFO not found "/assets/sounds/Звуки природы - Шум дождя (www.hotplayer.ru).mp3" in vfs
ERROR WPSoundParser.cpp:178 audio file not found: sounds/Звуки природы - Шум дождя (www.hotplayer.ru).mp3
INFO audio Switch: loading 'sounds/Veela and Irosa Rosali, Elsie - Closed (galamp3.com).mp3' (channels=2, sampleRate=48000)
INFO not found "/assets/sounds/Veela and Irosa Rosali, Elsie - Closed (galamp3.com).mp3" in vfs
ERROR WPSoundParser.cpp:178 audio file not found: sounds/Veela and Irosa Rosali, Elsie - Closed (galamp3.com).mp3
INFO audio Switch: loading 'sounds/Звуки природы - Шум дождя (www.hotplayer.ru).mp3' (channels=2, sampleRate=48000)
INFO not found "/assets/sounds/Звуки природы - Шум дождя (www.hotplayer.ru).mp3" in vfs
ERROR WPSoundParser.cpp:178 audio file not found: sounds/Звуки природы - Шум дождя (www.hotplayer.ru).mp3
INFO audio Switch: loading 'sounds/Veela and Kooma - Pointless (galamp3.com).mp3' (channels=2, sampleRate=48000)
INFO not found "/assets/sounds/Veela and Kooma - Pointless (galamp3.com).mp3" in vfs
ERROR WPSoundParser.cpp:178 audio file not found: sounds/Veela and Kooma - Pointless (galamp3.com).mp3
INFO audio Switch: loading 'sounds/Звуки природы - Шум дождя (www.hotplayer.ru).mp3' (channels=2, sampleRate=48000)
INFO not found "/assets/sounds/Звуки природы - Шум дождя (www.hotplayer.ru).mp3" in vfs
ERROR WPSoundParser.cpp:178 audio file not found: sounds/Звуки природы - Шум дождя (www.hotplayer.ru).mp3
INFO audio Switch: loading 'sounds/Veela and Kooma - Retrospect (galamp3.com).mp3' (channels=2, sampleRate=48000)
INFO not found "/assets/sounds/Veela and Kooma - Retrospect (galamp3.com).mp3" in vfs
ERROR WPSoundParser.cpp:178 audio file not found: sounds/Veela and Kooma - Retrospect (galamp3.com).mp3
INFO audio Switch: loading 'sounds/Звуки природы - Шум дождя (www.hotplayer.ru).mp3' (channels=2, sampleRate=48000)
INFO not found "/assets/sounds/Звуки природы - Шум дождя (www.hotplayer.ru).mp3" in vfs
ERROR WPSoundParser.cpp:178 audio file not found: sounds/Звуки природы - Шум дождя (www.hotplayer.ru).mp3
INFO audio Switch: loading 'sounds/Kooma & Veela - Oasis (256  kbps).mp3' (channels=2, sampleRate=48000)
INFO not found "/assets/sounds/Kooma & Veela - Oasis (256  kbps).mp3" in vfs
ERROR WPSoundParser.cpp:178 audio file not found: sounds/Kooma & Veela - Oasis (256  kbps).mp3
INFO audio Switch: loading 'sounds/Звуки природы - Шум дождя (www.hotplayer.ru).mp3' (channels=2, sampleRate=48000)
INFO not found "/assets/sounds/Звуки природы - Шум дождя (www.hotplayer.ru).mp3" in vfs
ERROR WPSoundParser.cpp:178 audio file not found: sounds/Звуки природы - Шум дождя (www.hotplayer.ru).mp3
INFO audio Switch: loading 'sounds/aether-scotland-veela-valentine.mp3' (channels=2, sampleRate=48000)
INFO not found "/assets/sounds/aether-scotland-veela-valentine.mp3" in vfs
ERROR WPSoundParser.cpp:178 audio file not found: sounds/aether-scotland-veela-valentine.mp3
INFO audio Switch: loading 'sounds/Звуки природы - Шум дождя (www.hotplayer.ru).mp3' (channels=2, sampleRate=48000)
INFO not found "/assets/sounds/Звуки природы - Шум дождя (www.hotplayer.ru).mp3" in vfs
ERROR WPSoundParser.cpp:178 audio file not found: sounds/Звуки природы - Шум дождя (www.hotplayer.ru).mp3
INFO audio Switch: loading 'sounds/Veela and Irosa Rosali - Going Home (galamp3.com).mp3' (channels=2, sampleRate=48000)
INFO not found "/assets/sounds/Veela and Irosa Rosali - Going Home (galamp3.com).mp3" in vfs
ERROR WPSoundParser.cpp:178 audio file not found: sounds/Veela and Irosa Rosali - Going Home (galamp3.com).mp3
INFO   constValue: 'Bar Color' -> 'u_BarColor' = [0.192157,0.192157,0.192157]
INFO   constValue: 'Bar Spacing' -> 'u_BarSpacing' = [0.100000]
INFO   constValue: 'ui_editor_properties_opacity' -> 'u_BarOpacity' = [1.000000]
INFO   constValue: 'Bar Count' -> 'u_BarCount' = [32.000000]
INFO   constValue: 'Lower/Upper Bar Bounds' -> 'u_BarBounds' = [0.000000,1.000000]
INFO   effect[0] 'Simple Audio Bars' loaded OK (1 nodes)
INFO   ParseImageObj id=555: 1 effects loaded, isCompose=1, isOffscreen=0
INFO   ParseImageObj id=555 completed, added to scene graph
INFO Shader compilation: 26 unique shaders in 18250 ms
INFO Audio analyzer connected to shader value updater
INFO Wrote 1 active bindings to /data/local/tmp/we/cache/config/wekde/wallpaper/scene_bindings.json
INFO loadScene: 2 sound layers for SceneScript API
INFO loadScene: 19 named layers for thisScene.getLayer()
INFO HDR content: disabled (scene_hdr=0, host_hdr=0)
INFO root child[0]: id=-1 mesh=no
INFO root child[1]: id=-1 mesh=no
INFO root child[2]: id=-1 mesh=no
INFO root child[3]: id=1291 mesh=yes
INFO root child[4]: id=18 mesh=yes
INFO root child[5]: id=348 mesh=yes
INFO root child[6]: id=3000 mesh=yes
INFO root child[7]: id=830 mesh=yes
INFO root child[8]: id=1005 mesh=yes
INFO root child[9]: id=293 mesh=yes
INFO root child[10]: id=314 mesh=yes
INFO root child[11]: id=983 mesh=yes
INFO root child[12]: id=299 mesh=yes
INFO root child[13]: id=286 mesh=yes
INFO root child[14]: id=1041 mesh=yes
INFO root child[15]: id=22527 mesh=yes
INFO root child[16]: id=22489 mesh=yes
INFO root child[17]: id=176 mesh=yes
INFO root child[18]: id=957 mesh=yes
INFO root child[19]: id=976 mesh=yes
INFO root child[20]: id=36 mesh=yes
INFO root child[21]: id=1115 mesh=yes
INFO root child[22]: id=509 mesh=yes
INFO root child[23]: id=775 mesh=yes
INFO root child[24]: id=28 mesh=yes
INFO root child[25]: id=1616 mesh=yes
INFO root child[26]: id=44 mesh=yes
INFO root child[27]: id=1263 mesh=yes
INFO root child[28]: id=126 mesh=yes
INFO root child[29]: id=32 mesh=yes
INFO root child[30]: id=24 mesh=yes
INFO root child[31]: id=40 mesh=yes
INFO root child[32]: id=1785 mesh=yes
INFO root child[33]: id=1842 mesh=yes
INFO root child[34]: id=48 mesh=yes
INFO root child[35]: id=555 mesh=yes
INFO ResolveEffect final: output='_rt_default' blend=1 (actual=1) passthrough=0 inherit_parent=0 offscreen=0 translate=(1920.0,1080.0,0.0) worldNode_id=1005 world=(1920.000,1080.000,0.000) world_scale=1.0000
INFO   id=1005 eff[0].0: out='_rt__rt_QuarterCompoBuffer1_139024598708200' cam='effect' blend=3 texs=[_rt_effect_pingpong_a_139026209320240]
INFO   id=1005 eff[0].1: out='_rt__rt_QuarterCompoBuffer2_139024598708200' cam='effect' blend=3 texs=[_rt__rt_QuarterCompoBuffer1_139024598708200]
INFO   id=1005 eff[0].2: out='_rt__rt_QuarterCompoBuffer1_139024598708200' cam='effect' blend=3 texs=[_rt__rt_QuarterCompoBuffer2_139024598708200]
INFO   id=1005 eff[0].3: out='_rt_default' cam='' blend=1 texs=[_rt__rt_QuarterCompoBuffer1_139024598708200, (empty), _rt_effect_pingpong_a_139026209320240]
INFO ResolveEffect final: output='_rt_default' blend=1 (actual=1) passthrough=0 inherit_parent=0 offscreen=0 translate=(3966.1,733.5,0.0) worldNode_id=176 world=(3966.150,733.458,0.000) world_scale=4.1354
INFO   id=176 eff[0].0: out='_rt_effect_pingpong_b_139026209327856' cam='effect' blend=3 texs=[_rt_effect_pingpong_a_139026209327856, (empty), util/noise]
INFO   id=176 eff[1].0: out='_rt_default' cam='' blend=1 texs=[_rt_effect_pingpong_b_139026209327856]
INFO ResolveEffect final: output='_rt_default' blend=1 (actual=1) passthrough=0 inherit_parent=0 offscreen=0 translate=(608.7,1801.6,0.0) worldNode_id=957 world=(608.674,1801.570,0.000) world_scale=2.6509
INFO   id=957 eff[0].0: out='_rt_effect_pingpong_b_139026209331440' cam='effect' blend=3 texs=[_rt_effect_pingpong_a_139026209331440, (empty), util/noise]
INFO   id=957 eff[1].0: out='_rt_default' cam='' blend=1 texs=[_rt_effect_pingpong_b_139026209331440]
INFO ResolveEffect final: output='_rt_default' blend=1 (actual=1) passthrough=0 inherit_parent=0 offscreen=0 translate=(3653.7,1077.1,0.0) worldNode_id=976 world=(3653.651,1077.088,0.000) world_scale=1.1295
INFO   id=976 eff[0].0: out='_rt_effect_pingpong_b_139026209328752' cam='effect' blend=3 texs=[_rt_effect_pingpong_a_139026209328752, (empty), util/noise]
INFO   id=976 eff[1].0: out='_rt_default' cam='' blend=1 texs=[_rt_effect_pingpong_b_139026209328752]
INFO ResolveEffect final: output='_rt_default' blend=1 (actual=1) passthrough=0 inherit_parent=0 offscreen=0 translate=(1920.0,1080.0,0.0) worldNode_id=36 world=(1920.000,1080.000,0.000) world_scale=2.2278
INFO   id=36 eff[0].0: out='_rt_default' cam='' blend=1 texs=[_rt_effect_pingpong_a_139026209336368, masks/foliagesway_mask_92185f47, util/noise]
INFO ResolveEffect final: output='_rt_default' blend=1 (actual=1) passthrough=0 inherit_parent=0 offscreen=0 translate=(2175.2,1446.3,0.0) worldNode_id=775 world=(2175.159,1446.348,0.000) world_scale=0.5787
INFO   id=775 eff[0].0: out='_rt_effect_pingpong_b_139026209342192' cam='effect' blend=3 texs=[_rt_effect_pingpong_a_139026209342192, masks/waterwaves_mask_803c2518, util/black]
INFO   id=775 eff[1].0: out='_rt_default' cam='' blend=1 texs=[_rt_effect_pingpong_b_139026209342192, (empty), (empty)]
INFO ResolveEffect final: output='_rt_default' blend=1 (actual=1) passthrough=0 inherit_parent=0 offscreen=0 translate=(2574.5,860.3,0.0) worldNode_id=28 world=(2574.500,860.273,0.000) world_scale=1.0000
INFO   id=28 eff[0].0: out='_rt_effect_pingpong_b_139026209343984' cam='effect' blend=3 texs=[_rt_effect_pingpong_a_139026209343984, masks/waterwaves_mask_0afc93e4, util/black]
INFO   id=28 eff[1].0: out='_rt_effect_pingpong_a_139026209343984' cam='effect' blend=3 texs=[_rt_effect_pingpong_b_139026209343984, masks/waterwaves_mask_f37a1950, util/black]
INFO   id=28 eff[2].0: out='_rt_effect_pingpong_b_139026209343984' cam='effect' blend=3 texs=[_rt_effect_pingpong_a_139026209343984, masks/shake_mask_1007a06f, util/white]
INFO   id=28 eff[3].0: out='_rt_effect_pingpong_a_139026209343984' cam='effect' blend=3 texs=[_rt_effect_pingpong_b_139026209343984, masks/waterflow_mask_499e456d, effects/waterflowphase]
INFO   id=28 eff[4].0: out='_rt_default' cam='' blend=1 texs=[_rt_effect_pingpong_a_139026209343984, (empty), (empty)]
INFO ResolveEffect final: output='_rt_default' blend=1 (actual=1) passthrough=0 inherit_parent=0 offscreen=0 translate=(1445.5,1700.6,0.0) worldNode_id=1616 world=(1445.548,1700.555,0.000) world_scale=0.5110
INFO   id=1616 eff[0].0: out='_rt_effect_pingpong_b_139026209344432' cam='effect' blend=3 texs=[_rt_effect_pingpong_a_139026209344432, masks/waterwaves_mask_803c2518, util/black]
INFO   id=1616 eff[1].0: out='_rt_default' cam='' blend=1 texs=[_rt_effect_pingpong_b_139026209344432, (empty), (empty)]
INFO ResolveEffect final: output='_rt_default' blend=1 (actual=1) passthrough=0 inherit_parent=0 offscreen=0 translate=(1855.9,1657.0,0.0) worldNode_id=44 world=(1855.944,1656.995,0.000) world_scale=1.1088
INFO   id=44 eff[0].0: out='_rt_effect_pingpong_b_139026209343536' cam='effect' blend=3 texs=[_rt_effect_pingpong_a_139026209343536, masks/waterwaves_mask_728de645, util/black]
INFO   id=44 eff[1].0: out='_rt_default' cam='' blend=1 texs=[_rt_effect_pingpong_b_139026209343536, (empty), (empty)]
INFO ResolveEffect final: output='_rt_default' blend=1 (actual=1) passthrough=0 inherit_parent=0 offscreen=0 translate=(1257.3,1657.0,0.0) worldNode_id=1263 world=(1257.265,1657.018,0.000) world_scale=0.7473
INFO   id=1263 eff[0].0: out='_rt_effect_pingpong_b_139026209332336' cam='effect' blend=3 texs=[_rt_effect_pingpong_a_139026209332336, masks/waterwaves_mask_9fdadc16, util/black]
INFO   id=1263 eff[1].0: out='_rt_default' cam='' blend=1 texs=[_rt_effect_pingpong_b_139026209332336, (empty), (empty)]
INFO ResolveEffect final: output='_rt_default' blend=1 (actual=1) passthrough=0 inherit_parent=0 offscreen=0 translate=(1418.4,1638.6,0.0) worldNode_id=126 world=(1418.445,1638.584,0.000) world_scale=1.0000
INFO   id=126 eff[0].0: out='_rt_effect_pingpong_b_139026209335472' cam='effect' blend=3 texs=[_rt_effect_pingpong_a_139026209335472, masks/waterwaves_mask_803c2518, util/black]
INFO   id=126 eff[1].0: out='_rt_default' cam='' blend=1 texs=[_rt_effect_pingpong_b_139026209335472, (empty), (empty)]
INFO ResolveEffect final: output='_rt_default' blend=1 (actual=1) passthrough=0 inherit_parent=0 offscreen=0 translate=(1312.7,1563.4,0.0) worldNode_id=32 world=(1312.746,1563.441,0.000) world_scale=1.0000
INFO   id=32 eff[0].0: out='_rt_effect_pingpong_b_139026209324272' cam='effect' blend=3 texs=[_rt_effect_pingpong_a_139026209324272, masks/waterwaves_mask_9fdadc16, util/black]
INFO   id=32 eff[1].0: out='_rt_default' cam='' blend=1 texs=[_rt_effect_pingpong_b_139026209324272, (empty), (empty)]
INFO ResolveEffect final: output='_rt_default' blend=1 (actual=1) passthrough=0 inherit_parent=0 offscreen=0 translate=(1557.6,1036.5,0.0) worldNode_id=24 world=(1557.599,1036.546,0.000) world_scale=1.0000
INFO   id=24 eff[0].0: out='_rt_effect_pingpong_b_139026209369968' cam='effect' blend=3 texs=[_rt_effect_pingpong_a_139026209369968, masks/opacity_mask_5ccb680c]
INFO   id=24 eff[1].0: out='_rt_effect_pingpong_a_139026209369968' cam='effect' blend=3 texs=[_rt_effect_pingpong_b_139026209369968, masks/waterwaves_mask_aa2f1b8e, util/black]
INFO   id=24 eff[2].0: out='_rt_effect_pingpong_b_139026209369968' cam='effect' blend=3 texs=[_rt_effect_pingpong_a_139026209369968, masks/waterwaves_mask_57b21fbe, util/black]
INFO   id=24 eff[3].0: out='_rt_effect_pingpong_a_139026209369968' cam='effect' blend=3 texs=[_rt_effect_pingpong_b_139026209369968, masks/foliagesway_mask_df7c6272, util/noise]
INFO   id=24 eff[4].0: out='_rt_effect_pingpong_b_139026209369968' cam='effect' blend=3 texs=[_rt_effect_pingpong_a_139026209369968, masks/shake_mask_90d0f7af, masks/shake_mask_e90950eb, masks/shake_mask_20d7f0c4]
INFO   id=24 eff[5].0: out='_rt_effect_pingpong_a_139026209369968' cam='effect' blend=3 texs=[_rt_effect_pingpong_b_139026209369968, masks/waterwaves_mask_976468e9, util/black]
INFO   id=24 eff[6].0: out='_rt_effect_pingpong_b_139026209369968' cam='effect' blend=3 texs=[_rt_effect_pingpong_a_139026209369968, masks/shake_mask_aba32d98, util/white]
INFO   id=24 eff[7].0: out='_rt_effect_pingpong_a_139026209369968' cam='effect' blend=3 texs=[_rt_effect_pingpong_b_139026209369968, masks/foliagesway_mask_b0e3a554, util/noise]
INFO   id=24 eff[8].0: out='_rt_default' cam='' blend=1 texs=[_rt_effect_pingpong_a_139026209369968, (empty), (empty)]
INFO ResolveEffect final: output='_rt_default' blend=1 (actual=1) passthrough=0 inherit_parent=0 offscreen=0 translate=(1287.5,1738.0,0.0) worldNode_id=40 world=(1287.545,1738.038,0.000) world_scale=1.0000
INFO   id=40 eff[0].0: out='_rt_effect_pingpong_b_139026209363248' cam='effect' blend=3 texs=[_rt_effect_pingpong_a_139026209363248, masks/waterwaves_mask_803c2518, util/black]
INFO   id=40 eff[1].0: out='_rt_default' cam='' blend=1 texs=[_rt_effect_pingpong_b_139026209363248, (empty), (empty)]
INFO ResolveEffect final: output='_rt_default' blend=1 (actual=1) passthrough=0 inherit_parent=0 offscreen=0 translate=(1698.2,1611.9,0.0) worldNode_id=1785 world=(1698.188,1611.886,0.000) world_scale=0.6615
INFO   id=1785 eff[0].0: out='_rt_effect_pingpong_b_139026209366384' cam='effect' blend=3 texs=[_rt_effect_pingpong_a_139026209366384, masks/waterwaves_mask_c5a13948, util/black]
INFO   id=1785 eff[1].0: out='_rt_effect_pingpong_a_139026209366384' cam='effect' blend=3 texs=[_rt_effect_pingpong_b_139026209366384, masks/opacity_mask_cc7e7bfa]
INFO   id=1785 eff[2].0: out='_rt_default' cam='' blend=1 texs=[_rt_effect_pingpong_a_139026209366384, (empty), (empty)]
INFO ResolveEffect final: output='_rt_default' blend=1 (actual=1) passthrough=0 inherit_parent=0 offscreen=0 translate=(1795.3,1749.5,0.0) worldNode_id=1842 world=(1795.292,1749.450,0.000) world_scale=0.2587
INFO   id=1842 eff[0].0: out='_rt_effect_pingpong_b_139026209367728' cam='effect' blend=3 texs=[_rt_effect_pingpong_a_139026209367728, masks/waterwaves_mask_803c2518, util/black]
INFO   id=1842 eff[1].0: out='_rt_effect_pingpong_a_139026209367728' cam='effect' blend=3 texs=[_rt_effect_pingpong_b_139026209367728]
INFO   id=1842 eff[2].0: out='_rt_default' cam='' blend=1 texs=[_rt_effect_pingpong_a_139026209367728, (empty), (empty)]
INFO ResolveEffect final: output='_rt_default' blend=1 (actual=1) passthrough=0 inherit_parent=0 offscreen=0 translate=(1684.8,1640.9,0.0) worldNode_id=48 world=(1684.824,1640.900,0.000) world_scale=1.0000
INFO   id=48 eff[0].0: out='_rt_effect_pingpong_b_139026209354736' cam='effect' blend=3 texs=[_rt_effect_pingpong_a_139026209354736, masks/waterwaves_mask_c5a13948, util/black]
INFO   id=48 eff[1].0: out='_rt_effect_pingpong_a_139026209354736' cam='effect' blend=3 texs=[_rt_effect_pingpong_b_139026209354736, masks/opacity_mask_cc7e7bfa]
INFO   id=48 eff[2].0: out='_rt_default' cam='' blend=1 texs=[_rt_effect_pingpong_a_139026209354736, (empty), (empty)]
INFO ResolveEffect final: output='_rt_default' blend=1 (actual=1) passthrough=0 inherit_parent=0 offscreen=0 translate=(524.1,288.6,0.0) worldNode_id=555 world=(524.091,288.572,0.000) world_scale=2.1579
INFO   id=555 eff[0].0: out='_rt_default' cam='' blend=1 texs=[_rt_effect_pingpong_a_139026209352944]
INFO resolving 0 link textures, id_link_map has 34 entries
INFO   id_link_map[18] = '_rt_default'
INFO   id_link_map[24] = '_rt_default'
INFO   id_link_map[28] = '_rt_default'
INFO   id_link_map[32] = '_rt_default'
INFO   id_link_map[36] = '_rt_default'
INFO   id_link_map[40] = '_rt_default'
INFO   id_link_map[44] = '_rt_default'
INFO   id_link_map[48] = '_rt_default'
INFO   id_link_map[126] = '_rt_default'
INFO   id_link_map[176] = '_rt_default'
INFO   id_link_map[286] = '_rt_default'
INFO   id_link_map[293] = '_rt_default'
INFO   id_link_map[299] = '_rt_default'
INFO   id_link_map[314] = '_rt_default'
INFO   id_link_map[348] = '_rt_default'
INFO   id_link_map[509] = '_rt_default'
INFO   id_link_map[555] = '_rt_default'
INFO   id_link_map[775] = '_rt_default'
INFO   id_link_map[830] = '_rt_default'
INFO   id_link_map[957] = '_rt_default'
INFO   id_link_map[976] = '_rt_default'
INFO   id_link_map[983] = '_rt_default'
INFO   id_link_map[1005] = '_rt_default'
INFO   id_link_map[1041] = '_rt_default'
INFO   id_link_map[1115] = '_rt_default'
INFO   id_link_map[1263] = '_rt_default'
INFO   id_link_map[1291] = '_rt_default'
INFO   id_link_map[1616] = '_rt_default'
INFO   id_link_map[1785] = '_rt_default'
INFO   id_link_map[1842] = '_rt_default'
INFO   id_link_map[3000] = '_rt_default'
INFO   id_link_map[22489] = '_rt_default'
INFO   id_link_map[22527] = '_rt_default'
INFO   id_link_map[18446744073709551615] = '_rt_default'
INFO tex 'particle/fog/fog1': 128x128 fmt=RGBA8 sprite=0 count=1
INFO tex 'particle/капля': 121x144 fmt=RGBA8 sprite=0 count=1
INFO tex 'particle/drop': 32x128 fmt=RGBA8 sprite=0 count=1
INFO tex 'workshop/2511104820/particle/birdspritesheet1': 516x516 fmt=RGBA8 sprite=1 count=1
INFO tex 'presets/fern1': 300x512 fmt=BC3 sprite=0 count=1
INFO tex 'masks/foliagesway_mask_b0e3a554': 787x1080 fmt=R8 sprite=0 count=1
INFO tex 'masks/shake_mask_aba32d98': 787x1080 fmt=RG8 sprite=0 count=1
INFO tex 'masks/waterwaves_mask_976468e9': 787x1080 fmt=R8 sprite=0 count=1
INFO tex 'masks/shake_mask_e90950eb': 787x1080 fmt=R8 sprite=0 count=1
INFO tex 'GUWEIZ-artist-art-девушка-art-6085703мин': 1920x1080 fmt=RGBA8 sprite=0 count=1
INFO tex 'util/noise': 256x256 fmt=RGBA8 sprite=0 count=1
INFO tex 'masks/foliagesway_mask_92185f47': 960x540 fmt=R8 sprite=0 count=1
INFO tex 'particle/normal_pinch_rotate': 64x64 fmt=RGBA8 sprite=0 count=1
INFO tex 'нитка': 678x636 fmt=RGBA8 sprite=0 count=1
INFO tex 'девка 2': 1279x1761 fmt=RGBA8 sprite=0 count=1
INFO tex 'masks/opacity_mask_cc7e7bfa': 239x304 fmt=R8 sprite=0 count=1
INFO tex 'masks/waterwaves_mask_c5a13948': 239x304 fmt=R8 sprite=0 count=1
INFO tex 'masks/shake_mask_20d7f0c4': 787x1080 fmt=R8 sprite=0 count=1
INFO tex 'masks/waterwaves_mask_57b21fbe': 787x1080 fmt=R8 sprite=0 count=1
INFO tex 'челка зад': 429x661 fmt=RGBA8 sprite=0 count=1
INFO tex 'коса': 847x1080 fmt=RGBA8 sprite=0 count=1
INFO tex 'effects/waterflowphase': 32x32 fmt=RGBA8 sprite=0 count=1
INFO tex 'util/black': 4x4 fmt=RGBA8 sprite=0 count=1
INFO tex 'masks/waterwaves_mask_9fdadc16': 423x540 fmt=R8 sprite=0 count=1
INFO tex 'masks/opacity_mask_5ccb680c': 787x1080 fmt=R8 sprite=0 count=1
INFO tex 'masks/waterwaves_mask_aa2f1b8e': 787x1080 fmt=R8 sprite=0 count=1
INFO tex 'particle/chromaticdot': 64x64 fmt=RGBA8 sprite=0 count=1
INFO tex 'masks/foliagesway_mask_df7c6272': 787x1080 fmt=R8 sprite=0 count=1
INFO tex 'masks/waterflow_mask_499e456d': 639x880 fmt=RG8 sprite=0 count=1
INFO tex 'кусты': 1920x1080 fmt=RGBA8 sprite=0 count=1
INFO tex 'particle/debris/debris1': 64x64 fmt=RGBA8 sprite=0 count=1
INFO tex 'masks/waterwaves_mask_728de645': 214x330 fmt=R8 sprite=0 count=1
INFO audio Switch: loading 'sounds/Звуки природы - Шум дождя (www.hotplayer.ru).mp3' (channels=2, sampleRate=48000)
INFO not found "/assets/sounds/Звуки природы - Шум дождя (www.hotplayer.ru).mp3" in vfs
ERROR WPSoundParser.cpp:178 audio file not found: sounds/Звуки природы - Шум дождя (www.hotplayer.ru).mp3
INFO audio Switch: loading 'sounds/Veela and Irosa Rosali, Elsie - Closed (galamp3.com).mp3' (channels=2, sampleRate=48000)
INFO not found "/assets/sounds/Veela and Irosa Rosali, Elsie - Closed (galamp3.com).mp3" in vfs
ERROR WPSoundParser.cpp:178 audio file not found: sounds/Veela and Irosa Rosali, Elsie - Closed (galamp3.com).mp3
INFO tex 'masks/waterwaves_mask_0afc93e4': 639x880 fmt=R8 sprite=0 count=1
INFO tex 'particle/nature/rain1': 256x512 fmt=RGBA8 sprite=0 count=1
INFO tex 'masks/shake_mask_90d0f7af': 787x1080 fmt=RG8 sprite=0 count=1
INFO tex 'masks/shake_mask_1007a06f': 639x880 fmt=RG8 sprite=0 count=1
INFO tex 'девка 1': 1575x2160 fmt=RGBA8 sprite=0 count=1
INFO tex 'челка': 479x609 fmt=RGBA8 sprite=0 count=1
INFO tex 'masks/waterwaves_mask_f37a1950': 639x880 fmt=R8 sprite=0 count=1
INFO tex 'masks/waterwaves_mask_803c2518': 339x318 fmt=R8 sprite=0 count=1
INFO tex 'util/white': 4x4 fmt=RGBA8 sprite=0 count=1
INFO audio Switch: loading 'sounds/Звуки природы - Шум дождя (www.hotplayer.ru).mp3' (channels=2, sampleRate=48000)
INFO not found "/assets/sounds/Звуки природы - Шум дождя (www.hotplayer.ru).mp3" in vfs
ERROR WPSoundParser.cpp:178 audio file not found: sounds/Звуки природы - Шум дождя (www.hotplayer.ru).mp3
INFO audio Switch: loading 'sounds/Veela and Kooma - Pointless (galamp3.com).mp3' (channels=2, sampleRate=48000)
INFO not found "/assets/sounds/Veela and Kooma - Pointless (galamp3.com).mp3" in vfs
ERROR WPSoundParser.cpp:178 audio file not found: sounds/Veela and Kooma - Pointless (galamp3.com).mp3
INFO PREPASS clear target '_rt_default' img=0x7e710fd44e90 clear=(0.70,0.70,0.70)
INFO CSP_PREPARE: shader='genericimage2' vertCount=1
INFO CSP_PREPARE loadOp for '_rt_effect_pingpong_a_139026209354736': CLEAR (force=0 already_cleared=0)
INFO pipeline: shader='genericimage2' out='_rt_effect_pingpong_a_139026209354736' node_id=48 draw=4 indexed=0 depthTest=0 depthWrite=0 cull=nocull blend=1
INFO CSP_PREPARE: shader='genericimage2' vertCount=1
INFO CSP_PREPARE loadOp for '_rt_effect_pingpong_a_139026209366384': CLEAR (force=0 already_cleared=0)
INFO pipeline: shader='genericimage2' out='_rt_effect_pingpong_a_139026209366384' node_id=1785 draw=4 indexed=0 depthTest=0 depthWrite=0 cull=nocull blend=1
INFO CSP_PREPARE: shader='genericimage2' vertCount=1
INFO audio Switch: loading 'sounds/Звуки природы - Шум дождя (www.hotplayer.ru).mp3' (channels=2, sampleRate=48000)
INFO not found "/assets/sounds/Звуки природы - Шум дождя (www.hotplayer.ru).mp3" in vfs
ERROR WPSoundParser.cpp:178 audio file not found: sounds/Звуки природы - Шум дождя (www.hotplayer.ru).mp3
INFO audio Switch: loading 'sounds/Veela and Kooma - Retrospect (galamp3.com).mp3' (channels=2, sampleRate=48000)
INFO not found "/assets/sounds/Veela and Kooma - Retrospect (galamp3.com).mp3" in vfs
ERROR WPSoundParser.cpp:178 audio file not found: sounds/Veela and Kooma - Retrospect (galamp3.com).mp3
INFO CSP_PREPARE loadOp for '_rt_effect_pingpong_a_139026209369968': CLEAR (force=0 already_cleared=0)
INFO pipeline: shader='genericimage2' out='_rt_effect_pingpong_a_139026209369968' node_id=24 draw=4 indexed=0 depthTest=0 depthWrite=0 cull=nocull blend=1
INFO CSP_PREPARE: shader='effects/opacity' vertCount=1
INFO CSP_PREPARE loadOp for '_rt_effect_pingpong_b_139026209369968': CLEAR (force=0 already_cleared=0)
INFO pipeline: shader='effects/opacity' out='_rt_effect_pingpong_b_139026209369968' node_id=-1 draw=4 indexed=0 depthTest=0 depthWrite=0 cull=nocull blend=3
INFO CSP_PREPARE: shader='genericimage2' vertCount=1
INFO audio Switch: loading 'sounds/Звуки природы - Шум дождя (www.hotplayer.ru).mp3' (channels=2, sampleRate=48000)
INFO not found "/assets/sounds/Звуки природы - Шум дождя (www.hotplayer.ru).mp3" in vfs
ERROR WPSoundParser.cpp:178 audio file not found: sounds/Звуки природы - Шум дождя (www.hotplayer.ru).mp3
INFO audio Switch: loading 'sounds/Kooma & Veela - Oasis (256  kbps).mp3' (channels=2, sampleRate=48000)
INFO not found "/assets/sounds/Kooma & Veela - Oasis (256  kbps).mp3" in vfs
ERROR WPSoundParser.cpp:178 audio file not found: sounds/Kooma & Veela - Oasis (256  kbps).mp3
INFO CSP_PREPARE loadOp for '_rt_effect_pingpong_a_139026209324272': CLEAR (force=0 already_cleared=0)
INFO pipeline: shader='genericimage2' out='_rt_effect_pingpong_a_139026209324272' node_id=32 draw=4 indexed=0 depthTest=0 depthWrite=0 cull=nocull blend=1
INFO CSP_PREPARE: shader='genericimage2' vertCount=1
INFO CSP_PREPARE loadOp for '_rt_effect_pingpong_a_139026209332336': CLEAR (force=0 already_cleared=0)
INFO pipeline: shader='genericimage2' out='_rt_effect_pingpong_a_139026209332336' node_id=1263 draw=4 indexed=0 depthTest=0 depthWrite=0 cull=nocull blend=1
INFO CSP_PREPARE: shader='genericimage2' vertCount=1
INFO CSP_PREPARE loadOp for '_rt_effect_pingpong_a_139026209343536': CLEAR (force=0 already_cleared=0)
INFO pipeline: shader='genericimage2' out='_rt_effect_pingpong_a_139026209343536' node_id=44 draw=4 indexed=0 depthTest=0 depthWrite=0 cull=nocull blend=1
INFO CSP_PREPARE: shader='genericimage2' vertCount=1
INFO CSP_PREPARE loadOp for '_rt_effect_pingpong_a_139026209343984': CLEAR (force=0 already_cleared=0)
INFO pipeline: shader='genericimage2' out='_rt_effect_pingpong_a_139026209343984' node_id=28 draw=4 indexed=0 depthTest=0 depthWrite=0 cull=nocull blend=1
INFO CSP_PREPARE: shader='effects/waterwaves' vertCount=1
INFO CSP_PREPARE loadOp for '_rt_effect_pingpong_b_139026209324272': CLEAR (force=0 already_cleared=0)
INFO pipeline: shader='effects/waterwaves' out='_rt_effect_pingpong_b_139026209324272' node_id=-1 draw=4 indexed=0 depthTest=0 depthWrite=0 cull=nocull blend=3
INFO CSP_PREPARE: shader='effects/waterwaves' vertCount=1
INFO audio Switch: loading 'sounds/Звуки природы - Шум дождя (www.hotplayer.ru).mp3' (channels=2, sampleRate=48000)
INFO not found "/assets/sounds/Звуки природы - Шум дождя (www.hotplayer.ru).mp3" in vfs
ERROR WPSoundParser.cpp:178 audio file not found: sounds/Звуки природы - Шум дождя (www.hotplayer.ru).mp3
INFO audio Switch: loading 'sounds/aether-scotland-veela-valentine.mp3' (channels=2, sampleRate=48000)
INFO not found "/assets/sounds/aether-scotland-veela-valentine.mp3" in vfs
ERROR WPSoundParser.cpp:178 audio file not found: sounds/aether-scotland-veela-valentine.mp3
INFO CSP_PREPARE loadOp for '_rt_effect_pingpong_b_139026209343984': CLEAR (force=0 already_cleared=0)
INFO pipeline: shader='effects/waterwaves' out='_rt_effect_pingpong_b_139026209343984' node_id=-1 draw=4 indexed=0 depthTest=0 depthWrite=0 cull=nocull blend=3
INFO CSP_PREPARE: shader='effects/waterwaves' vertCount=1
INFO CSP_PREPARE loadOp for '_rt_effect_pingpong_b_139026209343536': CLEAR (force=0 already_cleared=0)
INFO pipeline: shader='effects/waterwaves' out='_rt_effect_pingpong_b_139026209343536' node_id=-1 draw=4 indexed=0 depthTest=0 depthWrite=0 cull=nocull blend=3
INFO CSP_PREPARE: shader='effects/waterwaves' vertCount=1
INFO CSP_PREPARE loadOp for '_rt_effect_pingpong_a_139026209343984': LOAD (force=0 already_cleared=1)
INFO pipeline: shader='effects/waterwaves' out='_rt_effect_pingpong_a_139026209343984' node_id=-1 draw=4 indexed=0 depthTest=0 depthWrite=0 cull=nocull blend=3
INFO CSP_PREPARE: shader='effects/shake' vertCount=1
INFO CSP_PREPARE loadOp for '_rt_effect_pingpong_b_139026209343984': LOAD (force=0 already_cleared=1)
INFO audio Switch: loading 'sounds/Звуки природы - Шум дождя (www.hotplayer.ru).mp3' (channels=2, sampleRate=48000)
INFO not found "/assets/sounds/Звуки природы - Шум дождя (www.hotplayer.ru).mp3" in vfs
ERROR WPSoundParser.cpp:178 audio file not found: sounds/Звуки природы - Шум дождя (www.hotplayer.ru).mp3
INFO audio Switch: loading 'sounds/Veela and Irosa Rosali - Going Home (galamp3.com).mp3' (channels=2, sampleRate=48000)
INFO not found "/assets/sounds/Veela and Irosa Rosali - Going Home (galamp3.com).mp3" in vfs
ERROR WPSoundParser.cpp:178 audio file not found: sounds/Veela and Irosa Rosali - Going Home (galamp3.com).mp3
INFO pipeline: shader='effects/shake' out='_rt_effect_pingpong_b_139026209343984' node_id=-1 draw=4 indexed=0 depthTest=0 depthWrite=0 cull=nocull blend=3
INFO CSP_PREPARE: shader='effects/waterflow' vertCount=1
INFO CSP_PREPARE loadOp for '_rt_effect_pingpong_a_139026209343984': LOAD (force=0 already_cleared=1)
INFO pipeline: shader='effects/waterflow' out='_rt_effect_pingpong_a_139026209343984' node_id=-1 draw=4 indexed=0 depthTest=0 depthWrite=0 cull=nocull blend=3
INFO CSP_PREPARE: shader='effects/waterwaves' vertCount=1
INFO CSP_PREPARE loadOp for '_rt_effect_pingpong_a_139026209369968': LOAD (force=0 already_cleared=1)
INFO pipeline: shader='effects/waterwaves' out='_rt_effect_pingpong_a_139026209369968' node_id=-1 draw=4 indexed=0 depthTest=0 depthWrite=0 cull=nocull blend=3
INFO CSP_PREPARE: shader='effects/waterwaves' vertCount=1
INFO CSP_PREPARE loadOp for '_rt_effect_pingpong_b_139026209332336': CLEAR (force=0 already_cleared=0)
INFO pipeline: shader='effects/waterwaves' out='_rt_effect_pingpong_b_139026209332336' node_id=-1 draw=4 indexed=0 depthTest=0 depthWrite=0 cull=nocull blend=3
INFO CSP_PREPARE: shader='effects/waterwaves' vertCount=1
INFO CSP_PREPARE loadOp for '_rt_effect_pingpong_b_139026209369968': LOAD (force=0 already_cleared=1)
INFO pipeline: shader='effects/waterwaves' out='_rt_effect_pingpong_b_139026209369968' node_id=-1 draw=4 indexed=0 depthTest=0 depthWrite=0 cull=nocull blend=3
INFO CSP_PREPARE: shader='effects/waterwaves' vertCount=1
INFO CSP_PREPARE loadOp for '_rt_effect_pingpong_b_139026209366384': CLEAR (force=0 already_cleared=0)
INFO pipeline: shader='effects/waterwaves' out='_rt_effect_pingpong_b_139026209366384' node_id=-1 draw=4 indexed=0 depthTest=0 depthWrite=0 cull=nocull blend=3
INFO CSP_PREPARE: shader='effects/opacity' vertCount=1
INFO CSP_PREPARE loadOp for '_rt_effect_pingpong_a_139026209366384': LOAD (force=0 already_cleared=1)
INFO pipeline: shader='effects/opacity' out='_rt_effect_pingpong_a_139026209366384' node_id=-1 draw=4 indexed=0 depthTest=0 depthWrite=0 cull=nocull blend=3
INFO CSP_PREPARE: shader='effects/waterwaves' vertCount=1
INFO CSP_PREPARE loadOp for '_rt_effect_pingpong_b_139026209354736': CLEAR (force=0 already_cleared=0)
INFO pipeline: shader='effects/waterwaves' out='_rt_effect_pingpong_b_139026209354736' node_id=-1 draw=4 indexed=0 depthTest=0 depthWrite=0 cull=nocull blend=3
INFO CSP_PREPARE: shader='effects/opacity' vertCount=1
INFO CSP_PREPARE loadOp for '_rt_effect_pingpong_a_139026209354736': LOAD (force=0 already_cleared=1)
INFO pipeline: shader='effects/opacity' out='_rt_effect_pingpong_a_139026209354736' node_id=-1 draw=4 indexed=0 depthTest=0 depthWrite=0 cull=nocull blend=3
INFO audio Switch: loading 'sounds/Звуки природы - Шум дождя (www.hotplayer.ru).mp3' (channels=2, sampleRate=48000)
INFO not found "/assets/sounds/Звуки природы - Шум дождя (www.hotplayer.ru).mp3" in vfs
ERROR WPSoundParser.cpp:178 audio file not found: sounds/Звуки природы - Шум дождя (www.hotplayer.ru).mp3
INFO audio Switch: loading 'sounds/Veela and Irosa Rosali, Elsie - Closed (galamp3.com).mp3' (channels=2, sampleRate=48000)
INFO not found "/assets/sounds/Veela and Irosa Rosali, Elsie - Closed (galamp3.com).mp3" in vfs
ERROR WPSoundParser.cpp:178 audio file not found: sounds/Veela and Irosa Rosali, Elsie - Closed (galamp3.com).mp3
INFO CSP_PREPARE: shader='genericimage2' vertCount=1
INFO CSP_PREPARE loadOp for '_rt_effect_pingpong_a_139026209335472': CLEAR (force=0 already_cleared=0)
INFO pipeline: shader='genericimage2' out='_rt_effect_pingpong_a_139026209335472' node_id=126 draw=4 indexed=0 depthTest=0 depthWrite=0 cull=nocull blend=1
INFO CSP_PREPARE: shader='effects/waterwaves' vertCount=1
INFO CSP_PREPARE loadOp for '_rt_effect_pingpong_b_139026209335472': CLEAR (force=0 already_cleared=0)
INFO pipeline: shader='effects/waterwaves' out='_rt_effect_pingpong_b_139026209335472' node_id=-1 draw=4 indexed=0 depthTest=0 depthWrite=0 cull=nocull blend=3
INFO CSP_PREPARE: shader='genericimage2' vertCount=1
INFO CSP_PREPARE loadOp for '_rt_effect_pingpong_a_139026209367728': CLEAR (force=0 already_cleared=0)
INFO pipeline: shader='genericimage2' out='_rt_effect_pingpong_a_139026209367728' node_id=1842 draw=4 indexed=0 depthTest=0 depthWrite=0 cull=nocull blend=1
INFO CSP_PREPARE: shader='effects/waterwaves' vertCount=1
INFO CSP_PREPARE loadOp for '_rt_effect_pingpong_b_139026209367728': CLEAR (force=0 already_cleared=0)
INFO pipeline: shader='effects/waterwaves' out='_rt_effect_pingpong_b_139026209367728' node_id=-1 draw=4 indexed=0 depthTest=0 depthWrite=0 cull=nocull blend=3
INFO CSP_PREPARE: shader='effects/tint' vertCount=1
INFO CSP_PREPARE loadOp for '_rt_effect_pingpong_a_139026209367728': LOAD (force=0 already_cleared=1)
INFO pipeline: shader='effects/tint' out='_rt_effect_pingpong_a_139026209367728' node_id=-1 draw=4 indexed=0 depthTest=0 depthWrite=0 cull=nocull blend=3
INFO CSP_PREPARE: shader='genericimage2' vertCount=1
INFO CSP_PREPARE loadOp for '_rt_effect_pingpong_a_139026209344432': CLEAR (force=0 already_cleared=0)
INFO pipeline: shader='genericimage2' out='_rt_effect_pingpong_a_139026209344432' node_id=1616 draw=4 indexed=0 depthTest=0 depthWrite=0 cull=nocull blend=1
INFO CSP_PREPARE: shader='effects/waterwaves' vertCount=1
INFO CSP_PREPARE loadOp for '_rt_effect_pingpong_b_139026209344432': CLEAR (force=0 already_cleared=0)
INFO pipeline: shader='effects/waterwaves' out='_rt_effect_pingpong_b_139026209344432' node_id=-1 draw=4 indexed=0 depthTest=0 depthWrite=0 cull=nocull blend=3
INFO CSP_PREPARE: shader='genericimage2' vertCount=1
INFO CSP_PREPARE loadOp for '_rt_effect_pingpong_a_139026209363248': CLEAR (force=0 already_cleared=0)
INFO pipeline: shader='genericimage2' out='_rt_effect_pingpong_a_139026209363248' node_id=40 draw=4 indexed=0 depthTest=0 depthWrite=0 cull=nocull blend=1
INFO CSP_PREPARE: shader='effects/waterwaves' vertCount=1
INFO CSP_PREPARE loadOp for '_rt_effect_pingpong_b_139026209363248': CLEAR (force=0 already_cleared=0)
INFO pipeline: shader='effects/waterwaves' out='_rt_effect_pingpong_b_139026209363248' node_id=-1 draw=4 indexed=0 depthTest=0 depthWrite=0 cull=nocull blend=3
INFO audio Switch: loading 'sounds/Звуки природы - Шум дождя (www.hotplayer.ru).mp3' (channels=2, sampleRate=48000)
INFO not found "/assets/sounds/Звуки природы - Шум дождя (www.hotplayer.ru).mp3" in vfs
ERROR WPSoundParser.cpp:178 audio file not found: sounds/Звуки природы - Шум дождя (www.hotplayer.ru).mp3
INFO audio Switch: loading 'sounds/Veela and Kooma - Pointless (galamp3.com).mp3' (channels=2, sampleRate=48000)
INFO not found "/assets/sounds/Veela and Kooma - Pointless (galamp3.com).mp3" in vfs
ERROR WPSoundParser.cpp:178 audio file not found: sounds/Veela and Kooma - Pointless (galamp3.com).mp3
INFO CSP_PREPARE: shader='genericimage2' vertCount=1
INFO CSP_PREPARE loadOp for '_rt_effect_pingpong_a_139026209342192': CLEAR (force=0 already_cleared=0)
INFO pipeline: shader='genericimage2' out='_rt_effect_pingpong_a_139026209342192' node_id=775 draw=4 indexed=0 depthTest=0 depthWrite=0 cull=nocull blend=1
INFO CSP_PREPARE: shader='effects/waterwaves' vertCount=1
INFO CSP_PREPARE loadOp for '_rt_effect_pingpong_b_139026209342192': CLEAR (force=0 already_cleared=0)
INFO pipeline: shader='effects/waterwaves' out='_rt_effect_pingpong_b_139026209342192' node_id=-1 draw=4 indexed=0 depthTest=0 depthWrite=0 cull=nocull blend=3
INFO CSP_PREPARE: shader='genericimage2' vertCount=1
INFO audio Switch: loading 'sounds/Звуки природы - Шум дождя (www.hotplayer.ru).mp3' (channels=2, sampleRate=48000)
INFO not found "/assets/sounds/Звуки природы - Шум дождя (www.hotplayer.ru).mp3" in vfs
ERROR WPSoundParser.cpp:178 audio file not found: sounds/Звуки природы - Шум дождя (www.hotplayer.ru).mp3
INFO audio Switch: loading 'sounds/Veela and Kooma - Retrospect (galamp3.com).mp3' (channels=2, sampleRate=48000)
INFO not found "/assets/sounds/Veela and Kooma - Retrospect (galamp3.com).mp3" in vfs
ERROR WPSoundParser.cpp:178 audio file not found: sounds/Veela and Kooma - Retrospect (galamp3.com).mp3
INFO CSP_PREPARE loadOp for '_rt_effect_pingpong_a_139026209336368': CLEAR (force=0 already_cleared=0)
INFO pipeline: shader='genericimage2' out='_rt_effect_pingpong_a_139026209336368' node_id=36 draw=4 indexed=0 depthTest=0 depthWrite=0 cull=nocull blend=1
INFO CSP_PREPARE: shader='effects/foliagesway' vertCount=1
INFO CSP_PREPARE loadOp for '_rt_effect_pingpong_a_139026209369968': LOAD (force=0 already_cleared=1)
INFO pipeline: shader='effects/foliagesway' out='_rt_effect_pingpong_a_139026209369968' node_id=-1 draw=4 indexed=0 depthTest=0 depthWrite=0 cull=nocull blend=3
INFO CSP_PREPARE: shader='effects/shake' vertCount=1
INFO CSP_PREPARE loadOp for '_rt_effect_pingpong_b_139026209369968': LOAD (force=0 already_cleared=1)
INFO pipeline: shader='effects/shake' out='_rt_effect_pingpong_b_139026209369968' node_id=-1 draw=4 indexed=0 depthTest=0 depthWrite=0 cull=nocull blend=3
INFO CSP_PREPARE: shader='effects/waterwaves' vertCount=1
INFO CSP_PREPARE loadOp for '_rt_effect_pingpong_a_139026209369968': LOAD (force=0 already_cleared=1)
INFO CSP_PREPARE: shader='effects/shake' vertCount=1
INFO CSP_PREPARE loadOp for '_rt_effect_pingpong_b_139026209369968': LOAD (force=0 already_cleared=1)
INFO CSP_PREPARE: shader='effects/foliagesway' vertCount=1
INFO CSP_PREPARE loadOp for '_rt_effect_pingpong_a_139026209369968': LOAD (force=0 already_cleared=1)
INFO CSP_PREPARE: shader='genericimage2' vertCount=1
INFO audio Switch: loading 'sounds/Звуки природы - Шум дождя (www.hotplayer.ru).mp3' (channels=2, sampleRate=48000)
INFO not found "/assets/sounds/Звуки природы - Шум дождя (www.hotplayer.ru).mp3" in vfs
ERROR WPSoundParser.cpp:178 audio file not found: sounds/Звуки природы - Шум дождя (www.hotplayer.ru).mp3
INFO audio Switch: loading 'sounds/Kooma & Veela - Oasis (256  kbps).mp3' (channels=2, sampleRate=48000)
INFO not found "/assets/sounds/Kooma & Veela - Oasis (256  kbps).mp3" in vfs
ERROR WPSoundParser.cpp:178 audio file not found: sounds/Kooma & Veela - Oasis (256  kbps).mp3
INFO CSP_PREPARE loadOp for '_rt_effect_pingpong_a_139026209331440': CLEAR (force=0 already_cleared=0)
INFO pipeline: shader='genericimage2' out='_rt_effect_pingpong_a_139026209331440' node_id=957 draw=4 indexed=0 depthTest=0 depthWrite=0 cull=nocull blend=1
INFO CSP_PREPARE: shader='effects/foliagesway' vertCount=1
INFO CSP_PREPARE loadOp for '_rt_effect_pingpong_b_139026209331440': CLEAR (force=0 already_cleared=0)
INFO pipeline: shader='effects/foliagesway' out='_rt_effect_pingpong_b_139026209331440' node_id=-1 draw=4 indexed=0 depthTest=0 depthWrite=0 cull=nocull blend=3
INFO CSP_PREPARE: shader='genericimage2' vertCount=1
INFO CSP_PREPARE loadOp for '_rt_effect_pingpong_a_139026209328752': CLEAR (force=0 already_cleared=0)
INFO pipeline: shader='genericimage2' out='_rt_effect_pingpong_a_139026209328752' node_id=976 draw=4 indexed=0 depthTest=0 depthWrite=0 cull=nocull blend=1
INFO CSP_PREPARE: shader='effects/foliagesway' vertCount=1
INFO CSP_PREPARE loadOp for '_rt_effect_pingpong_b_139026209328752': CLEAR (force=0 already_cleared=0)
INFO pipeline: shader='effects/foliagesway' out='_rt_effect_pingpong_b_139026209328752' node_id=-1 draw=4 indexed=0 depthTest=0 depthWrite=0 cull=nocull blend=3
INFO CSP_PREPARE: shader='genericimage2' vertCount=1
INFO CSP_PREPARE loadOp for '_rt_effect_pingpong_a_139026209327856': CLEAR (force=0 already_cleared=0)
INFO pipeline: shader='genericimage2' out='_rt_effect_pingpong_a_139026209327856' node_id=176 draw=4 indexed=0 depthTest=0 depthWrite=0 cull=nocull blend=1
INFO CSP_PREPARE: shader='effects/foliagesway' vertCount=1
INFO CSP_PREPARE loadOp for '_rt_effect_pingpong_b_139026209327856': CLEAR (force=0 already_cleared=0)
INFO pipeline: shader='effects/foliagesway' out='_rt_effect_pingpong_b_139026209327856' node_id=-1 draw=4 indexed=0 depthTest=0 depthWrite=0 cull=nocull blend=3
INFO CSP_PREPARE: shader='genericimage2' vertCount=1
INFO CSP_PREPARE loadOp for '_rt_default': CLEAR (force=0 already_cleared=0)
INFO created MSAA 4x color buffer 360x640
INFO pipeline: shader='genericimage2' out='_rt_default' node_id=1291 draw=4 indexed=0 depthTest=0 depthWrite=0 cull=nocull blend=1
INFO MVP diag id=1291 cam='' translate=(1920.0,1080.0) model=[-2.822,-2.822,1920.000,1080.000] clip_center=(0.000,0.000) blend=1
INFO CSP_PREPARE: shader='genericimage2' vertCount=1
INFO CSP_PREPARE loadOp for '_rt_default': LOAD (force=0 already_cleared=1)
INFO MVP diag id=18 cam='' translate=(1920.0,1080.0) model=[2.228,2.228,1920.000,1080.000] clip_center=(0.000,0.000) blend=1
INFO CSP_PREPARE: shader='genericparticle' vertCount=1
INFO CSP_PREPARE loadOp for '_rt_default': LOAD (force=0 already_cleared=1)
INFO pipeline: shader='genericparticle' out='_rt_default' node_id=348 draw=0 indexed=1 depthTest=0 depthWrite=0 cull=nocull blend=1
INFO MVP diag id=348 cam='' translate=(-1230.7,-988.1) model=[-0.609,0.619,-1284.542,-1023.468] clip_center=(-1.669,-1.948) blend=1
INFO CSP_PREPARE: shader='genericparticle' vertCount=1
INFO CSP_PREPARE loadOp for '_rt_default': LOAD (force=0 already_cleared=1)
INFO MVP diag id=-1 cam='' translate=(0.0,0.0) model=[-0.609,0.619,-1230.666,-988.103] clip_center=(-1.641,-1.915) blend=1
INFO CSP_PREPARE: shader='genericparticle' vertCount=1
INFO CSP_PREPARE loadOp for '_rt_default': LOAD (force=0 already_cleared=1)
INFO MVP diag id=-1 cam='' translate=(0.0,0.0) model=[-0.609,0.619,-1230.666,-988.103] clip_center=(-1.641,-1.915) blend=1
INFO CSP_PREPARE: shader='genericparticle' vertCount=1
INFO CSP_PREPARE loadOp for '_rt_default': LOAD (force=0 already_cleared=1)
INFO MVP diag id=-1 cam='' translate=(0.0,0.0) model=[-0.609,0.619,-1230.666,-988.103] clip_center=(-1.641,-1.915) blend=1
INFO CSP_PREPARE: shader='genericparticle' vertCount=1
INFO CSP_PREPARE loadOp for '_rt_default': LOAD (force=0 already_cleared=1)
INFO audio Switch: loading 'sounds/Звуки природы - Шум дождя (www.hotplayer.ru).mp3' (channels=2, sampleRate=48000)
INFO not found "/assets/sounds/Звуки природы - Шум дождя (www.hotplayer.ru).mp3" in vfs
ERROR WPSoundParser.cpp:178 audio file not found: sounds/Звуки природы - Шум дождя (www.hotplayer.ru).mp3
INFO audio Switch: loading 'sounds/aether-scotland-veela-valentine.mp3' (channels=2, sampleRate=48000)
INFO not found "/assets/sounds/aether-scotland-veela-valentine.mp3" in vfs
ERROR WPSoundParser.cpp:178 audio file not found: sounds/aether-scotland-veela-valentine.mp3
INFO MVP diag id=3000 cam='' translate=(1016.4,1770.6) model=[0.559,0.559,1000.020,1783.058] clip_center=(-0.479,0.651) blend=2
INFO CSP_PREPARE: shader='genericparticle' vertCount=1
INFO CSP_PREPARE loadOp for '_rt_default': LOAD (force=0 already_cleared=1)
INFO MVP diag id=830 cam='' translate=(2986.8,1686.1) model=[0.475,0.475,2999.066,1693.035] clip_center=(0.562,0.568) blend=2
INFO CSP_PREPARE: shader='composelayer' vertCount=1
INFO CSP_PREPARE loadOp for '_rt_effect_pingpong_a_139026209320240': CLEAR (force=0 already_cleared=0)
INFO pipeline: shader='composelayer' out='_rt_effect_pingpong_a_139026209320240' node_id=1005 draw=4 indexed=0 depthTest=0 depthWrite=0 cull=nocull blend=1
INFO CSP_PREPARE: shader='effects/blur_downsample4' vertCount=1
INFO CSP_PREPARE loadOp for '_rt__rt_QuarterCompoBuffer1_139024598708200': CLEAR (force=0 already_cleared=0)
INFO pipeline: shader='effects/blur_downsample4' out='_rt__rt_QuarterCompoBuffer1_139024598708200' node_id=-1 draw=4 indexed=0 depthTest=0 depthWrite=0 cull=nocull blend=3
INFO CSP_PREPARE: shader='effects/blur_gaussian' vertCount=1
INFO CSP_PREPARE loadOp for '_rt__rt_QuarterCompoBuffer2_139024598708200': CLEAR (force=0 already_cleared=0)
INFO pipeline: shader='effects/blur_gaussian' out='_rt__rt_QuarterCompoBuffer2_139024598708200' node_id=-1 draw=4 indexed=0 depthTest=0 depthWrite=0 cull=nocull blend=3
INFO CSP_PREPARE: shader='effects/blur_gaussian' vertCount=1
INFO CSP_PREPARE loadOp for '_rt__rt_QuarterCompoBuffer1_139024598708200': LOAD (force=0 already_cleared=1)
INFO pipeline: shader='effects/blur_gaussian' out='_rt__rt_QuarterCompoBuffer1_139024598708200' node_id=-1 draw=4 indexed=0 depthTest=0 depthWrite=0 cull=nocull blend=3
INFO CSP_PREPARE: shader='effects/blur_combine' vertCount=1
INFO CSP_PREPARE loadOp for '_rt_default': LOAD (force=0 already_cleared=1)
INFO pipeline: shader='effects/blur_combine' out='_rt_default' node_id=-1 draw=4 indexed=0 depthTest=0 depthWrite=0 cull=nocull blend=1
INFO MVP diag id=-1 cam='' translate=(1920.0,1080.0) model=[1.000,1.000,1920.000,1080.000] clip_center=(0.000,0.000) blend=1
INFO CSP_PREPARE: shader='genericparticle' vertCount=1
INFO CSP_PREPARE loadOp for '_rt_default': LOAD (force=0 already_cleared=1)
INFO MVP diag id=293 cam='' translate=(1898.8,1456.5) model=[1.784,1.784,1898.577,1460.864] clip_center=(-0.011,0.353) blend=2
INFO CSP_PREPARE: shader='genericropeparticle' vertCount=1
INFO new buffer block(0x7e712fd22710), size: 2293760, index: 1 / 2
INFO increase buffer size: 2293760 (all 2 slots)
INFO CSP_PREPARE loadOp for '_rt_default': LOAD (force=0 already_cleared=1)
INFO pipeline: shader='genericropeparticle' out='_rt_default' node_id=314 draw=0 indexed=1 depthTest=0 depthWrite=0 cull=nocull blend=1
INFO MVP diag id=314 cam='' translate=(2600.1,1588.2) model=[3.809,3.809,2579.655,1572.909] clip_center=(0.344,0.456) blend=1
INFO CSP_PREPARE: shader='genericropeparticle' vertCount=1
INFO new buffer block(0x7e712fd22710), size: 29360128, index: 2 / 3
INFO audio Switch: loading 'sounds/Звуки природы - Шум дождя (www.hotplayer.ru).mp3' (channels=2, sampleRate=48000)
INFO not found "/assets/sounds/Звуки природы - Шум дождя (www.hotplayer.ru).mp3" in vfs
ERROR WPSoundParser.cpp:178 audio file not found: sounds/Звуки природы - Шум дождя (www.hotplayer.ru).mp3
INFO audio Switch: loading 'sounds/Veela and Irosa Rosali - Going Home (galamp3.com).mp3' (channels=2, sampleRate=48000)
INFO not found "/assets/sounds/Veela and Irosa Rosali - Going Home (galamp3.com).mp3" in vfs
ERROR WPSoundParser.cpp:178 audio file not found: sounds/Veela and Irosa Rosali - Going Home (galamp3.com).mp3
INFO increase buffer size: 29360128 (all 2 slots)
INFO CSP_PREPARE loadOp for '_rt_default': LOAD (force=0 already_cleared=1)
INFO CSP_PREPARE: shader='genericparticle' vertCount=1
INFO CSP_PREPARE loadOp for '_rt_default': LOAD (force=0 already_cleared=1)
INFO CopyPass: '_rt_default' 360x640 -> '_rt_default_12_copy' 180x320 (blit)
INFO CSP_PREPARE: shader='genericparticle' vertCount=1
INFO CSP_PREPARE loadOp for '_rt_default': LOAD (force=0 already_cleared=1)
INFO MVP diag id=286 cam='' translate=(1506.3,1236.7) model=[5.704,8.212,1506.252,1236.668] clip_center=(-0.215,0.145) blend=2
INFO CopyPass: '_rt_default' 360x640 -> '_rt_default_13_copy' 180x320 (blit)
INFO CSP_PREPARE: shader='genericparticle' vertCount=1
INFO CSP_PREPARE loadOp for '_rt_default': LOAD (force=0 already_cleared=1)
INFO MVP diag id=1041 cam='' translate=(741.6,240.7) model=[5.704,8.212,741.607,240.720] clip_center=(-0.614,-0.777) blend=2
INFO CSP_PREPARE: shader='genericparticle' vertCount=1
INFO CSP_PREPARE loadOp for '_rt_default': LOAD (force=0 already_cleared=1)
INFO MVP diag id=22527 cam='' translate=(2511.2,1176.1) model=[-2.653,-1.815,2523.060,1177.992] clip_center=(0.314,0.091) blend=2
INFO CSP_PREPARE: shader='genericparticle' vertCount=1
INFO CSP_PREPARE loadOp for '_rt_default': LOAD (force=0 already_cleared=1)
INFO MVP diag id=22489 cam='' translate=(2905.3,943.7) model=[0.936,0.936,2905.308,943.670] clip_center=(0.513,-0.126) blend=1
INFO CSP_PREPARE: shader='effects/tint' vertCount=1
INFO CSP_PREPARE loadOp for '_rt_default': LOAD (force=0 already_cleared=1)
INFO pipeline: shader='effects/tint' out='_rt_default' node_id=-1 draw=4 indexed=0 depthTest=0 depthWrite=0 cull=nocull blend=1
INFO MVP diag id=-1 cam='' translate=(3966.1,733.5) model=[3.978,3.978,4007.073,726.528] clip_center=(1.087,-0.327) blend=1
INFO CSP_PREPARE: shader='effects/tint' vertCount=1
INFO CSP_PREPARE loadOp for '_rt_default': LOAD (force=0 already_cleared=1)
INFO MVP diag id=-1 cam='' translate=(608.7,1801.6) model=[2.651,2.651,590.054,1811.816] clip_center=(-0.693,0.678) blend=1
INFO CSP_PREPARE: shader='effects/tint' vertCount=1
INFO CSP_PREPARE loadOp for '_rt_default': LOAD (force=0 already_cleared=1)
INFO MVP diag id=-1 cam='' translate=(3653.7,1077.1) model=[1.129,1.129,3688.324,1077.030] clip_center=(0.921,-0.003) blend=1
INFO CSP_PREPARE: shader='effects/foliagesway' vertCount=1
INFO CSP_PREPARE loadOp for '_rt_default': LOAD (force=0 already_cleared=1)
INFO pipeline: shader='effects/foliagesway' out='_rt_default' node_id=-1 draw=4 indexed=0 depthTest=0 depthWrite=0 cull=nocull blend=1
INFO MVP diag id=-1 cam='' translate=(1920.0,1080.0) model=[2.228,2.228,1920.000,1080.000] clip_center=(0.000,0.000) blend=1
INFO CopyPass: '_rt_default' 360x640 -> '_rt_default_20_copy' 180x320 (blit)
INFO CSP_PREPARE: shader='genericparticle' vertCount=1
INFO CSP_PREPARE loadOp for '_rt_default': LOAD (force=0 already_cleared=1)
INFO MVP diag id=1115 cam='' translate=(266.4,1179.9) model=[1.415,2.353,257.490,1180.458] clip_center=(-0.866,0.093) blend=2
INFO CopyPass: '_rt_default' 360x640 -> '_rt_default_21_copy' 180x320 (blit)
INFO CSP_PREPARE: shader='genericparticle' vertCount=1
INFO CSP_PREPARE loadOp for '_rt_default': LOAD (force=0 already_cleared=1)
INFO MVP diag id=509 cam='' translate=(3724.5,549.5) model=[1.089,1.811,3734.289,546.664] clip_center=(0.945,-0.494) blend=2
INFO CSP_PREPARE: shader='genericimage2' vertCount=1
INFO CSP_PREPARE loadOp for '_rt_default': LOAD (force=0 already_cleared=1)
INFO genFrame frame0: bones=6 total_blend=1.00 matched_anims=1/1 max_dY=0.00 max_dX=0.00@bone-1
INFO uploading g_Bones: 6 bones, frameTime=0.0000
INFO MVP diag id=-1 cam='' translate=(2175.2,1446.3) model=[0.577,0.577,2175.159,1446.348] clip_center=(0.133,0.339) blend=1
INFO CSP_PREPARE: shader='genericimage2' vertCount=1
INFO CSP_PREPARE loadOp for '_rt_default': LOAD (force=0 already_cleared=1)
INFO audio Switch: loading 'sounds/Звуки природы - Шум дождя (www.hotplayer.ru).mp3' (channels=2, sampleRate=48000)
INFO not found "/assets/sounds/Звуки природы - Шум дождя (www.hotplayer.ru).mp3" in vfs
ERROR WPSoundParser.cpp:178 audio file not found: sounds/Звуки природы - Шум дождя (www.hotplayer.ru).mp3
INFO audio Switch: loading 'sounds/Veela and Irosa Rosali, Elsie - Closed (galamp3.com).mp3' (channels=2, sampleRate=48000)
INFO not found "/assets/sounds/Veela and Irosa Rosali, Elsie - Closed (galamp3.com).mp3" in vfs
ERROR WPSoundParser.cpp:178 audio file not found: sounds/Veela and Irosa Rosali, Elsie - Closed (galamp3.com).mp3
INFO genFrame frame0: bones=15 total_blend=0.00 matched_anims=0/2 max_dY=0.00 max_dX=0.00@bone-1
INFO MVP diag id=-1 cam='' translate=(2574.5,860.3) model=[1.000,1.000,2574.500,860.273] clip_center=(0.341,-0.203) blend=1
INFO CSP_PREPARE: shader='genericimage2' vertCount=1
INFO CSP_PREPARE loadOp for '_rt_default': LOAD (force=0 already_cleared=1)
INFO genFrame frame0: bones=6 total_blend=1.00 matched_anims=1/1 max_dY=0.00 max_dX=0.00@bone-1
INFO MVP diag id=-1 cam='' translate=(1445.5,1700.6) model=[-0.218,0.251,1445.548,1700.555] clip_center=(-0.247,0.575) blend=1
INFO CSP_PREPARE: shader='genericimage2' vertCount=1
INFO CSP_PREPARE loadOp for '_rt_default': LOAD (force=0 already_cleared=1)
INFO genFrame frame0: bones=5 total_blend=2.00 matched_anims=2/2 max_dY=0.00 max_dX=0.00@bone-1
INFO MVP diag id=-1 cam='' translate=(1855.9,1657.0) model=[1.109,1.000,1855.944,1656.995] clip_center=(-0.033,0.534) blend=1
INFO CSP_PREPARE: shader='genericimage2' vertCount=1
INFO CSP_PREPARE loadOp for '_rt_default': LOAD (force=0 already_cleared=1)
INFO genFrame frame0: bones=6 total_blend=1.00 matched_anims=1/1 max_dY=0.00 max_dX=0.00@bone-1
INFO MVP diag id=-1 cam='' translate=(1257.3,1657.0) model=[-0.248,0.247,1257.265,1657.018] clip_center=(-0.345,0.534) blend=1
INFO CSP_PREPARE: shader='genericimage2' vertCount=1
INFO CSP_PREPARE loadOp for '_rt_default': LOAD (force=0 already_cleared=1)
INFO genFrame frame0: bones=6 total_blend=0.00 matched_anims=0/0 max_dY=0.00 max_dX=0.00@bone-1
INFO MVP diag id=-1 cam='' translate=(1418.4,1638.6) model=[0.969,0.969,1418.445,1638.584] clip_center=(-0.261,0.517) blend=1
INFO CSP_PREPARE: shader='genericimage2' vertCount=1
INFO CSP_PREPARE loadOp for '_rt_default': LOAD (force=0 already_cleared=1)
INFO genFrame frame0: bones=6 total_blend=3.00 matched_anims=3/3 max_dY=0.00 max_dX=0.00@bone-1
INFO MVP diag id=-1 cam='' translate=(1312.7,1563.4) model=[1.000,1.000,1312.746,1563.441] clip_center=(-0.316,0.448) blend=1
INFO CSP_PREPARE: shader='genericimage2' vertCount=1
INFO CSP_PREPARE loadOp for '_rt_default': LOAD (force=0 already_cleared=1)
INFO genFrame frame0: bones=36 total_blend=2.00 matched_anims=2/2 max_dY=0.00 max_dX=0.00@bone-1
INFO MVP diag id=-1 cam='' translate=(1557.6,1036.5) model=[1.000,1.000,1557.599,1036.546] clip_center=(-0.189,-0.040) blend=1
INFO CSP_PREPARE: shader='genericimage2' vertCount=1
INFO CSP_PREPARE loadOp for '_rt_default': LOAD (force=0 already_cleared=1)
INFO genFrame frame0: bones=6 total_blend=1.00 matched_anims=1/1 max_dY=0.00 max_dX=0.00@bone-1
INFO MVP diag id=-1 cam='' translate=(1287.5,1738.0) model=[1.000,1.000,1287.545,1738.038] clip_center=(-0.329,0.609) blend=1
INFO CSP_PREPARE: shader='genericimage2' vertCount=1
INFO CSP_PREPARE loadOp for '_rt_default': LOAD (force=0 already_cleared=1)
INFO genFrame frame0: bones=3 total_blend=2.00 matched_anims=2/2 max_dY=0.00 max_dX=0.00@bone-1
INFO MVP diag id=-1 cam='' translate=(1698.2,1611.9) model=[0.661,1.000,1698.188,1611.886] clip_center=(-0.116,0.492) blend=1
INFO CSP_PREPARE: shader='genericimage2' vertCount=1
INFO CSP_PREPARE loadOp for '_rt_default': LOAD (force=0 already_cleared=1)
INFO genFrame frame0: bones=6 total_blend=1.00 matched_anims=1/1 max_dY=0.00 max_dX=0.00@bone-1
INFO MVP diag id=-1 cam='' translate=(1795.3,1749.5) model=[0.208,0.208,1795.292,1749.450] clip_center=(-0.065,0.620) blend=1
INFO CSP_PREPARE: shader='genericimage2' vertCount=1
INFO CSP_PREPARE loadOp for '_rt_default': LOAD (force=0 already_cleared=1)
INFO genFrame frame0: bones=3 total_blend=2.00 matched_anims=2/2 max_dY=0.00 max_dX=0.00@bone-1
INFO MVP diag id=-1 cam='' translate=(1684.8,1640.9) model=[1.000,1.000,1684.824,1640.900] clip_center=(-0.122,0.519) blend=1
INFO CSP_PREPARE: shader='composelayer' vertCount=1
INFO CSP_PREPARE loadOp for '_rt_effect_pingpong_a_139026209352944': CLEAR (force=0 already_cleared=0)
INFO pipeline: shader='composelayer' out='_rt_effect_pingpong_a_139026209352944' node_id=555 draw=4 indexed=0 depthTest=0 depthWrite=0 cull=nocull blend=1
INFO CSP_PREPARE: shader='workshop/2084198056/effects/Simple_Audio_Bars' vertCount=1
INFO CSP_PREPARE loadOp for '_rt_default': LOAD (force=0 already_cleared=1)
INFO pipeline: shader='workshop/2084198056/effects/Simple_Audio_Bars' out='_rt_default' node_id=-1 draw=4 indexed=0 depthTest=0 depthWrite=0 cull=nocull blend=1
INFO Audio spectrum uniforms detected for node -1
INFO MVP diag id=-1 cam='' translate=(524.1,288.6) model=[2.158,1.602,524.091,288.572] clip_center=(-0.727,-0.733) blend=1
INFO audio Switch: loading 'sounds/Звуки природы - Шум дождя (www.hotplayer.ru).mp3' (channels=2, sampleRate=48000)
INFO not found "/assets/sounds/Звуки природы - Шум дождя (www.hotplayer.ru).mp3" in vfs
ERROR WPSoundParser.cpp:178 audio file not found: sounds/Звуки природы - Шум дождя (www.hotplayer.ru).mp3
INFO audio Switch: loading 'sounds/Veela and Kooma - Pointless (galamp3.com).mp3' (channels=2, sampleRate=48000)
INFO not found "/assets/sounds/Veela and Kooma - Pointless (galamp3.com).mp3" in vfs
ERROR WPSoundParser.cpp:178 audio file not found: sounds/Veela and Kooma - Pointless (galamp3.com).mp3
INFO audio Switch: loading 'sounds/Звуки природы - Шум дождя (www.hotplayer.ru).mp3' (channels=2, sampleRate=48000)
INFO not found "/assets/sounds/Звуки природы - Шум дождя (www.hotplayer.ru).mp3" in vfs
ERROR WPSoundParser.cpp:178 audio file not found: sounds/Звуки природы - Шум дождя (www.hotplayer.ru).mp3
INFO audio Switch: loading 'sounds/Veela and Kooma - Retrospect (galamp3.com).mp3' (channels=2, sampleRate=48000)
INFO not found "/assets/sounds/Veela and Kooma - Retrospect (galamp3.com).mp3" in vfs
ERROR WPSoundParser.cpp:178 audio file not found: sounds/Veela and Kooma - Retrospect (galamp3.com).mp3
INFO audio Switch: loading 'sounds/Звуки природы - Шум дождя (www.hotplayer.ru).mp3' (channels=2, sampleRate=48000)
INFO not found "/assets/sounds/Звуки природы - Шум дождя (www.hotplayer.ru).mp3" in vfs
ERROR WPSoundParser.cpp:178 audio file not found: sounds/Звуки природы - Шум дождя (www.hotplayer.ru).mp3
INFO audio Switch: loading 'sounds/Kooma & Veela - Oasis (256  kbps).mp3' (channels=2, sampleRate=48000)
INFO not found "/assets/sounds/Kooma & Veela - Oasis (256  kbps).mp3" in vfs
ERROR WPSoundParser.cpp:178 audio file not found: sounds/Kooma & Veela - Oasis (256  kbps).mp3
INFO compileRenderGraph: 89 passes prepared, 0 FAILED, 89 total (+prepass+finpass)
INFO   cached pass#6 shader='genericimage2' out='_rt_effect_pingpong_a_139026209332336' node_id=1263
INFO   cached pass#7 shader='genericimage2' out='_rt_effect_pingpong_a_139026209343536' node_id=44
INFO   cached pass#33 shader='genericimage2' out='_rt_effect_pingpong_a_139026209336368' node_id=36
INFO pass cache: 43 cacheable, 3 safe-to-skip → can skip on re-exec
INFO pass merge: 4 groups over 33 passes, 29 fewer render pass instances (91 passes total)
INFO deterministic: seeded particle Random with 0x9e3779b9 on render thread
INFO ParticleSystem::Emitt: 13 subsystems, elapsed=0.000000
INFO spritetrail: alive=31 renderable=0 capacity=20 particles=31
INFO spritetrail GenGLData: segs=0 instances=1 gs=0
INFO audio Switch: loading 'sounds/Звуки природы - Шум дождя (www.hotplayer.ru).mp3' (channels=2, sampleRate=48000)
INFO not found "/assets/sounds/Звуки природы - Шум дождя (www.hotplayer.ru).mp3" in vfs
ERROR WPSoundParser.cpp:178 audio file not found: sounds/Звуки природы - Шум дождя (www.hotplayer.ru).mp3
INFO audio Switch: loading 'sounds/aether-scotland-veela-valentine.mp3' (channels=2, sampleRate=48000)
INFO not found "/assets/sounds/aether-scotland-veela-valentine.mp3" in vfs
ERROR WPSoundParser.cpp:178 audio file not found: sounds/aether-scotland-veela-valentine.mp3
INFO audio Switch: loading 'sounds/Звуки природы - Шум дождя (www.hotplayer.ru).mp3' (channels=2, sampleRate=48000)
INFO not found "/assets/sounds/Звуки природы - Шум дождя (www.hotplayer.ru).mp3" in vfs
ERROR WPSoundParser.cpp:178 audio file not found: sounds/Звуки природы - Шум дождя (www.hotplayer.ru).mp3
INFO audio Switch: loading 'sounds/Veela and Irosa Rosali - Going Home (galamp3.com).mp3' (channels=2, sampleRate=48000)
INFO not found "/assets/sounds/Veela and Irosa Rosali - Going Home (galamp3.com).mp3" in vfs
ERROR WPSoundParser.cpp:178 audio file not found: sounds/Veela and Irosa Rosali - Going Home (galamp3.com).mp3
INFO ParticleSystem::PreSimulate: advanced 469 ticks (15.0s) at dt=0.0320s
INFO DRAW: pending transforms=0 visible=0 alpha=0 nodeById=33
INFO DRAW: transform hit=0 miss=0 effectRedirects=0, visible hit=0 miss=0, alpha=0
INFO EXEC[0] pass#0 id=48 shader='genericimage2' out='_rt_effect_pingpong_a_139026209354736' draw=4 visible=1 depth=0 blend=1 tex_count=3 out_img=0x7e710fd4a8d0 out_view=0x7e710fd4d6d0 out_ext=479x609
INFO   tex[0] binding=1 extent=479x609 handle=0x7e710fd48f10
INFO EXEC[0] pass#1 id=1785 shader='genericimage2' out='_rt_effect_pingpong_a_139026209366384' draw=4 visible=1 depth=0 blend=1 tex_count=3 out_img=0x7e710fd53e10 out_view=0x7e710fd4c5d0 out_ext=479x609
INFO   tex[0] binding=1 extent=479x609 handle=0x7e710fd48f10
INFO EXEC[0] pass#2 id=24 shader='genericimage2' out='_rt_effect_pingpong_a_139026209369968' draw=4 visible=1 depth=0 blend=1 tex_count=3 out_img=0x7e710fd50d90 out_view=0x7e710fd48fd0 out_ext=1575x2160
INFO   tex[0] binding=1 extent=1575x2160 handle=0x7e710fd4cf10
INFO EXEC[0] pass#3 id=-1 shader='effects/opacity' out='_rt_effect_pingpong_b_139026209369968' draw=4 visible=1 depth=0 blend=1 tex_count=2 out_img=0x7e710fd41490 out_view=0x7e710fd4fc10 out_ext=1575x2160
INFO   tex[0] binding=1 extent=1575x2160 handle=0x7e710fd50d90
INFO   tex[1] binding=2 extent=787x1080 handle=0x7e710fd496d0
INFO EXEC[0] pass#4 id=32 shader='genericimage2' out='_rt_effect_pingpong_a_139026209324272' draw=4 visible=1 depth=0 blend=1 tex_count=3 out_img=0x7e710fd4a7d0 out_view=0x7e710fd3f7d0 out_ext=847x1080
INFO   tex[0] binding=1 extent=847x1080 handle=0x7e710fd3c110
INFO EXEC[0] pass#5 id=1263 shader='genericimage2' out='_rt_effect_pingpong_a_139026209332336' draw=4 visible=1 depth=0 blend=1 tex_count=3 out_img=0x7e710fd4f1d0 out_view=0x7e710fd4dc50 out_ext=847x1080
INFO   tex[0] binding=1 extent=847x1080 handle=0x7e710fd3c110
INFO EXEC[0] pass#6 id=44 shader='genericimage2' out='_rt_effect_pingpong_a_139026209343536' draw=4 visible=1 depth=0 blend=1 tex_count=3 out_img=0x7e710fd4b2d0 out_view=0x7e710fd41390 out_ext=429x661
INFO   tex[0] binding=1 extent=429x661 handle=0x7e710fd4e8d0
INFO EXEC[0] pass#7 id=28 shader='genericimage2' out='_rt_effect_pingpong_a_139026209343984' draw=4 visible=1 depth=0 blend=1 tex_count=3 out_img=0x7e710fd3eb10 out_view=0x7e710fd4a610 out_ext=1279x1761
INFO   tex[0] binding=1 extent=1279x1761 handle=0x7e710fd46790
INFO EXEC[0] pass#8 id=-1 shader='effects/waterwaves' out='_rt_effect_pingpong_b_139026209324272' draw=4 visible=1 depth=0 blend=1 tex_count=3 out_img=0x7e710fd4eed0 out_view=0x7e710fd527d0 out_ext=847x1080
INFO   tex[0] binding=1 extent=847x1080 handle=0x7e710fd4a7d0
INFO   tex[1] binding=2 extent=423x540 handle=0x7e710fd4bfd0
INFO   tex[2] binding=3 extent=4x4 handle=0x7e710fd4ea10
INFO EXEC[0] pass#9 id=-1 shader='effects/waterwaves' out='_rt_effect_pingpong_b_139026209343984' draw=4 visible=1 depth=0 blend=1 tex_count=3 out_img=0x7e710fd50850 out_view=0x7e710fd51090 out_ext=1279x1761
INFO   tex[0] binding=1 extent=1279x1761 handle=0x7e710fd3eb10
INFO   tex[1] binding=2 extent=639x880 handle=0x7e710fd4aad0
INFO   tex[2] binding=3 extent=4x4 handle=0x7e710fd4ea10
INFO EXEC[0] pass#10 id=-1 shader='effects/waterwaves' out='_rt_effect_pingpong_b_139026209343536' draw=4 visible=1 depth=0 blend=1 tex_count=3 out_img=0x7e710fd51710 out_view=0x7e710fd52350 out_ext=429x661
INFO   tex[0] binding=1 extent=429x661 handle=0x7e710fd4b2d0
INFO   tex[1] binding=2 extent=214x330 handle=0x7e710fd51f10
INFO   tex[2] binding=3 extent=4x4 handle=0x7e710fd4ea10
INFO EXEC[0] pass#11 id=-1 shader='effects/waterwaves' out='_rt_effect_pingpong_a_139026209343984' draw=4 visible=1 depth=0 blend=1 tex_count=3 out_img=0x7e710fd3eb10 out_view=0x7e710fd4a610 out_ext=1279x1761
INFO   tex[0] binding=1 extent=1279x1761 handle=0x7e710fd50850
INFO   tex[1] binding=2 extent=639x880 handle=0x7e710fd52450
INFO   tex[2] binding=3 extent=4x4 handle=0x7e710fd4ea10
INFO EXEC[0] pass#12 id=-1 shader='effects/shake' out='_rt_effect_pingpong_b_139026209343984' draw=4 visible=1 depth=0 blend=1 tex_count=3 out_img=0x7e710fd50850 out_view=0x7e710fd51090 out_ext=1279x1761
INFO   tex[0] binding=1 extent=1279x1761 handle=0x7e710fd3eb10
INFO   tex[1] binding=2 extent=639x880 handle=0x7e710fd537d0
INFO   tex[2] binding=3 extent=4x4 handle=0x7e710fd53f10
INFO EXEC[0] pass#13 id=-1 shader='effects/waterflow' out='_rt_effect_pingpong_a_139026209343984' draw=4 visible=1 depth=0 blend=1 tex_count=3 out_img=0x7e710fd3eb10 out_view=0x7e710fd4a610 out_ext=1279x1761
INFO   tex[0] binding=1 extent=1279x1761 handle=0x7e710fd50850
INFO   tex[1] binding=2 extent=639x880 handle=0x7e710fd54f50
INFO   tex[2] binding=3 extent=32x32 handle=0x7e710fd54b50
INFO EXEC[0] pass#14 id=-1 shader='effects/waterwaves' out='_rt_effect_pingpong_a_139026209369968' draw=4 visible=1 depth=0 blend=1 tex_count=3 out_img=0x7e710fd50d90 out_view=0x7e710fd48fd0 out_ext=1575x2160
INFO   tex[0] binding=1 extent=1575x2160 handle=0x7e710fd41490
INFO   tex[1] binding=2 extent=787x1080 handle=0x7e710fd55e90
INFO   tex[2] binding=3 extent=4x4 handle=0x7e710fd4ea10
INFO EXEC[0] pass#15 id=-1 shader='effects/waterwaves' out='_rt_effect_pingpong_b_139026209332336' draw=4 visible=1 depth=0 blend=1 tex_count=3 out_img=0x7e710fd4a7d0 out_view=0x7e710fd3f7d0 out_ext=847x1080
INFO   tex[0] binding=1 extent=847x1080 handle=0x7e710fd4f1d0
INFO   tex[1] binding=2 extent=423x540 handle=0x7e710fd4bfd0
INFO   tex[2] binding=3 extent=4x4 handle=0x7e710fd4ea10
INFO EXEC[0] pass#16 id=-1 shader='effects/waterwaves' out='_rt_effect_pingpong_b_139026209369968' draw=4 visible=1 depth=0 blend=1 tex_count=3 out_img=0x7e710fd41490 out_view=0x7e710fd4fc10 out_ext=1575x2160
INFO   tex[0] binding=1 extent=1575x2160 handle=0x7e710fd50d90
INFO   tex[1] binding=2 extent=787x1080 handle=0x7e710fd56a50
INFO   tex[2] binding=3 extent=4x4 handle=0x7e710fd4ea10
INFO EXEC[0] pass#17 id=-1 shader='effects/waterwaves' out='_rt_effect_pingpong_b_139026209366384' draw=4 visible=1 depth=0 blend=1 tex_count=3 out_img=0x7e710fd57490 out_view=0x7e710fd56f10 out_ext=479x609
INFO   tex[0] binding=1 extent=479x609 handle=0x7e710fd53e10
INFO   tex[1] binding=2 extent=239x304 handle=0x7e710fd56250
INFO   tex[2] binding=3 extent=4x4 handle=0x7e710fd4ea10
INFO EXEC[0] pass#18 id=-1 shader='effects/opacity' out='_rt_effect_pingpong_a_139026209366384' draw=4 visible=1 depth=0 blend=1 tex_count=2 out_img=0x7e710fd53e10 out_view=0x7e710fd4c5d0 out_ext=479x609
INFO   tex[0] binding=1 extent=479x609 handle=0x7e710fd57490
INFO   tex[1] binding=2 extent=239x304 handle=0x7e710fd57790
INFO EXEC[0] pass#19 id=-1 shader='effects/waterwaves' out='_rt_effect_pingpong_b_139026209354736' draw=4 visible=1 depth=0 blend=1 tex_count=3 out_img=0x7e710fd57490 out_view=0x7e710fd56f10 out_ext=479x609
INFO   tex[0] binding=1 extent=479x609 handle=0x7e710fd4a8d0
INFO   tex[1] binding=2 extent=239x304 handle=0x7e710fd56250
INFO   tex[2] binding=3 extent=4x4 handle=0x7e710fd4ea10
INFO EXEC[0] pass#20 id=-1 shader='effects/opacity' out='_rt_effect_pingpong_a_139026209354736' draw=4 visible=1 depth=0 blend=1 tex_count=2 out_img=0x7e710fd4a8d0 out_view=0x7e710fd4d6d0 out_ext=479x609
INFO   tex[0] binding=1 extent=479x609 handle=0x7e710fd57490
INFO   tex[1] binding=2 extent=239x304 handle=0x7e710fd57790
INFO EXEC[0] pass#21 id=126 shader='genericimage2' out='_rt_effect_pingpong_a_139026209335472' draw=4 visible=1 depth=0 blend=1 tex_count=3 out_img=0x7e710fd58b10 out_view=0x7e710fd58f50 out_ext=678x636
INFO   tex[0] binding=1 extent=678x636 handle=0x7e710fd580d0
INFO EXEC[0] pass#22 id=-1 shader='effects/waterwaves' out='_rt_effect_pingpong_b_139026209335472' draw=4 visible=1 depth=0 blend=1 tex_count=3 out_img=0x7e710fd59f90 out_view=0x7e710fd597d0 out_ext=678x636
INFO   tex[0] binding=1 extent=678x636 handle=0x7e710fd58b10
INFO   tex[1] binding=2 extent=339x318 handle=0x7e710fd59050
INFO   tex[2] binding=3 extent=4x4 handle=0x7e710fd4ea10
INFO EXEC[0] pass#23 id=1842 shader='genericimage2' out='_rt_effect_pingpong_a_139026209367728' draw=4 visible=1 depth=0 blend=1 tex_count=3 out_img=0x7e710fd58b10 out_view=0x7e710fd58f50 out_ext=678x636
INFO   tex[0] binding=1 extent=678x636 handle=0x7e710fd580d0
INFO EXEC[0] pass#24 id=-1 shader='effects/waterwaves' out='_rt_effect_pingpong_b_139026209367728' draw=4 visible=1 depth=0 blend=1 tex_count=3 out_img=0x7e710fd59b90 out_view=0x7e710fd5a790 out_ext=678x636
INFO   tex[0] binding=1 extent=678x636 handle=0x7e710fd58b10
INFO   tex[1] binding=2 extent=339x318 handle=0x7e710fd59050
INFO   tex[2] binding=3 extent=4x4 handle=0x7e710fd4ea10
INFO EXEC[0] pass#25 id=-1 shader='effects/tint' out='_rt_effect_pingpong_a_139026209367728' draw=4 visible=1 depth=0 blend=1 tex_count=1 out_img=0x7e710fd58b10 out_view=0x7e710fd58f50 out_ext=678x636
INFO   tex[0] binding=1 extent=678x636 handle=0x7e710fd59b90
INFO EXEC[0] pass#26 id=1616 shader='genericimage2' out='_rt_effect_pingpong_a_139026209344432' draw=4 visible=1 depth=0 blend=1 tex_count=3 out_img=0x7e710fd59b90 out_view=0x7e710fd5a790 out_ext=678x636
INFO   tex[0] binding=1 extent=678x636 handle=0x7e710fd580d0
INFO EXEC[0] pass#27 id=-1 shader='effects/waterwaves' out='_rt_effect_pingpong_b_139026209344432' draw=4 visible=1 depth=0 blend=1 tex_count=3 out_img=0x7e710fd5bb90 out_view=0x7e710fd5ba50 out_ext=678x636
INFO   tex[0] binding=1 extent=678x636 handle=0x7e710fd59b90
INFO   tex[1] binding=2 extent=339x318 handle=0x7e710fd59050
INFO   tex[2] binding=3 extent=4x4 handle=0x7e710fd4ea10
INFO EXEC[0] pass#28 id=40 shader='genericimage2' out='_rt_effect_pingpong_a_139026209363248' draw=4 visible=1 depth=0 blend=1 tex_count=3 out_img=0x7e710fd59b90 out_view=0x7e710fd5a790 out_ext=678x636
INFO   tex[0] binding=1 extent=678x636 handle=0x7e710fd580d0
INFO EXEC[0] pass#29 id=-1 shader='effects/waterwaves' out='_rt_effect_pingpong_b_139026209363248' draw=4 visible=1 depth=0 blend=1 tex_count=3 out_img=0x7e710fd5c490 out_view=0x7e710fd5bf10 out_ext=678x636
INFO   tex[0] binding=1 extent=678x636 handle=0x7e710fd59b90
INFO   tex[1] binding=2 extent=339x318 handle=0x7e710fd59050
INFO   tex[2] binding=3 extent=4x4 handle=0x7e710fd4ea10
INFO EXEC[0] pass#30 id=775 shader='genericimage2' out='_rt_effect_pingpong_a_139026209342192' draw=4 visible=1 depth=0 blend=1 tex_count=3 out_img=0x7e710fd59b90 out_view=0x7e710fd5a790 out_ext=678x636
INFO   tex[0] binding=1 extent=678x636 handle=0x7e710fd580d0
INFO EXEC[0] pass#31 id=-1 shader='effects/waterwaves' out='_rt_effect_pingpong_b_139026209342192' draw=4 visible=1 depth=0 blend=1 tex_count=3 out_img=0x7e710fd5ce90 out_view=0x7e710fd5ca10 out_ext=678x636
INFO   tex[0] binding=1 extent=678x636 handle=0x7e710fd59b90
INFO   tex[1] binding=2 extent=339x318 handle=0x7e710fd59050
INFO   tex[2] binding=3 extent=4x4 handle=0x7e710fd4ea10
INFO EXEC[0] pass#32 id=36 shader='genericimage2' out='_rt_effect_pingpong_a_139026209336368' draw=4 visible=1 depth=0 blend=1 tex_count=3 out_img=0x7e710fd5ca90 out_view=0x7e710fd5d190 out_ext=1920x1080
INFO   tex[0] binding=1 extent=1920x1080 handle=0x7e710fd5d050
INFO EXEC[0] pass#33 id=-1 shader='effects/foliagesway' out='_rt_effect_pingpong_a_139026209369968' draw=4 visible=1 depth=0 blend=1 tex_count=3 out_img=0x7e710fd50d90 out_view=0x7e710fd48fd0 out_ext=1575x2160
INFO   tex[0] binding=1 extent=1575x2160 handle=0x7e710fd41490
INFO   tex[1] binding=2 extent=787x1080 handle=0x7e710fd5df50
INFO   tex[2] binding=3 extent=256x256 handle=0x7e710fd5d890
INFO EXEC[0] pass#34 id=-1 shader='effects/shake' out='_rt_effect_pingpong_b_139026209369968' draw=4 visible=1 depth=0 blend=1 tex_count=4 out_img=0x7e710fd41490 out_view=0x7e710fd4fc10 out_ext=1575x2160
INFO   tex[0] binding=1 extent=1575x2160 handle=0x7e710fd50d90
INFO   tex[1] binding=2 extent=787x1080 handle=0x7e710fd5e850
INFO   tex[2] binding=3 extent=787x1080 handle=0x7e710fd5edd0
INFO   tex[3] binding=4 extent=787x1080 handle=0x7e710fd5e610
INFO EXEC[0] pass#35 id=-1 shader='effects/waterwaves' out='_rt_effect_pingpong_a_139026209369968' draw=4 visible=1 depth=0 blend=1 tex_count=3 out_img=0x7e710fd50d90 out_view=0x7e710fd48fd0 out_ext=1575x2160
INFO   tex[0] binding=1 extent=1575x2160 handle=0x7e710fd41490
INFO   tex[1] binding=2 extent=787x1080 handle=0x7e710fd5fc50
INFO   tex[2] binding=3 extent=4x4 handle=0x7e710fd4ea10
INFO EXEC[0] pass#36 id=-1 shader='effects/shake' out='_rt_effect_pingpong_b_139026209369968' draw=4 visible=1 depth=0 blend=1 tex_count=3 out_img=0x7e710fd41490 out_view=0x7e710fd4fc10 out_ext=1575x2160
INFO   tex[0] binding=1 extent=1575x2160 handle=0x7e710fd50d90
INFO   tex[1] binding=2 extent=787x1080 handle=0x7e710fd5f390
INFO   tex[2] binding=3 extent=4x4 handle=0x7e710fd53f10
INFO EXEC[0] pass#37 id=-1 shader='effects/foliagesway' out='_rt_effect_pingpong_a_139026209369968' draw=4 visible=1 depth=0 blend=1 tex_count=3 out_img=0x7e710fd50d90 out_view=0x7e710fd48fd0 out_ext=1575x2160
INFO   tex[0] binding=1 extent=1575x2160 handle=0x7e710fd41490
INFO   tex[1] binding=2 extent=787x1080 handle=0x7e710fd607d0
INFO   tex[2] binding=3 extent=256x256 handle=0x7e710fd5d890
INFO EXEC[0] pass#38 id=957 shader='genericimage2' out='_rt_effect_pingpong_a_139026209331440' draw=4 visible=1 depth=0 blend=1 tex_count=3 out_img=0x7e710fd61790 out_view=0x7e710fd60c50 out_ext=299x512
INFO   tex[0] binding=1 extent=300x512 handle=0x7e710fd61050
INFO EXEC[0] pass#39 id=-1 shader='effects/foliagesway' out='_rt_effect_pingpong_b_139026209331440' draw=4 visible=1 depth=0 blend=1 tex_count=3 out_img=0x7e710fd61b10 out_view=0x7e710fd62250 out_ext=299x512
INFO   tex[0] binding=1 extent=299x512 handle=0x7e710fd61790
INFO   tex[2] binding=2 extent=256x256 handle=0x7e710fd5d890
INFO EXEC[0] pass#40 id=976 shader='genericimage2' out='_rt_effect_pingpong_a_139026209328752' draw=4 visible=1 depth=0 blend=1 tex_count=3 out_img=0x7e710fd61790 out_view=0x7e710fd60c50 out_ext=299x512
INFO   tex[0] binding=1 extent=300x512 handle=0x7e710fd61050
INFO EXEC[0] pass#41 id=-1 shader='effects/foliagesway' out='_rt_effect_pingpong_b_139026209328752' draw=4 visible=1 depth=0 blend=1 tex_count=3 out_img=0x7e710fd62510 out_view=0x7e710fd62b90 out_ext=299x512
INFO   tex[0] binding=1 extent=299x512 handle=0x7e710fd61790
INFO   tex[2] binding=2 extent=256x256 handle=0x7e710fd5d890
INFO EXEC[0] pass#42 id=176 shader='genericimage2' out='_rt_effect_pingpong_a_139026209327856' draw=4 visible=1 depth=0 blend=1 tex_count=3 out_img=0x7e710fd61790 out_view=0x7e710fd60c50 out_ext=299x512
INFO   tex[0] binding=1 extent=300x512 handle=0x7e710fd61050
INFO EXEC[0] pass#43 id=-1 shader='effects/foliagesway' out='_rt_effect_pingpong_b_139026209327856' draw=4 visible=1 depth=0 blend=1 tex_count=3 out_img=0x7e710fd62c10 out_view=0x7e710fd63450 out_ext=299x512
INFO   tex[0] binding=1 extent=299x512 handle=0x7e710fd61790
INFO   tex[2] binding=2 extent=256x256 handle=0x7e710fd5d890
INFO EXEC[0] pass#44 id=1291 shader='genericimage2' out='_rt_default' draw=4 visible=1 depth=0 blend=1 tex_count=3 out_img=0x7e710fd44e90 out_view=0x7e710fd42e90 out_ext=360x640
INFO   tex[0] binding=1 extent=1920x1080 handle=0x7e710fd62810
INFO EXEC[0] pass#45 id=18 shader='genericimage2' out='_rt_default' draw=4 visible=1 depth=0 blend=1 tex_count=3 out_img=0x7e710fd44e90 out_view=0x7e710fd42e90 out_ext=360x640
INFO   tex[0] binding=1 extent=1920x1080 handle=0x7e710fd62810
INFO EXEC[0] pass#46 id=348 shader='genericparticle' out='_rt_default' draw=12 visible=1 depth=0 blend=1 tex_count=3 out_img=0x7e710fd44e90 out_view=0x7e710fd42e90 out_ext=360x640
INFO   tex[0] binding=1 extent=516x516 handle=0x7e710fd63350
INFO EXEC[0] pass#47 id=-1 shader='genericparticle' out='_rt_default' draw=12 visible=1 depth=0 blend=1 tex_count=3 out_img=0x7e710fd44e90 out_view=0x7e710fd42e90 out_ext=360x640
INFO   tex[0] binding=1 extent=516x516 handle=0x7e710fd63350
INFO EXEC[0] pass#48 id=-1 shader='genericparticle' out='_rt_default' draw=12 visible=1 depth=0 blend=1 tex_count=3 out_img=0x7e710fd44e90 out_view=0x7e710fd42e90 out_ext=360x640
INFO   tex[0] binding=1 extent=516x516 handle=0x7e710fd63350
INFO EXEC[0] pass#49 id=-1 shader='genericparticle' out='_rt_default' draw=0 visible=1 depth=0 blend=1 tex_count=3 out_img=0x7e710fd44e90 out_view=0x7e710fd42e90 out_ext=360x640
INFO   tex[0] binding=1 extent=516x516 handle=0x7e710fd63350
INFO EXEC[0] pass#50 id=3000 shader='genericparticle' out='_rt_default' draw=288 visible=1 depth=0 blend=1 tex_count=3 out_img=0x7e710fd44e90 out_view=0x7e710fd42e90 out_ext=360x640
INFO   tex[0] binding=1 extent=256x512 handle=0x7e710fd65c50
INFO EXEC[0] pass#51 id=830 shader='genericparticle' out='_rt_default' draw=294 visible=1 depth=0 blend=1 tex_count=3 out_img=0x7e710fd44e90 out_view=0x7e710fd42e90 out_ext=360x640
INFO   tex[0] binding=1 extent=256x512 handle=0x7e710fd65c50
INFO EXEC[0] pass#52 id=1005 shader='composelayer' out='_rt_effect_pingpong_a_139026209320240' draw=4 visible=1 depth=0 blend=1 tex_count=1 out_img=0x7e710fd66710 out_view=0x7e710fd66750 out_ext=360x640
INFO   tex[0] binding=1 extent=360x640 handle=0x7e710fd44e90
INFO EXEC[0] pass#53 id=-1 shader='effects/blur_downsample4' out='_rt__rt_QuarterCompoBuffer1_139024598708200' draw=4 visible=1 depth=0 blend=1 tex_count=1 out_img=0x7e710fd66790 out_view=0x7e710fd66990 out_ext=90x160
INFO   tex[0] binding=1 extent=360x640 handle=0x7e710fd66710
INFO EXEC[0] pass#54 id=-1 shader='effects/blur_gaussian' out='_rt__rt_QuarterCompoBuffer2_139024598708200' draw=4 visible=1 depth=0 blend=1 tex_count=1 out_img=0x7e710fd67350 out_view=0x7e710fd67390 out_ext=90x160
INFO   tex[0] binding=1 extent=90x160 handle=0x7e710fd66790
INFO EXEC[0] pass#55 id=-1 shader='effects/blur_gaussian' out='_rt__rt_QuarterCompoBuffer1_139024598708200' draw=4 visible=1 depth=0 blend=1 tex_count=1 out_img=0x7e710fd66790 out_view=0x7e710fd66990 out_ext=90x160
INFO   tex[0] binding=1 extent=90x160 handle=0x7e710fd67350
INFO EXEC[0] pass#56 id=-1 shader='effects/blur_combine' out='_rt_default' draw=4 visible=1 depth=0 blend=1 tex_count=3 out_img=0x7e710fd44e90 out_view=0x7e710fd42e90 out_ext=360x640
INFO   tex[0] binding=1 extent=90x160 handle=0x7e710fd66790
INFO   tex[2] binding=2 extent=360x640 handle=0x7e710fd66710
INFO EXEC[0] pass#57 id=293 shader='genericparticle' out='_rt_default' draw=300 visible=1 depth=0 blend=1 tex_count=3 out_img=0x7e710fd44e90 out_view=0x7e710fd42e90 out_ext=360x640
INFO   tex[0] binding=1 extent=256x512 handle=0x7e710fd65c50
INFO EXEC[0] pass#58 id=314 shader='genericropeparticle' out='_rt_default' draw=2952 visible=1 depth=0 blend=1 tex_count=2 out_img=0x7e710fd44e90 out_view=0x7e710fd42e90 out_ext=360x640
INFO   tex[0] binding=1 extent=32x128 handle=0x7e710fd67a10
INFO EXEC[0] pass#59 id=983 shader='genericropeparticle' out='_rt_default' draw=38634 visible=1 depth=0 blend=1 tex_count=1 out_img=0x7e710fd44e90 out_view=0x7e710fd42e90 out_ext=360x640
INFO   tex[0] binding=1 extent=32x128 handle=0x7e710fd67a10
INFO EXEC[0] pass#60 id=299 shader='genericparticle' out='_rt_default' draw=48 visible=1 depth=0 blend=1 tex_count=3 out_img=0x7e710fd44e90 out_view=0x7e710fd42e90 out_ext=360x640
INFO   tex[0] binding=1 extent=64x64 handle=0x7e710fd69510
INFO EXEC[0] pass#61 COPY '_rt_default' 360x640 -> '_rt_default_12_copy' 180x320
INFO EXEC[0] pass#62 id=286 shader='genericparticle' out='_rt_default' draw=1464 visible=1 depth=0 blend=1 tex_count=3 out_img=0x7e710fd44e90 out_view=0x7e710fd42e90 out_ext=360x640
INFO   tex[0] binding=1 extent=121x144 handle=0x7e710fd6a210
INFO   tex[1] binding=2 extent=64x64 handle=0x7e710fd6ab10
INFO   tex[2] binding=3 extent=180x320 handle=0x7e710fd69a50
INFO EXEC[0] pass#63 COPY '_rt_default' 360x640 -> '_rt_default_13_copy' 180x320
INFO EXEC[0] pass#64 id=1041 shader='genericparticle' out='_rt_default' draw=1428 visible=1 depth=0 blend=1 tex_count=3 out_img=0x7e710fd44e90 out_view=0x7e710fd42e90 out_ext=360x640
INFO   tex[0] binding=1 extent=121x144 handle=0x7e710fd6a210
INFO   tex[1] binding=2 extent=64x64 handle=0x7e710fd6ab10
INFO   tex[2] binding=3 extent=180x320 handle=0x7e710fd69a50
INFO EXEC[0] pass#65 id=22527 shader='genericparticle' out='_rt_default' draw=36 visible=1 depth=0 blend=1 tex_count=3 out_img=0x7e710fd44e90 out_view=0x7e710fd42e90 out_ext=360x640
INFO   tex[0] binding=1 extent=128x128 handle=0x7e710fd6a490
INFO EXEC[0] pass#66 id=22489 shader='genericparticle' out='_rt_default' draw=54 visible=1 depth=0 blend=1 tex_count=3 out_img=0x7e710fd44e90 out_view=0x7e710fd42e90 out_ext=360x640
INFO   tex[0] binding=1 extent=64x64 handle=0x7e710fd6b990
INFO audio Switch: loading 'sounds/Звуки природы - Шум дождя (www.hotplayer.ru).mp3' (channels=2, sampleRate=48000)
INFO not found "/assets/sounds/Звуки природы - Шум дождя (www.hotplayer.ru).mp3" in vfs
ERROR WPSoundParser.cpp:178 audio file not found: sounds/Звуки природы - Шум дождя (www.hotplayer.ru).mp3
INFO audio Switch: loading 'sounds/Veela and Irosa Rosali, Elsie - Closed (galamp3.com).mp3' (channels=2, sampleRate=48000)
INFO not found "/assets/sounds/Veela and Irosa Rosali, Elsie - Closed (galamp3.com).mp3" in vfs
ERROR WPSoundParser.cpp:178 audio file not found: sounds/Veela and Irosa Rosali, Elsie - Closed (galamp3.com).mp3
INFO EXEC[0] pass#67 id=-1 shader='effects/tint' out='_rt_default' draw=4 visible=1 depth=0 blend=1 tex_count=1 out_img=0x7e710fd44e90 out_view=0x7e710fd42e90 out_ext=360x640
INFO   tex[0] binding=1 extent=299x512 handle=0x7e710fd62c10
INFO EXEC[0] pass#68 id=-1 shader='effects/tint' out='_rt_default' draw=4 visible=1 depth=0 blend=1 tex_count=1 out_img=0x7e710fd44e90 out_view=0x7e710fd42e90 out_ext=360x640
INFO   tex[0] binding=1 extent=299x512 handle=0x7e710fd61b10
INFO EXEC[0] pass#69 id=-1 shader='effects/tint' out='_rt_default' draw=4 visible=1 depth=0 blend=1 tex_count=1 out_img=0x7e710fd44e90 out_view=0x7e710fd42e90 out_ext=360x640
INFO   tex[0] binding=1 extent=299x512 handle=0x7e710fd62510
INFO EXEC[0] pass#70 id=-1 shader='effects/foliagesway' out='_rt_default' draw=4 visible=1 depth=0 blend=1 tex_count=3 out_img=0x7e710fd44e90 out_view=0x7e710fd42e90 out_ext=360x640
INFO   tex[0] binding=1 extent=1920x1080 handle=0x7e710fd5ca90
INFO   tex[1] binding=2 extent=960x540 handle=0x7e710fd6c090
INFO   tex[2] binding=3 extent=256x256 handle=0x7e710fd5d890
INFO EXEC[0] pass#71 COPY '_rt_default' 360x640 -> '_rt_default_20_copy' 180x320
INFO EXEC[0] pass#72 id=1115 shader='genericparticle' out='_rt_default' draw=42 visible=1 depth=0 blend=1 tex_count=3 out_img=0x7e710fd44e90 out_view=0x7e710fd42e90 out_ext=360x640
INFO   tex[0] binding=1 extent=121x144 handle=0x7e710fd6a210
INFO   tex[1] binding=2 extent=64x64 handle=0x7e710fd6ab10
INFO   tex[2] binding=3 extent=180x320 handle=0x7e710fd69a50
INFO EXEC[0] pass#73 COPY '_rt_default' 360x640 -> '_rt_default_21_copy' 180x320
INFO EXEC[0] pass#74 id=509 shader='genericparticle' out='_rt_default' draw=60 visible=1 depth=0 blend=1 tex_count=3 out_img=0x7e710fd44e90 out_view=0x7e710fd42e90 out_ext=360x640
INFO   tex[0] binding=1 extent=121x144 handle=0x7e710fd6a210
INFO   tex[1] binding=2 extent=64x64 handle=0x7e710fd6ab10
INFO   tex[2] binding=3 extent=180x320 handle=0x7e710fd69a50
INFO EXEC[0] pass#75 id=-1 shader='genericimage2' out='_rt_default' draw=1329 visible=1 depth=0 blend=1 tex_count=3 out_img=0x7e710fd44e90 out_view=0x7e710fd42e90 out_ext=360x640
INFO   tex[0] binding=1 extent=678x636 handle=0x7e710fd5ce90
INFO EXEC[0] pass#76 id=-1 shader='genericimage2' out='_rt_default' draw=2040 visible=1 depth=0 blend=1 tex_count=3 out_img=0x7e710fd44e90 out_view=0x7e710fd42e90 out_ext=360x640
INFO   tex[0] binding=1 extent=1279x1761 handle=0x7e710fd3eb10
INFO EXEC[0] pass#77 id=-1 shader='genericimage2' out='_rt_default' draw=1329 visible=1 depth=0 blend=1 tex_count=3 out_img=0x7e710fd44e90 out_view=0x7e710fd42e90 out_ext=360x640
INFO   tex[0] binding=1 extent=678x636 handle=0x7e710fd5bb90
INFO EXEC[0] pass#78 id=-1 shader='genericimage2' out='_rt_default' draw=1887 visible=1 depth=0 blend=1 tex_count=3 out_img=0x7e710fd44e90 out_view=0x7e710fd42e90 out_ext=360x640
INFO   tex[0] binding=1 extent=429x661 handle=0x7e710fd51710
INFO EXEC[0] pass#79 id=-1 shader='genericimage2' out='_rt_default' draw=1476 visible=1 depth=0 blend=1 tex_count=3 out_img=0x7e710fd44e90 out_view=0x7e710fd42e90 out_ext=360x640
INFO   tex[0] binding=1 extent=847x1080 handle=0x7e710fd4a7d0
INFO EXEC[0] pass#80 id=-1 shader='genericimage2' out='_rt_default' draw=1329 visible=1 depth=0 blend=1 tex_count=3 out_img=0x7e710fd44e90 out_view=0x7e710fd42e90 out_ext=360x640
INFO   tex[0] binding=1 extent=678x636 handle=0x7e710fd59f90
INFO EXEC[0] pass#81 id=-1 shader='genericimage2' out='_rt_default' draw=1476 visible=1 depth=0 blend=1 tex_count=3 out_img=0x7e710fd44e90 out_view=0x7e710fd42e90 out_ext=360x640
INFO   tex[0] binding=1 extent=847x1080 handle=0x7e710fd4eed0
INFO EXEC[0] pass#82 id=-1 shader='genericimage2' out='_rt_default' draw=3018 visible=1 depth=0 blend=1 tex_count=3 out_img=0x7e710fd44e90 out_view=0x7e710fd42e90 out_ext=360x640
INFO   tex[0] binding=1 extent=1575x2160 handle=0x7e710fd50d90
INFO EXEC[0] pass#83 id=-1 shader='genericimage2' out='_rt_default' draw=1329 visible=1 depth=0 blend=1 tex_count=3 out_img=0x7e710fd44e90 out_view=0x7e710fd42e90 out_ext=360x640
INFO   tex[0] binding=1 extent=678x636 handle=0x7e710fd5c490
INFO EXEC[0] pass#84 id=-1 shader='genericimage2' out='_rt_default' draw=1104 visible=1 depth=0 blend=1 tex_count=3 out_img=0x7e710fd44e90 out_view=0x7e710fd42e90 out_ext=360x640
INFO   tex[0] binding=1 extent=479x609 handle=0x7e710fd53e10
INFO EXEC[0] pass#85 id=-1 shader='genericimage2' out='_rt_default' draw=1329 visible=1 depth=0 blend=1 tex_count=3 out_img=0x7e710fd44e90 out_view=0x7e710fd42e90 out_ext=360x640
INFO   tex[0] binding=1 extent=678x636 handle=0x7e710fd58b10
INFO EXEC[0] pass#86 id=-1 shader='genericimage2' out='_rt_default' draw=1104 visible=1 depth=0 blend=1 tex_count=3 out_img=0x7e710fd44e90 out_view=0x7e710fd42e90 out_ext=360x640
INFO   tex[0] binding=1 extent=479x609 handle=0x7e710fd4a8d0
INFO EXEC[0] pass#87 id=555 shader='composelayer' out='_rt_effect_pingpong_a_139026209352944' draw=4 visible=1 depth=0 blend=1 tex_count=1 out_img=0x7e710fd70c10 out_view=0x7e710fd71550 out_ext=512x512
INFO   tex[0] binding=1 extent=360x640 handle=0x7e710fd44e90
INFO EXEC[0] pass#88 id=-1 shader='workshop/2084198056/effects/Simple_Audio_Bars' out='_rt_default' draw=4 visible=1 depth=0 blend=1 tex_count=1 out_img=0x7e710fd44e90 out_view=0x7e710fd42e90 out_ext=360x640
INFO   tex[0] binding=1 extent=512x512 handle=0x7e710fd70c10
INFO EXEC[0] pass#89 FINPASS present=360x640 result_handle=0x7e710fd44e90
INFO render frame (offscreen): 91 passes executed, 0 skipped (not prepared), 91 total
INFO audio Switch: loading 'sounds/Звуки природы - Шум дождя (www.hotplayer.ru).mp3' (channels=2, sampleRate=48000)
INFO not found "/assets/sounds/Звуки природы - Шум дождя (www.hotplayer.ru).mp3" in vfs
ERROR WPSoundParser.cpp:178 audio file not found: sounds/Звуки природы - Шум дождя (www.hotplayer.ru).mp3
INFO audio Switch: loading 'sounds/Veela and Kooma - Pointless (galamp3.com).mp3' (channels=2, sampleRate=48000)
INFO not found "/assets/sounds/Veela and Kooma - Pointless (galamp3.com).mp3" in vfs
ERROR WPSoundParser.cpp:178 audio file not found: sounds/Veela and Kooma - Pointless (galamp3.com).mp3
INFO audio Switch: loading 'sounds/Звуки природы - Шум дождя (www.hotplayer.ru).mp3' (channels=2, sampleRate=48000)
INFO not found "/assets/sounds/Звуки природы - Шум дождя (www.hotplayer.ru).mp3" in vfs
ERROR WPSoundParser.cpp:178 audio file not found: sounds/Звуки природы - Шум дождя (www.hotplayer.ru).mp3
INFO audio Switch: loading 'sounds/Veela and Kooma - Retrospect (galamp3.com).mp3' (channels=2, sampleRate=48000)
INFO not found "/assets/sounds/Veela and Kooma - Retrospect (galamp3.com).mp3" in vfs
ERROR WPSoundParser.cpp:178 audio file not found: sounds/Veela and Kooma - Retrospect (galamp3.com).mp3
INFO audio Switch: loading 'sounds/Звуки природы - Шум дождя (www.hotplayer.ru).mp3' (channels=2, sampleRate=48000)
INFO not found "/assets/sounds/Звуки природы - Шум дождя (www.hotplayer.ru).mp3" in vfs
ERROR WPSoundParser.cpp:178 audio file not found: sounds/Звуки природы - Шум дождя (www.hotplayer.ru).mp3
INFO audio Switch: loading 'sounds/Kooma & Veela - Oasis (256  kbps).mp3' (channels=2, sampleRate=48000)
INFO not found "/assets/sounds/Kooma & Veela - Oasis (256  kbps).mp3" in vfs
ERROR WPSoundParser.cpp:178 audio file not found: sounds/Kooma & Veela - Oasis (256  kbps).mp3
INFO audio Switch: loading 'sounds/Звуки природы - Шум дождя (www.hotplayer.ru).mp3' (channels=2, sampleRate=48000)
INFO not found "/assets/sounds/Звуки природы - Шум дождя (www.hotplayer.ru).mp3" in vfs
ERROR WPSoundParser.cpp:178 audio file not found: sounds/Звуки природы - Шум дождя (www.hotplayer.ru).mp3
INFO audio Switch: loading 'sounds/aether-scotland-veela-valentine.mp3' (channels=2, sampleRate=48000)
INFO not found "/assets/sounds/aether-scotland-veela-valentine.mp3" in vfs
ERROR WPSoundParser.cpp:178 audio file not found: sounds/aether-scotland-veela-valentine.mp3
INFO audio Switch: loading 'sounds/Звуки природы - Шум дождя (www.hotplayer.ru).mp3' (channels=2, sampleRate=48000)
INFO not found "/assets/sounds/Звуки природы - Шум дождя (www.hotplayer.ru).mp3" in vfs
ERROR WPSoundParser.cpp:178 audio file not found: sounds/Звуки природы - Шум дождя (www.hotplayer.ru).mp3
INFO audio Switch: loading 'sounds/Veela and Irosa Rosali - Going Home (galamp3.com).mp3' (channels=2, sampleRate=48000)
INFO not found "/assets/sounds/Veela and Irosa Rosali - Going Home (galamp3.com).mp3" in vfs
ERROR WPSoundParser.cpp:178 audio file not found: sounds/Veela and Irosa Rosali - Going Home (galamp3.com).mp3
INFO audio Switch: loading 'sounds/Звуки природы - Шум дождя (www.hotplayer.ru).mp3' (channels=2, sampleRate=48000)
INFO not found "/assets/sounds/Звуки природы - Шум дождя (www.hotplayer.ru).mp3" in vfs
ERROR WPSoundParser.cpp:178 audio file not found: sounds/Звуки природы - Шум дождя (www.hotplayer.ru).mp3
INFO audio Switch: loading 'sounds/Veela and Irosa Rosali, Elsie - Closed (galamp3.com).mp3' (channels=2, sampleRate=48000)
INFO not found "/assets/sounds/Veela and Irosa Rosali, Elsie - Closed (galamp3.com).mp3" in vfs
ERROR WPSoundParser.cpp:178 audio file not found: sounds/Veela and Irosa Rosali, Elsie - Closed (galamp3.com).mp3
INFO audio Switch: loading 'sounds/Звуки природы - Шум дождя (www.hotplayer.ru).mp3' (channels=2, sampleRate=48000)
INFO not found "/assets/sounds/Звуки природы - Шум дождя (www.hotplayer.ru).mp3" in vfs
ERROR WPSoundParser.cpp:178 audio file not found: sounds/Звуки природы - Шум дождя (www.hotplayer.ru).mp3
INFO audio Switch: loading 'sounds/Veela and Kooma - Pointless (galamp3.com).mp3' (channels=2, sampleRate=48000)
INFO not found "/assets/sounds/Veela and Kooma - Pointless (galamp3.com).mp3" in vfs
ERROR WPSoundParser.cpp:178 audio file not found: sounds/Veela and Kooma - Pointless (galamp3.com).mp3
INFO audio Switch: loading 'sounds/Звуки природы - Шум дождя (www.hotplayer.ru).mp3' (channels=2, sampleRate=48000)
INFO not found "/assets/sounds/Звуки природы - Шум дождя (www.hotplayer.ru).mp3" in vfs
ERROR WPSoundParser.cpp:178 audio file not found: sounds/Звуки природы - Шум дождя (www.hotplayer.ru).mp3
INFO audio Switch: loading 'sounds/Veela and Kooma - Retrospect (galamp3.com).mp3' (channels=2, sampleRate=48000)
INFO not found "/assets/sounds/Veela and Kooma - Retrospect (galamp3.com).mp3" in vfs
ERROR WPSoundParser.cpp:178 audio file not found: sounds/Veela and Kooma - Retrospect (galamp3.com).mp3
INFO audio Switch: loading 'sounds/Звуки природы - Шум дождя (www.hotplayer.ru).mp3' (channels=2, sampleRate=48000)
INFO not found "/assets/sounds/Звуки природы - Шум дождя (www.hotplayer.ru).mp3" in vfs
ERROR WPSoundParser.cpp:178 audio file not found: sounds/Звуки природы - Шум дождя (www.hotplayer.ru).mp3
INFO audio Switch: loading 'sounds/Kooma & Veela - Oasis (256  kbps).mp3' (channels=2, sampleRate=48000)
INFO not found "/assets/sounds/Kooma & Veela - Oasis (256  kbps).mp3" in vfs
ERROR WPSoundParser.cpp:178 audio file not found: sounds/Kooma & Veela - Oasis (256  kbps).mp3
INFO audio Switch: loading 'sounds/Звуки природы - Шум дождя (www.hotplayer.ru).mp3' (channels=2, sampleRate=48000)
INFO not found "/assets/sounds/Звуки природы - Шум дождя (www.hotplayer.ru).mp3" in vfs
ERROR WPSoundParser.cpp:178 audio file not found: sounds/Звуки природы - Шум дождя (www.hotplayer.ru).mp3
INFO audio Switch: loading 'sounds/aether-scotland-veela-valentine.mp3' (channels=2, sampleRate=48000)
INFO not found "/assets/sounds/aether-scotland-veela-valentine.mp3" in vfs
ERROR WPSoundParser.cpp:178 audio file not found: sounds/aether-scotland-veela-valentine.mp3
INFO audio Switch: loading 'sounds/Звуки природы - Шум дождя (www.hotplayer.ru).mp3' (channels=2, sampleRate=48000)
INFO not found "/assets/sounds/Звуки природы - Шум дождя (www.hotplayer.ru).mp3" in vfs
ERROR WPSoundParser.cpp:178 audio file not found: sounds/Звуки природы - Шум дождя (www.hotplayer.ru).mp3
INFO audio Switch: loading 'sounds/Veela and Irosa Rosali - Going Home (galamp3.com).mp3' (channels=2, sampleRate=48000)
INFO not found "/assets/sounds/Veela and Irosa Rosali - Going Home (galamp3.com).mp3" in vfs
ERROR WPSoundParser.cpp:178 audio file not found: sounds/Veela and Irosa Rosali - Going Home (galamp3.com).mp3
INFO audio Switch: loading 'sounds/Звуки природы - Шум дождя (www.hotplayer.ru).mp3' (channels=2, sampleRate=48000)
INFO not found "/assets/sounds/Звуки природы - Шум дождя (www.hotplayer.ru).mp3" in vfs
ERROR WPSoundParser.cpp:178 audio file not found: sounds/Звуки природы - Шум дождя (www.hotplayer.ru).mp3
INFO audio Switch: loading 'sounds/Veela and Irosa Rosali, Elsie - Closed (galamp3.com).mp3' (channels=2, sampleRate=48000)
INFO not found "/assets/sounds/Veela and Irosa Rosali, Elsie - Closed (galamp3.com).mp3" in vfs
ERROR WPSoundParser.cpp:178 audio file not found: sounds/Veela and Irosa Rosali, Elsie - Closed (galamp3.com).mp3
INFO audio Switch: loading 'sounds/Звуки природы - Шум дождя (www.hotplayer.ru).mp3' (channels=2, sampleRate=48000)
INFO not found "/assets/sounds/Звуки природы - Шум дождя (www.hotplayer.ru).mp3" in vfs
ERROR WPSoundParser.cpp:178 audio file not found: sounds/Звуки природы - Шум дождя (www.hotplayer.ru).mp3
INFO audio Switch: loading 'sounds/Veela and Kooma - Pointless (galamp3.com).mp3' (channels=2, sampleRate=48000)
INFO not found "/assets/sounds/Veela and Kooma - Pointless (galamp3.com).mp3" in vfs
ERROR WPSoundParser.cpp:178 audio file not found: sounds/Veela and Kooma - Pointless (galamp3.com).mp3
INFO audio Switch: loading 'sounds/Звуки природы - Шум дождя (www.hotplayer.ru).mp3' (channels=2, sampleRate=48000)
INFO not found "/assets/sounds/Звуки природы - Шум дождя (www.hotplayer.ru).mp3" in vfs
ERROR WPSoundParser.cpp:178 audio file not found: sounds/Звуки природы - Шум дождя (www.hotplayer.ru).mp3
INFO audio Switch: loading 'sounds/Veela and Kooma - Retrospect (galamp3.com).mp3' (channels=2, sampleRate=48000)
INFO not found "/assets/sounds/Veela and Kooma - Retrospect (galamp3.com).mp3" in vfs
ERROR WPSoundParser.cpp:178 audio file not found: sounds/Veela and Kooma - Retrospect (galamp3.com).mp3
INFO audio Switch: loading 'sounds/Звуки природы - Шум дождя (www.hotplayer.ru).mp3' (channels=2, sampleRate=48000)
INFO not found "/assets/sounds/Звуки природы - Шум дождя (www.hotplayer.ru).mp3" in vfs
ERROR WPSoundParser.cpp:178 audio file not found: sounds/Звуки природы - Шум дождя (www.hotplayer.ru).mp3
INFO audio Switch: loading 'sounds/Kooma & Veela - Oasis (256  kbps).mp3' (channels=2, sampleRate=48000)
INFO not found "/assets/sounds/Kooma & Veela - Oasis (256  kbps).mp3" in vfs
ERROR WPSoundParser.cpp:178 audio file not found: sounds/Kooma & Veela - Oasis (256  kbps).mp3
INFO audio Switch: loading 'sounds/Звуки природы - Шум дождя (www.hotplayer.ru).mp3' (channels=2, sampleRate=48000)
INFO not found "/assets/sounds/Звуки природы - Шум дождя (www.hotplayer.ru).mp3" in vfs
ERROR WPSoundParser.cpp:178 audio file not found: sounds/Звуки природы - Шум дождя (www.hotplayer.ru).mp3
INFO audio Switch: loading 'sounds/aether-scotland-veela-valentine.mp3' (channels=2, sampleRate=48000)
INFO not found "/assets/sounds/aether-scotland-veela-valentine.mp3" in vfs
ERROR WPSoundParser.cpp:178 audio file not found: sounds/aether-scotland-veela-valentine.mp3
INFO audio Switch: loading 'sounds/Звуки природы - Шум дождя (www.hotplayer.ru).mp3' (channels=2, sampleRate=48000)
INFO not found "/assets/sounds/Звуки природы - Шум дождя (www.hotplayer.ru).mp3" in vfs
ERROR WPSoundParser.cpp:178 audio file not found: sounds/Звуки природы - Шум дождя (www.hotplayer.ru).mp3
INFO audio Switch: loading 'sounds/Veela and Irosa Rosali - Going Home (galamp3.com).mp3' (channels=2, sampleRate=48000)
INFO not found "/assets/sounds/Veela and Irosa Rosali - Going Home (galamp3.com).mp3" in vfs
ERROR WPSoundParser.cpp:178 audio file not found: sounds/Veela and Irosa Rosali - Going Home (galamp3.com).mp3
INFO audio Switch: loading 'sounds/Звуки природы - Шум дождя (www.hotplayer.ru).mp3' (channels=2, sampleRate=48000)
INFO not found "/assets/sounds/Звуки природы - Шум дождя (www.hotplayer.ru).mp3" in vfs
ERROR WPSoundParser.cpp:178 audio file not found: sounds/Звуки природы - Шум дождя (www.hotplayer.ru).mp3
INFO audio Switch: loading 'sounds/Veela and Irosa Rosali, Elsie - Closed (galamp3.com).mp3' (channels=2, sampleRate=48000)
INFO not found "/assets/sounds/Veela and Irosa Rosali, Elsie - Closed (galamp3.com).mp3" in vfs
ERROR WPSoundParser.cpp:178 audio file not found: sounds/Veela and Irosa Rosali, Elsie - Closed (galamp3.com).mp3
INFO audio Switch: loading 'sounds/Звуки природы - Шум дождя (www.hotplayer.ru).mp3' (channels=2, sampleRate=48000)
INFO not found "/assets/sounds/Звуки природы - Шум дождя (www.hotplayer.ru).mp3" in vfs
ERROR WPSoundParser.cpp:178 audio file not found: sounds/Звуки природы - Шум дождя (www.hotplayer.ru).mp3
INFO audio Switch: loading 'sounds/Veela and Kooma - Pointless (galamp3.com).mp3' (channels=2, sampleRate=48000)
INFO not found "/assets/sounds/Veela and Kooma - Pointless (galamp3.com).mp3" in vfs
ERROR WPSoundParser.cpp:178 audio file not found: sounds/Veela and Kooma - Pointless (galamp3.com).mp3
INFO audio Switch: loading 'sounds/Звуки природы - Шум дождя (www.hotplayer.ru).mp3' (channels=2, sampleRate=48000)
INFO not found "/assets/sounds/Звуки природы - Шум дождя (www.hotplayer.ru).mp3" in vfs
ERROR WPSoundParser.cpp:178 audio file not found: sounds/Звуки природы - Шум дождя (www.hotplayer.ru).mp3
INFO audio Switch: loading 'sounds/Veela and Kooma - Retrospect (galamp3.com).mp3' (channels=2, sampleRate=48000)
INFO not found "/assets/sounds/Veela and Kooma - Retrospect (galamp3.com).mp3" in vfs
ERROR WPSoundParser.cpp:178 audio file not found: sounds/Veela and Kooma - Retrospect (galamp3.com).mp3
INFO audio Switch: loading 'sounds/Звуки природы - Шум дождя (www.hotplayer.ru).mp3' (channels=2, sampleRate=48000)
INFO not found "/assets/sounds/Звуки природы - Шум дождя (www.hotplayer.ru).mp3" in vfs
ERROR WPSoundParser.cpp:178 audio file not found: sounds/Звуки природы - Шум дождя (www.hotplayer.ru).mp3
INFO audio Switch: loading 'sounds/Kooma & Veela - Oasis (256  kbps).mp3' (channels=2, sampleRate=48000)
INFO not found "/assets/sounds/Kooma & Veela - Oasis (256  kbps).mp3" in vfs
ERROR WPSoundParser.cpp:178 audio file not found: sounds/Kooma & Veela - Oasis (256  kbps).mp3
INFO audio Switch: loading 'sounds/Звуки природы - Шум дождя (www.hotplayer.ru).mp3' (channels=2, sampleRate=48000)
INFO not found "/assets/sounds/Звуки природы - Шум дождя (www.hotplayer.ru).mp3" in vfs
ERROR WPSoundParser.cpp:178 audio file not found: sounds/Звуки природы - Шум дождя (www.hotplayer.ru).mp3
INFO audio Switch: loading 'sounds/aether-scotland-veela-valentine.mp3' (channels=2, sampleRate=48000)
INFO not found "/assets/sounds/aether-scotland-veela-valentine.mp3" in vfs
ERROR WPSoundParser.cpp:178 audio file not found: sounds/aether-scotland-veela-valentine.mp3
INFO audio Switch: loading 'sounds/Звуки природы - Шум дождя (www.hotplayer.ru).mp3' (channels=2, sampleRate=48000)
INFO not found "/assets/sounds/Звуки природы - Шум дождя (www.hotplayer.ru).mp3" in vfs
ERROR WPSoundParser.cpp:178 audio file not found: sounds/Звуки природы - Шум дождя (www.hotplayer.ru).mp3
INFO audio Switch: loading 'sounds/Veela and Irosa Rosali - Going Home (galamp3.com).mp3' (channels=2, sampleRate=48000)
INFO not found "/assets/sounds/Veela and Irosa Rosali - Going Home (galamp3.com).mp3" in vfs
ERROR WPSoundParser.cpp:178 audio file not found: sounds/Veela and Irosa Rosali - Going Home (galamp3.com).mp3
INFO audio Switch: loading 'sounds/Звуки природы - Шум дождя (www.hotplayer.ru).mp3' (channels=2, sampleRate=48000)
INFO not found "/assets/sounds/Звуки природы - Шум дождя (www.hotplayer.ru).mp3" in vfs
ERROR WPSoundParser.cpp:178 audio file not found: sounds/Звуки природы - Шум дождя (www.hotplayer.ru).mp3
INFO audio Switch: loading 'sounds/Veela and Irosa Rosali, Elsie - Closed (galamp3.com).mp3' (channels=2, sampleRate=48000)
INFO not found "/assets/sounds/Veela and Irosa Rosali, Elsie - Closed (galamp3.com).mp3" in vfs
ERROR WPSoundParser.cpp:178 audio file not found: sounds/Veela and Irosa Rosali, Elsie - Closed (galamp3.com).mp3
INFO audio Switch: loading 'sounds/Звуки природы - Шум дождя (www.hotplayer.ru).mp3' (channels=2, sampleRate=48000)
INFO not found "/assets/sounds/Звуки природы - Шум дождя (www.hotplayer.ru).mp3" in vfs
ERROR WPSoundParser.cpp:178 audio file not found: sounds/Звуки природы - Шум дождя (www.hotplayer.ru).mp3
INFO audio Switch: loading 'sounds/Veela and Kooma - Pointless (galamp3.com).mp3' (channels=2, sampleRate=48000)
INFO not found "/assets/sounds/Veela and Kooma - Pointless (galamp3.com).mp3" in vfs
ERROR WPSoundParser.cpp:178 audio file not found: sounds/Veela and Kooma - Pointless (galamp3.com).mp3
INFO audio Switch: loading 'sounds/Звуки природы - Шум дождя (www.hotplayer.ru).mp3' (channels=2, sampleRate=48000)
INFO not found "/assets/sounds/Звуки природы - Шум дождя (www.hotplayer.ru).mp3" in vfs
ERROR WPSoundParser.cpp:178 audio file not found: sounds/Звуки природы - Шум дождя (www.hotplayer.ru).mp3
INFO audio Switch: loading 'sounds/Veela and Kooma - Retrospect (galamp3.com).mp3' (channels=2, sampleRate=48000)
INFO not found "/assets/sounds/Veela and Kooma - Retrospect (galamp3.com).mp3" in vfs
ERROR WPSoundParser.cpp:178 audio file not found: sounds/Veela and Kooma - Retrospect (galamp3.com).mp3
INFO audio Switch: loading 'sounds/Звуки природы - Шум дождя (www.hotplayer.ru).mp3' (channels=2, sampleRate=48000)
INFO not found "/assets/sounds/Звуки природы - Шум дождя (www.hotplayer.ru).mp3" in vfs
ERROR WPSoundParser.cpp:178 audio file not found: sounds/Звуки природы - Шум дождя (www.hotplayer.ru).mp3
INFO audio Switch: loading 'sounds/Kooma & Veela - Oasis (256  kbps).mp3' (channels=2, sampleRate=48000)
INFO not found "/assets/sounds/Kooma & Veela - Oasis (256  kbps).mp3" in vfs
ERROR WPSoundParser.cpp:178 audio file not found: sounds/Kooma & Veela - Oasis (256  kbps).mp3
INFO audio Switch: loading 'sounds/Звуки природы - Шум дождя (www.hotplayer.ru).mp3' (channels=2, sampleRate=48000)
INFO not found "/assets/sounds/Звуки природы - Шум дождя (www.hotplayer.ru).mp3" in vfs
ERROR WPSoundParser.cpp:178 audio file not found: sounds/Звуки природы - Шум дождя (www.hotplayer.ru).mp3
INFO audio Switch: loading 'sounds/aether-scotland-veela-valentine.mp3' (channels=2, sampleRate=48000)
INFO not found "/assets/sounds/aether-scotland-veela-valentine.mp3" in vfs
ERROR WPSoundParser.cpp:178 audio file not found: sounds/aether-scotland-veela-valentine.mp3
INFO audio Switch: loading 'sounds/Звуки природы - Шум дождя (www.hotplayer.ru).mp3' (channels=2, sampleRate=48000)
INFO not found "/assets/sounds/Звуки природы - Шум дождя (www.hotplayer.ru).mp3" in vfs
ERROR WPSoundParser.cpp:178 audio file not found: sounds/Звуки природы - Шум дождя (www.hotplayer.ru).mp3
INFO audio Switch: loading 'sounds/Veela and Irosa Rosali - Going Home (galamp3.com).mp3' (channels=2, sampleRate=48000)
INFO not found "/assets/sounds/Veela and Irosa Rosali - Going Home (galamp3.com).mp3" in vfs
ERROR WPSoundParser.cpp:178 audio file not found: sounds/Veela and Irosa Rosali - Going Home (galamp3.com).mp3
INFO audio Switch: loading 'sounds/Звуки природы - Шум дождя (www.hotplayer.ru).mp3' (channels=2, sampleRate=48000)
INFO not found "/assets/sounds/Звуки природы - Шум дождя (www.hotplayer.ru).mp3" in vfs
ERROR WPSoundParser.cpp:178 audio file not found: sounds/Звуки природы - Шум дождя (www.hotplayer.ru).mp3
INFO audio Switch: loading 'sounds/Veela and Irosa Rosali, Elsie - Closed (galamp3.com).mp3' (channels=2, sampleRate=48000)
INFO not found "/assets/sounds/Veela and Irosa Rosali, Elsie - Closed (galamp3.com).mp3" in vfs
ERROR WPSoundParser.cpp:178 audio file not found: sounds/Veela and Irosa Rosali, Elsie - Closed (galamp3.com).mp3
INFO audio Switch: loading 'sounds/Звуки природы - Шум дождя (www.hotplayer.ru).mp3' (channels=2, sampleRate=48000)
INFO not found "/assets/sounds/Звуки природы - Шум дождя (www.hotplayer.ru).mp3" in vfs
ERROR WPSoundParser.cpp:178 audio file not found: sounds/Звуки природы - Шум дождя (www.hotplayer.ru).mp3
INFO audio Switch: loading 'sounds/Veela and Kooma - Pointless (galamp3.com).mp3' (channels=2, sampleRate=48000)
INFO not found "/assets/sounds/Veela and Kooma - Pointless (galamp3.com).mp3" in vfs
ERROR WPSoundParser.cpp:178 audio file not found: sounds/Veela and Kooma - Pointless (galamp3.com).mp3
INFO audio Switch: loading 'sounds/Звуки природы - Шум дождя (www.hotplayer.ru).mp3' (channels=2, sampleRate=48000)
INFO not found "/assets/sounds/Звуки природы - Шум дождя (www.hotplayer.ru).mp3" in vfs
ERROR WPSoundParser.cpp:178 audio file not found: sounds/Звуки природы - Шум дождя (www.hotplayer.ru).mp3
INFO audio Switch: loading 'sounds/Veela and Kooma - Retrospect (galamp3.com).mp3' (channels=2, sampleRate=48000)
INFO not found "/assets/sounds/Veela and Kooma - Retrospect (galamp3.com).mp3" in vfs
ERROR WPSoundParser.cpp:178 audio file not found: sounds/Veela and Kooma - Retrospect (galamp3.com).mp3
INFO audio Switch: loading 'sounds/Звуки природы - Шум дождя (www.hotplayer.ru).mp3' (channels=2, sampleRate=48000)
INFO not found "/assets/sounds/Звуки природы - Шум дождя (www.hotplayer.ru).mp3" in vfs
ERROR WPSoundParser.cpp:178 audio file not found: sounds/Звуки природы - Шум дождя (www.hotplayer.ru).mp3
INFO audio Switch: loading 'sounds/Kooma & Veela - Oasis (256  kbps).mp3' (channels=2, sampleRate=48000)
INFO not found "/assets/sounds/Kooma & Veela - Oasis (256  kbps).mp3" in vfs
ERROR WPSoundParser.cpp:178 audio file not found: sounds/Kooma & Veela - Oasis (256  kbps).mp3
INFO audio Switch: loading 'sounds/Звуки природы - Шум дождя (www.hotplayer.ru).mp3' (channels=2, sampleRate=48000)
INFO not found "/assets/sounds/Звуки природы - Шум дождя (www.hotplayer.ru).mp3" in vfs
ERROR WPSoundParser.cpp:178 audio file not found: sounds/Звуки природы - Шум дождя (www.hotplayer.ru).mp3
INFO audio Switch: loading 'sounds/aether-scotland-veela-valentine.mp3' (channels=2, sampleRate=48000)
INFO not found "/assets/sounds/aether-scotland-veela-valentine.mp3" in vfs
ERROR WPSoundParser.cpp:178 audio file not found: sounds/aether-scotland-veela-valentine.mp3
INFO audio Switch: loading 'sounds/Звуки природы - Шум дождя (www.hotplayer.ru).mp3' (channels=2, sampleRate=48000)
INFO not found "/assets/sounds/Звуки природы - Шум дождя (www.hotplayer.ru).mp3" in vfs
ERROR WPSoundParser.cpp:178 audio file not found: sounds/Звуки природы - Шум дождя (www.hotplayer.ru).mp3
INFO audio Switch: loading 'sounds/Veela and Irosa Rosali - Going Home (galamp3.com).mp3' (channels=2, sampleRate=48000)
INFO not found "/assets/sounds/Veela and Irosa Rosali - Going Home (galamp3.com).mp3" in vfs
ERROR WPSoundParser.cpp:178 audio file not found: sounds/Veela and Irosa Rosali - Going Home (galamp3.com).mp3
INFO audio Switch: loading 'sounds/Звуки природы - Шум дождя (www.hotplayer.ru).mp3' (channels=2, sampleRate=48000)
INFO not found "/assets/sounds/Звуки природы - Шум дождя (www.hotplayer.ru).mp3" in vfs
ERROR WPSoundParser.cpp:178 audio file not found: sounds/Звуки природы - Шум дождя (www.hotplayer.ru).mp3
INFO audio Switch: loading 'sounds/Veela and Irosa Rosali, Elsie - Closed (galamp3.com).mp3' (channels=2, sampleRate=48000)
INFO not found "/assets/sounds/Veela and Irosa Rosali, Elsie - Closed (galamp3.com).mp3" in vfs
ERROR WPSoundParser.cpp:178 audio file not found: sounds/Veela and Irosa Rosali, Elsie - Closed (galamp3.com).mp3
INFO audio Switch: loading 'sounds/Звуки природы - Шум дождя (www.hotplayer.ru).mp3' (channels=2, sampleRate=48000)
INFO not found "/assets/sounds/Звуки природы - Шум дождя (www.hotplayer.ru).mp3" in vfs
ERROR WPSoundParser.cpp:178 audio file not found: sounds/Звуки природы - Шум дождя (www.hotplayer.ru).mp3
INFO audio Switch: loading 'sounds/Veela and Kooma - Pointless (galamp3.com).mp3' (channels=2, sampleRate=48000)
INFO not found "/assets/sounds/Veela and Kooma - Pointless (galamp3.com).mp3" in vfs
ERROR WPSoundParser.cpp:178 audio file not found: sounds/Veela and Kooma - Pointless (galamp3.com).mp3
INFO audio Switch: loading 'sounds/Звуки природы - Шум дождя (www.hotplayer.ru).mp3' (channels=2, sampleRate=48000)
INFO not found "/assets/sounds/Звуки природы - Шум дождя (www.hotplayer.ru).mp3" in vfs
ERROR WPSoundParser.cpp:178 audio file not found: sounds/Звуки природы - Шум дождя (www.hotplayer.ru).mp3
INFO audio Switch: loading 'sounds/Veela and Kooma - Retrospect (galamp3.com).mp3' (channels=2, sampleRate=48000)
INFO not found "/assets/sounds/Veela and Kooma - Retrospect (galamp3.com).mp3" in vfs
ERROR WPSoundParser.cpp:178 audio file not found: sounds/Veela and Kooma - Retrospect (galamp3.com).mp3
INFO audio Switch: loading 'sounds/Звуки природы - Шум дождя (www.hotplayer.ru).mp3' (channels=2, sampleRate=48000)
INFO not found "/assets/sounds/Звуки природы - Шум дождя (www.hotplayer.ru).mp3" in vfs
ERROR WPSoundParser.cpp:178 audio file not found: sounds/Звуки природы - Шум дождя (www.hotplayer.ru).mp3
INFO audio Switch: loading 'sounds/Kooma & Veela - Oasis (256  kbps).mp3' (channels=2, sampleRate=48000)
INFO not found "/assets/sounds/Kooma & Veela - Oasis (256  kbps).mp3" in vfs
ERROR WPSoundParser.cpp:178 audio file not found: sounds/Kooma & Veela - Oasis (256  kbps).mp3
INFO audio Switch: loading 'sounds/Звуки природы - Шум дождя (www.hotplayer.ru).mp3' (channels=2, sampleRate=48000)
INFO not found "/assets/sounds/Звуки природы - Шум дождя (www.hotplayer.ru).mp3" in vfs
ERROR WPSoundParser.cpp:178 audio file not found: sounds/Звуки природы - Шум дождя (www.hotplayer.ru).mp3
INFO audio Switch: loading 'sounds/aether-scotland-veela-valentine.mp3' (channels=2, sampleRate=48000)
INFO not found "/assets/sounds/aether-scotland-veela-valentine.mp3" in vfs
ERROR WPSoundParser.cpp:178 audio file not found: sounds/aether-scotland-veela-valentine.mp3
INFO audio Switch: loading 'sounds/Звуки природы - Шум дождя (www.hotplayer.ru).mp3' (channels=2, sampleRate=48000)
INFO not found "/assets/sounds/Звуки природы - Шум дождя (www.hotplayer.ru).mp3" in vfs
ERROR WPSoundParser.cpp:178 audio file not found: sounds/Звуки природы - Шум дождя (www.hotplayer.ru).mp3
INFO audio Switch: loading 'sounds/Veela and Irosa Rosali - Going Home (galamp3.com).mp3' (channels=2, sampleRate=48000)
INFO not found "/assets/sounds/Veela and Irosa Rosali - Going Home (galamp3.com).mp3" in vfs
ERROR WPSoundParser.cpp:178 audio file not found: sounds/Veela and Irosa Rosali - Going Home (galamp3.com).mp3
INFO audio Switch: loading 'sounds/Звуки природы - Шум дождя (www.hotplayer.ru).mp3' (channels=2, sampleRate=48000)
INFO not found "/assets/sounds/Звуки природы - Шум дождя (www.hotplayer.ru).mp3" in vfs
ERROR WPSoundParser.cpp:178 audio file not found: sounds/Звуки природы - Шум дождя (www.hotplayer.ru).mp3
INFO audio Switch: loading 'sounds/Veela and Irosa Rosali, Elsie - Closed (galamp3.com).mp3' (channels=2, sampleRate=48000)
INFO not found "/assets/sounds/Veela and Irosa Rosali, Elsie - Closed (galamp3.com).mp3" in vfs
ERROR WPSoundParser.cpp:178 audio file not found: sounds/Veela and Irosa Rosali, Elsie - Closed (galamp3.com).mp3
INFO audio Switch: loading 'sounds/Звуки природы - Шум дождя (www.hotplayer.ru).mp3' (channels=2, sampleRate=48000)
INFO not found "/assets/sounds/Звуки природы - Шум дождя (www.hotplayer.ru).mp3" in vfs
ERROR WPSoundParser.cpp:178 audio file not found: sounds/Звуки природы - Шум дождя (www.hotplayer.ru).mp3
INFO audio Switch: loading 'sounds/Veela and Kooma - Pointless (galamp3.com).mp3' (channels=2, sampleRate=48000)
INFO not found "/assets/sounds/Veela and Kooma - Pointless (galamp3.com).mp3" in vfs
ERROR WPSoundParser.cpp:178 audio file not found: sounds/Veela and Kooma - Pointless (galamp3.com).mp3
INFO audio Switch: loading 'sounds/Звуки природы - Шум дождя (www.hotplayer.ru).mp3' (channels=2, sampleRate=48000)
INFO not found "/assets/sounds/Звуки природы - Шум дождя (www.hotplayer.ru).mp3" in vfs
ERROR WPSoundParser.cpp:178 audio file not found: sounds/Звуки природы - Шум дождя (www.hotplayer.ru).mp3
INFO audio Switch: loading 'sounds/Veela and Kooma - Retrospect (galamp3.com).mp3' (channels=2, sampleRate=48000)
INFO not found "/assets/sounds/Veela and Kooma - Retrospect (galamp3.com).mp3" in vfs
ERROR WPSoundParser.cpp:178 audio file not found: sounds/Veela and Kooma - Retrospect (galamp3.com).mp3
INFO audio Switch: loading 'sounds/Звуки природы - Шум дождя (www.hotplayer.ru).mp3' (channels=2, sampleRate=48000)
INFO not found "/assets/sounds/Звуки природы - Шум дождя (www.hotplayer.ru).mp3" in vfs
ERROR WPSoundParser.cpp:178 audio file not found: sounds/Звуки природы - Шум дождя (www.hotplayer.ru).mp3
INFO audio Switch: loading 'sounds/Kooma & Veela - Oasis (256  kbps).mp3' (channels=2, sampleRate=48000)
INFO not found "/assets/sounds/Kooma & Veela - Oasis (256  kbps).mp3" in vfs
ERROR WPSoundParser.cpp:178 audio file not found: sounds/Kooma & Veela - Oasis (256  kbps).mp3
INFO audio Switch: loading 'sounds/Звуки природы - Шум дождя (www.hotplayer.ru).mp3' (channels=2, sampleRate=48000)
INFO not found "/assets/sounds/Звуки природы - Шум дождя (www.hotplayer.ru).mp3" in vfs
ERROR WPSoundParser.cpp:178 audio file not found: sounds/Звуки природы - Шум дождя (www.hotplayer.ru).mp3
INFO audio Switch: loading 'sounds/aether-scotland-veela-valentine.mp3' (channels=2, sampleRate=48000)
INFO not found "/assets/sounds/aether-scotland-veela-valentine.mp3" in vfs
ERROR WPSoundParser.cpp:178 audio file not found: sounds/aether-scotland-veela-valentine.mp3
INFO audio Switch: loading 'sounds/Звуки природы - Шум дождя (www.hotplayer.ru).mp3' (channels=2, sampleRate=48000)
INFO not found "/assets/sounds/Звуки природы - Шум дождя (www.hotplayer.ru).mp3" in vfs
ERROR WPSoundParser.cpp:178 audio file not found: sounds/Звуки природы - Шум дождя (www.hotplayer.ru).mp3
INFO audio Switch: loading 'sounds/Veela and Irosa Rosali - Going Home (galamp3.com).mp3' (channels=2, sampleRate=48000)
INFO not found "/assets/sounds/Veela and Irosa Rosali - Going Home (galamp3.com).mp3" in vfs
ERROR WPSoundParser.cpp:178 audio file not found: sounds/Veela and Irosa Rosali - Going Home (galamp3.com).mp3
INFO audio Switch: loading 'sounds/Звуки природы - Шум дождя (www.hotplayer.ru).mp3' (channels=2, sampleRate=48000)
INFO not found "/assets/sounds/Звуки природы - Шум дождя (www.hotplayer.ru).mp3" in vfs
ERROR WPSoundParser.cpp:178 audio file not found: sounds/Звуки природы - Шум дождя (www.hotplayer.ru).mp3
INFO audio Switch: loading 'sounds/Veela and Irosa Rosali, Elsie - Closed (galamp3.com).mp3' (channels=2, sampleRate=48000)
INFO not found "/assets/sounds/Veela and Irosa Rosali, Elsie - Closed (galamp3.com).mp3" in vfs
ERROR WPSoundParser.cpp:178 audio file not found: sounds/Veela and Irosa Rosali, Elsie - Closed (galamp3.com).mp3
INFO audio Switch: loading 'sounds/Звуки природы - Шум дождя (www.hotplayer.ru).mp3' (channels=2, sampleRate=48000)
INFO not found "/assets/sounds/Звуки природы - Шум дождя (www.hotplayer.ru).mp3" in vfs
ERROR WPSoundParser.cpp:178 audio file not found: sounds/Звуки природы - Шум дождя (www.hotplayer.ru).mp3
INFO audio Switch: loading 'sounds/Veela and Kooma - Pointless (galamp3.com).mp3' (channels=2, sampleRate=48000)
INFO not found "/assets/sounds/Veela and Kooma - Pointless (galamp3.com).mp3" in vfs
ERROR WPSoundParser.cpp:178 audio file not found: sounds/Veela and Kooma - Pointless (galamp3.com).mp3
INFO audio Switch: loading 'sounds/Звуки природы - Шум дождя (www.hotplayer.ru).mp3' (channels=2, sampleRate=48000)
INFO not found "/assets/sounds/Звуки природы - Шум дождя (www.hotplayer.ru).mp3" in vfs
ERROR WPSoundParser.cpp:178 audio file not found: sounds/Звуки природы - Шум дождя (www.hotplayer.ru).mp3
INFO audio Switch: loading 'sounds/Veela and Kooma - Retrospect (galamp3.com).mp3' (channels=2, sampleRate=48000)
INFO not found "/assets/sounds/Veela and Kooma - Retrospect (galamp3.com).mp3" in vfs
ERROR WPSoundParser.cpp:178 audio file not found: sounds/Veela and Kooma - Retrospect (galamp3.com).mp3
INFO audio Switch: loading 'sounds/Звуки природы - Шум дождя (www.hotplayer.ru).mp3' (channels=2, sampleRate=48000)
INFO not found "/assets/sounds/Звуки природы - Шум дождя (www.hotplayer.ru).mp3" in vfs
ERROR WPSoundParser.cpp:178 audio file not found: sounds/Звуки природы - Шум дождя (www.hotplayer.ru).mp3
INFO audio Switch: loading 'sounds/Kooma & Veela - Oasis (256  kbps).mp3' (channels=2, sampleRate=48000)
INFO not found "/assets/sounds/Kooma & Veela - Oasis (256  kbps).mp3" in vfs
ERROR WPSoundParser.cpp:178 audio file not found: sounds/Kooma & Veela - Oasis (256  kbps).mp3
INFO audio Switch: loading 'sounds/Звуки природы - Шум дождя (www.hotplayer.ru).mp3' (channels=2, sampleRate=48000)
INFO not found "/assets/sounds/Звуки природы - Шум дождя (www.hotplayer.ru).mp3" in vfs
ERROR WPSoundParser.cpp:178 audio file not found: sounds/Звуки природы - Шум дождя (www.hotplayer.ru).mp3
INFO audio Switch: loading 'sounds/aether-scotland-veela-valentine.mp3' (channels=2, sampleRate=48000)
INFO not found "/assets/sounds/aether-scotland-veela-valentine.mp3" in vfs
ERROR WPSoundParser.cpp:178 audio file not found: sounds/aether-scotland-veela-valentine.mp3
INFO audio Switch: loading 'sounds/Звуки природы - Шум дождя (www.hotplayer.ru).mp3' (channels=2, sampleRate=48000)
INFO not found "/assets/sounds/Звуки природы - Шум дождя (www.hotplayer.ru).mp3" in vfs
ERROR WPSoundParser.cpp:178 audio file not found: sounds/Звуки природы - Шум дождя (www.hotplayer.ru).mp3
INFO audio Switch: loading 'sounds/Veela and Irosa Rosali - Going Home (galamp3.com).mp3' (channels=2, sampleRate=48000)
INFO not found "/assets/sounds/Veela and Irosa Rosali - Going Home (galamp3.com).mp3" in vfs
ERROR WPSoundParser.cpp:178 audio file not found: sounds/Veela and Irosa Rosali - Going Home (galamp3.com).mp3
INFO audio Switch: loading 'sounds/Звуки природы - Шум дождя (www.hotplayer.ru).mp3' (channels=2, sampleRate=48000)
INFO not found "/assets/sounds/Звуки природы - Шум дождя (www.hotplayer.ru).mp3" in vfs
ERROR WPSoundParser.cpp:178 audio file not found: sounds/Звуки природы - Шум дождя (www.hotplayer.ru).mp3
INFO audio Switch: loading 'sounds/Veela and Irosa Rosali, Elsie - Closed (galamp3.com).mp3' (channels=2, sampleRate=48000)
INFO not found "/assets/sounds/Veela and Irosa Rosali, Elsie - Closed (galamp3.com).mp3" in vfs
ERROR WPSoundParser.cpp:178 audio file not found: sounds/Veela and Irosa Rosali, Elsie - Closed (galamp3.com).mp3
INFO audio Switch: loading 'sounds/Звуки природы - Шум дождя (www.hotplayer.ru).mp3' (channels=2, sampleRate=48000)
INFO not found "/assets/sounds/Звуки природы - Шум дождя (www.hotplayer.ru).mp3" in vfs
ERROR WPSoundParser.cpp:178 audio file not found: sounds/Звуки природы - Шум дождя (www.hotplayer.ru).mp3
INFO audio Switch: loading 'sounds/Veela and Kooma - Pointless (galamp3.com).mp3' (channels=2, sampleRate=48000)
INFO not found "/assets/sounds/Veela and Kooma - Pointless (galamp3.com).mp3" in vfs
ERROR WPSoundParser.cpp:178 audio file not found: sounds/Veela and Kooma - Pointless (galamp3.com).mp3
INFO audio Switch: loading 'sounds/Звуки природы - Шум дождя (www.hotplayer.ru).mp3' (channels=2, sampleRate=48000)
INFO not found "/assets/sounds/Звуки природы - Шум дождя (www.hotplayer.ru).mp3" in vfs
ERROR WPSoundParser.cpp:178 audio file not found: sounds/Звуки природы - Шум дождя (www.hotplayer.ru).mp3
INFO audio Switch: loading 'sounds/Veela and Kooma - Retrospect (galamp3.com).mp3' (channels=2, sampleRate=48000)
INFO not found "/assets/sounds/Veela and Kooma - Retrospect (galamp3.com).mp3" in vfs
ERROR WPSoundParser.cpp:178 audio file not found: sounds/Veela and Kooma - Retrospect (galamp3.com).mp3
INFO audio Switch: loading 'sounds/Звуки природы - Шум дождя (www.hotplayer.ru).mp3' (channels=2, sampleRate=48000)
INFO not found "/assets/sounds/Звуки природы - Шум дождя (www.hotplayer.ru).mp3" in vfs
ERROR WPSoundParser.cpp:178 audio file not found: sounds/Звуки природы - Шум дождя (www.hotplayer.ru).mp3
INFO audio Switch: loading 'sounds/Kooma & Veela - Oasis (256  kbps).mp3' (channels=2, sampleRate=48000)
INFO not found "/assets/sounds/Kooma & Veela - Oasis (256  kbps).mp3" in vfs
ERROR WPSoundParser.cpp:178 audio file not found: sounds/Kooma & Veela - Oasis (256  kbps).mp3
INFO audio Switch: loading 'sounds/Звуки природы - Шум дождя (www.hotplayer.ru).mp3' (channels=2, sampleRate=48000)
INFO not found "/assets/sounds/Звуки природы - Шум дождя (www.hotplayer.ru).mp3" in vfs
ERROR WPSoundParser.cpp:178 audio file not found: sounds/Звуки природы - Шум дождя (www.hotplayer.ru).mp3
INFO audio Switch: loading 'sounds/aether-scotland-veela-valentine.mp3' (channels=2, sampleRate=48000)
INFO not found "/assets/sounds/aether-scotland-veela-valentine.mp3" in vfs
ERROR WPSoundParser.cpp:178 audio file not found: sounds/aether-scotland-veela-valentine.mp3
INFO audio Switch: loading 'sounds/Звуки природы - Шум дождя (www.hotplayer.ru).mp3' (channels=2, sampleRate=48000)
INFO not found "/assets/sounds/Звуки природы - Шум дождя (www.hotplayer.ru).mp3" in vfs
ERROR WPSoundParser.cpp:178 audio file not found: sounds/Звуки природы - Шум дождя (www.hotplayer.ru).mp3
INFO audio Switch: loading 'sounds/Veela and Irosa Rosali - Going Home (galamp3.com).mp3' (channels=2, sampleRate=48000)
INFO not found "/assets/sounds/Veela and Irosa Rosali - Going Home (galamp3.com).mp3" in vfs
ERROR WPSoundParser.cpp:178 audio file not found: sounds/Veela and Irosa Rosali - Going Home (galamp3.com).mp3
INFO audio Switch: loading 'sounds/Звуки природы - Шум дождя (www.hotplayer.ru).mp3' (channels=2, sampleRate=48000)
INFO not found "/assets/sounds/Звуки природы - Шум дождя (www.hotplayer.ru).mp3" in vfs
ERROR WPSoundParser.cpp:178 audio file not found: sounds/Звуки природы - Шум дождя (www.hotplayer.ru).mp3
INFO audio Switch: loading 'sounds/Veela and Irosa Rosali, Elsie - Closed (galamp3.com).mp3' (channels=2, sampleRate=48000)
INFO not found "/assets/sounds/Veela and Irosa Rosali, Elsie - Closed (galamp3.com).mp3" in vfs
ERROR WPSoundParser.cpp:178 audio file not found: sounds/Veela and Irosa Rosali, Elsie - Closed (galamp3.com).mp3
INFO audio Switch: loading 'sounds/Звуки природы - Шум дождя (www.hotplayer.ru).mp3' (channels=2, sampleRate=48000)
INFO not found "/assets/sounds/Звуки природы - Шум дождя (www.hotplayer.ru).mp3" in vfs
ERROR WPSoundParser.cpp:178 audio file not found: sounds/Звуки природы - Шум дождя (www.hotplayer.ru).mp3
INFO audio Switch: loading 'sounds/Veela and Kooma - Pointless (galamp3.com).mp3' (channels=2, sampleRate=48000)
INFO not found "/assets/sounds/Veela and Kooma - Pointless (galamp3.com).mp3" in vfs
ERROR WPSoundParser.cpp:178 audio file not found: sounds/Veela and Kooma - Pointless (galamp3.com).mp3
INFO audio Switch: loading 'sounds/Звуки природы - Шум дождя (www.hotplayer.ru).mp3' (channels=2, sampleRate=48000)
INFO not found "/assets/sounds/Звуки природы - Шум дождя (www.hotplayer.ru).mp3" in vfs
ERROR WPSoundParser.cpp:178 audio file not found: sounds/Звуки природы - Шум дождя (www.hotplayer.ru).mp3
INFO audio Switch: loading 'sounds/Veela and Kooma - Retrospect (galamp3.com).mp3' (channels=2, sampleRate=48000)
INFO not found "/assets/sounds/Veela and Kooma - Retrospect (galamp3.com).mp3" in vfs
ERROR WPSoundParser.cpp:178 audio file not found: sounds/Veela and Kooma - Retrospect (galamp3.com).mp3
INFO audio Switch: loading 'sounds/Звуки природы - Шум дождя (www.hotplayer.ru).mp3' (channels=2, sampleRate=48000)
INFO not found "/assets/sounds/Звуки природы - Шум дождя (www.hotplayer.ru).mp3" in vfs
ERROR WPSoundParser.cpp:178 audio file not found: sounds/Звуки природы - Шум дождя (www.hotplayer.ru).mp3
INFO audio Switch: loading 'sounds/Kooma & Veela - Oasis (256  kbps).mp3' (channels=2, sampleRate=48000)
INFO not found "/assets/sounds/Kooma & Veela - Oasis (256  kbps).mp3" in vfs
ERROR WPSoundParser.cpp:178 audio file not found: sounds/Kooma & Veela - Oasis (256  kbps).mp3
INFO audio Switch: loading 'sounds/Звуки природы - Шум дождя (www.hotplayer.ru).mp3' (channels=2, sampleRate=48000)
INFO not found "/assets/sounds/Звуки природы - Шум дождя (www.hotplayer.ru).mp3" in vfs
ERROR WPSoundParser.cpp:178 audio file not found: sounds/Звуки природы - Шум дождя (www.hotplayer.ru).mp3
INFO audio Switch: loading 'sounds/aether-scotland-veela-valentine.mp3' (channels=2, sampleRate=48000)
INFO not found "/assets/sounds/aether-scotland-veela-valentine.mp3" in vfs
ERROR WPSoundParser.cpp:178 audio file not found: sounds/aether-scotland-veela-valentine.mp3
INFO audio Switch: loading 'sounds/Звуки природы - Шум дождя (www.hotplayer.ru).mp3' (channels=2, sampleRate=48000)
INFO not found "/assets/sounds/Звуки природы - Шум дождя (www.hotplayer.ru).mp3" in vfs
ERROR WPSoundParser.cpp:178 audio file not found: sounds/Звуки природы - Шум дождя (www.hotplayer.ru).mp3
INFO audio Switch: loading 'sounds/Veela and Irosa Rosali - Going Home (galamp3.com).mp3' (channels=2, sampleRate=48000)
INFO not found "/assets/sounds/Veela and Irosa Rosali - Going Home (galamp3.com).mp3" in vfs
ERROR WPSoundParser.cpp:178 audio file not found: sounds/Veela and Irosa Rosali - Going Home (galamp3.com).mp3
INFO audio Switch: loading 'sounds/Звуки природы - Шум дождя (www.hotplayer.ru).mp3' (channels=2, sampleRate=48000)
INFO not found "/assets/sounds/Звуки природы - Шум дождя (www.hotplayer.ru).mp3" in vfs
ERROR WPSoundParser.cpp:178 audio file not found: sounds/Звуки природы - Шум дождя (www.hotplayer.ru).mp3
INFO audio Switch: loading 'sounds/Veela and Irosa Rosali, Elsie - Closed (galamp3.com).mp3' (channels=2, sampleRate=48000)
INFO not found "/assets/sounds/Veela and Irosa Rosali, Elsie - Closed (galamp3.com).mp3" in vfs
ERROR WPSoundParser.cpp:178 audio file not found: sounds/Veela and Irosa Rosali, Elsie - Closed (galamp3.com).mp3
INFO audio Switch: loading 'sounds/Звуки природы - Шум дождя (www.hotplayer.ru).mp3' (channels=2, sampleRate=48000)
INFO not found "/assets/sounds/Звуки природы - Шум дождя (www.hotplayer.ru).mp3" in vfs
ERROR WPSoundParser.cpp:178 audio file not found: sounds/Звуки природы - Шум дождя (www.hotplayer.ru).mp3
INFO audio Switch: loading 'sounds/Veela and Kooma - Pointless (galamp3.com).mp3' (channels=2, sampleRate=48000)
INFO not found "/assets/sounds/Veela and Kooma - Pointless (galamp3.com).mp3" in vfs
ERROR WPSoundParser.cpp:178 audio file not found: sounds/Veela and Kooma - Pointless (galamp3.com).mp3
INFO audio Switch: loading 'sounds/Звуки природы - Шум дождя (www.hotplayer.ru).mp3' (channels=2, sampleRate=48000)
INFO not found "/assets/sounds/Звуки природы - Шум дождя (www.hotplayer.ru).mp3" in vfs
ERROR WPSoundParser.cpp:178 audio file not found: sounds/Звуки природы - Шум дождя (www.hotplayer.ru).mp3
INFO audio Switch: loading 'sounds/Veela and Kooma - Retrospect (galamp3.com).mp3' (channels=2, sampleRate=48000)
INFO not found "/assets/sounds/Veela and Kooma - Retrospect (galamp3.com).mp3" in vfs
ERROR WPSoundParser.cpp:178 audio file not found: sounds/Veela and Kooma - Retrospect (galamp3.com).mp3
INFO audio Switch: loading 'sounds/Звуки природы - Шум дождя (www.hotplayer.ru).mp3' (channels=2, sampleRate=48000)
INFO not found "/assets/sounds/Звуки природы - Шум дождя (www.hotplayer.ru).mp3" in vfs
ERROR WPSoundParser.cpp:178 audio file not found: sounds/Звуки природы - Шум дождя (www.hotplayer.ru).mp3
INFO audio Switch: loading 'sounds/Kooma & Veela - Oasis (256  kbps).mp3' (channels=2, sampleRate=48000)
INFO not found "/assets/sounds/Kooma & Veela - Oasis (256  kbps).mp3" in vfs
ERROR WPSoundParser.cpp:178 audio file not found: sounds/Kooma & Veela - Oasis (256  kbps).mp3
INFO audio Switch: loading 'sounds/Звуки природы - Шум дождя (www.hotplayer.ru).mp3' (channels=2, sampleRate=48000)
INFO not found "/assets/sounds/Звуки природы - Шум дождя (www.hotplayer.ru).mp3" in vfs
ERROR WPSoundParser.cpp:178 audio file not found: sounds/Звуки природы - Шум дождя (www.hotplayer.ru).mp3
INFO audio Switch: loading 'sounds/aether-scotland-veela-valentine.mp3' (channels=2, sampleRate=48000)
INFO not found "/assets/sounds/aether-scotland-veela-valentine.mp3" in vfs
ERROR WPSoundParser.cpp:178 audio file not found: sounds/aether-scotland-veela-valentine.mp3
INFO audio Switch: loading 'sounds/Звуки природы - Шум дождя (www.hotplayer.ru).mp3' (channels=2, sampleRate=48000)
INFO not found "/assets/sounds/Звуки природы - Шум дождя (www.hotplayer.ru).mp3" in vfs
ERROR WPSoundParser.cpp:178 audio file not found: sounds/Звуки природы - Шум дождя (www.hotplayer.ru).mp3
INFO audio Switch: loading 'sounds/Veela and Irosa Rosali - Going Home (galamp3.com).mp3' (channels=2, sampleRate=48000)
INFO not found "/assets/sounds/Veela and Irosa Rosali - Going Home (galamp3.com).mp3" in vfs
ERROR WPSoundParser.cpp:178 audio file not found: sounds/Veela and Irosa Rosali - Going Home (galamp3.com).mp3
INFO audio Switch: loading 'sounds/Звуки природы - Шум дождя (www.hotplayer.ru).mp3' (channels=2, sampleRate=48000)
INFO not found "/assets/sounds/Звуки природы - Шум дождя (www.hotplayer.ru).mp3" in vfs
ERROR WPSoundParser.cpp:178 audio file not found: sounds/Звуки природы - Шум дождя (www.hotplayer.ru).mp3
INFO audio Switch: loading 'sounds/Veela and Irosa Rosali, Elsie - Closed (galamp3.com).mp3' (channels=2, sampleRate=48000)
INFO not found "/assets/sounds/Veela and Irosa Rosali, Elsie - Closed (galamp3.com).mp3" in vfs
ERROR WPSoundParser.cpp:178 audio file not found: sounds/Veela and Irosa Rosali, Elsie - Closed (galamp3.com).mp3
INFO audio Switch: loading 'sounds/Звуки природы - Шум дождя (www.hotplayer.ru).mp3' (channels=2, sampleRate=48000)
INFO not found "/assets/sounds/Звуки природы - Шум дождя (www.hotplayer.ru).mp3" in vfs
ERROR WPSoundParser.cpp:178 audio file not found: sounds/Звуки природы - Шум дождя (www.hotplayer.ru).mp3
INFO audio Switch: loading 'sounds/Veela and Kooma - Pointless (galamp3.com).mp3' (channels=2, sampleRate=48000)
INFO not found "/assets/sounds/Veela and Kooma - Pointless (galamp3.com).mp3" in vfs
ERROR WPSoundParser.cpp:178 audio file not found: sounds/Veela and Kooma - Pointless (galamp3.com).mp3
INFO audio Switch: loading 'sounds/Звуки природы - Шум дождя (www.hotplayer.ru).mp3' (channels=2, sampleRate=48000)
INFO not found "/assets/sounds/Звуки природы - Шум дождя (www.hotplayer.ru).mp3" in vfs
ERROR WPSoundParser.cpp:178 audio file not found: sounds/Звуки природы - Шум дождя (www.hotplayer.ru).mp3
INFO audio Switch: loading 'sounds/Veela and Kooma - Retrospect (galamp3.com).mp3' (channels=2, sampleRate=48000)
INFO not found "/assets/sounds/Veela and Kooma - Retrospect (galamp3.com).mp3" in vfs
ERROR WPSoundParser.cpp:178 audio file not found: sounds/Veela and Kooma - Retrospect (galamp3.com).mp3
INFO audio Switch: loading 'sounds/Звуки природы - Шум дождя (www.hotplayer.ru).mp3' (channels=2, sampleRate=48000)
INFO not found "/assets/sounds/Звуки природы - Шум дождя (www.hotplayer.ru).mp3" in vfs
ERROR WPSoundParser.cpp:178 audio file not found: sounds/Звуки природы - Шум дождя (www.hotplayer.ru).mp3
INFO audio Switch: loading 'sounds/Kooma & Veela - Oasis (256  kbps).mp3' (channels=2, sampleRate=48000)
INFO not found "/assets/sounds/Kooma & Veela - Oasis (256  kbps).mp3" in vfs
ERROR WPSoundParser.cpp:178 audio file not found: sounds/Kooma & Veela - Oasis (256  kbps).mp3
INFO audio Switch: loading 'sounds/Звуки природы - Шум дождя (www.hotplayer.ru).mp3' (channels=2, sampleRate=48000)
INFO not found "/assets/sounds/Звуки природы - Шум дождя (www.hotplayer.ru).mp3" in vfs
ERROR WPSoundParser.cpp:178 audio file not found: sounds/Звуки природы - Шум дождя (www.hotplayer.ru).mp3
INFO audio Switch: loading 'sounds/aether-scotland-veela-valentine.mp3' (channels=2, sampleRate=48000)
INFO not found "/assets/sounds/aether-scotland-veela-valentine.mp3" in vfs
ERROR WPSoundParser.cpp:178 audio file not found: sounds/aether-scotland-veela-valentine.mp3
INFO audio Switch: loading 'sounds/Звуки природы - Шум дождя (www.hotplayer.ru).mp3' (channels=2, sampleRate=48000)
INFO not found "/assets/sounds/Звуки природы - Шум дождя (www.hotplayer.ru).mp3" in vfs
ERROR WPSoundParser.cpp:178 audio file not found: sounds/Звуки природы - Шум дождя (www.hotplayer.ru).mp3
INFO audio Switch: loading 'sounds/Veela and Irosa Rosali - Going Home (galamp3.com).mp3' (channels=2, sampleRate=48000)
INFO not found "/assets/sounds/Veela and Irosa Rosali - Going Home (galamp3.com).mp3" in vfs
ERROR WPSoundParser.cpp:178 audio file not found: sounds/Veela and Irosa Rosali - Going Home (galamp3.com).mp3
INFO audio Switch: loading 'sounds/Звуки природы - Шум дождя (www.hotplayer.ru).mp3' (channels=2, sampleRate=48000)
INFO not found "/assets/sounds/Звуки природы - Шум дождя (www.hotplayer.ru).mp3" in vfs
ERROR WPSoundParser.cpp:178 audio file not found: sounds/Звуки природы - Шум дождя (www.hotplayer.ru).mp3
INFO audio Switch: loading 'sounds/Veela and Irosa Rosali, Elsie - Closed (galamp3.com).mp3' (channels=2, sampleRate=48000)
INFO not found "/assets/sounds/Veela and Irosa Rosali, Elsie - Closed (galamp3.com).mp3" in vfs
ERROR WPSoundParser.cpp:178 audio file not found: sounds/Veela and Irosa Rosali, Elsie - Closed (galamp3.com).mp3
INFO audio Switch: loading 'sounds/Звуки природы - Шум дождя (www.hotplayer.ru).mp3' (channels=2, sampleRate=48000)
INFO not found "/assets/sounds/Звуки природы - Шум дождя (www.hotplayer.ru).mp3" in vfs
ERROR WPSoundParser.cpp:178 audio file not found: sounds/Звуки природы - Шум дождя (www.hotplayer.ru).mp3
INFO audio Switch: loading 'sounds/Veela and Kooma - Pointless (galamp3.com).mp3' (channels=2, sampleRate=48000)
INFO not found "/assets/sounds/Veela and Kooma - Pointless (galamp3.com).mp3" in vfs
ERROR WPSoundParser.cpp:178 audio file not found: sounds/Veela and Kooma - Pointless (galamp3.com).mp3
INFO audio Switch: loading 'sounds/Звуки природы - Шум дождя (www.hotplayer.ru).mp3' (channels=2, sampleRate=48000)
INFO not found "/assets/sounds/Звуки природы - Шум дождя (www.hotplayer.ru).mp3" in vfs
ERROR WPSoundParser.cpp:178 audio file not found: sounds/Звуки природы - Шум дождя (www.hotplayer.ru).mp3
INFO audio Switch: loading 'sounds/Veela and Kooma - Retrospect (galamp3.com).mp3' (channels=2, sampleRate=48000)
INFO not found "/assets/sounds/Veela and Kooma - Retrospect (galamp3.com).mp3" in vfs
ERROR WPSoundParser.cpp:178 audio file not found: sounds/Veela and Kooma - Retrospect (galamp3.com).mp3
INFO audio Switch: loading 'sounds/Звуки природы - Шум дождя (www.hotplayer.ru).mp3' (channels=2, sampleRate=48000)
INFO not found "/assets/sounds/Звуки природы - Шум дождя (www.hotplayer.ru).mp3" in vfs
ERROR WPSoundParser.cpp:178 audio file not found: sounds/Звуки природы - Шум дождя (www.hotplayer.ru).mp3
INFO audio Switch: loading 'sounds/Kooma & Veela - Oasis (256  kbps).mp3' (channels=2, sampleRate=48000)
INFO not found "/assets/sounds/Kooma & Veela - Oasis (256  kbps).mp3" in vfs
ERROR WPSoundParser.cpp:178 audio file not found: sounds/Kooma & Veela - Oasis (256  kbps).mp3
INFO audio Switch: loading 'sounds/Звуки природы - Шум дождя (www.hotplayer.ru).mp3' (channels=2, sampleRate=48000)
INFO not found "/assets/sounds/Звуки природы - Шум дождя (www.hotplayer.ru).mp3" in vfs
ERROR WPSoundParser.cpp:178 audio file not found: sounds/Звуки природы - Шум дождя (www.hotplayer.ru).mp3
INFO audio Switch: loading 'sounds/aether-scotland-veela-valentine.mp3' (channels=2, sampleRate=48000)
INFO not found "/assets/sounds/aether-scotland-veela-valentine.mp3" in vfs
ERROR WPSoundParser.cpp:178 audio file not found: sounds/aether-scotland-veela-valentine.mp3
INFO audio Switch: loading 'sounds/Звуки природы - Шум дождя (www.hotplayer.ru).mp3' (channels=2, sampleRate=48000)
INFO not found "/assets/sounds/Звуки природы - Шум дождя (www.hotplayer.ru).mp3" in vfs
ERROR WPSoundParser.cpp:178 audio file not found: sounds/Звуки природы - Шум дождя (www.hotplayer.ru).mp3
INFO audio Switch: loading 'sounds/Veela and Irosa Rosali - Going Home (galamp3.com).mp3' (channels=2, sampleRate=48000)
INFO not found "/assets/sounds/Veela and Irosa Rosali - Going Home (galamp3.com).mp3" in vfs
ERROR WPSoundParser.cpp:178 audio file not found: sounds/Veela and Irosa Rosali - Going Home (galamp3.com).mp3
INFO audio Switch: loading 'sounds/Звуки природы - Шум дождя (www.hotplayer.ru).mp3' (channels=2, sampleRate=48000)
INFO not found "/assets/sounds/Звуки природы - Шум дождя (www.hotplayer.ru).mp3" in vfs
ERROR WPSoundParser.cpp:178 audio file not found: sounds/Звуки природы - Шум дождя (www.hotplayer.ru).mp3
INFO audio Switch: loading 'sounds/Veela and Irosa Rosali, Elsie - Closed (galamp3.com).mp3' (channels=2, sampleRate=48000)
INFO not found "/assets/sounds/Veela and Irosa Rosali, Elsie - Closed (galamp3.com).mp3" in vfs
ERROR WPSoundParser.cpp:178 audio file not found: sounds/Veela and Irosa Rosali, Elsie - Closed (galamp3.com).mp3
INFO audio Switch: loading 'sounds/Звуки природы - Шум дождя (www.hotplayer.ru).mp3' (channels=2, sampleRate=48000)
INFO not found "/assets/sounds/Звуки природы - Шум дождя (www.hotplayer.ru).mp3" in vfs
ERROR WPSoundParser.cpp:178 audio file not found: sounds/Звуки природы - Шум дождя (www.hotplayer.ru).mp3
INFO audio Switch: loading 'sounds/Veela and Kooma - Pointless (galamp3.com).mp3' (channels=2, sampleRate=48000)
INFO not found "/assets/sounds/Veela and Kooma - Pointless (galamp3.com).mp3" in vfs
ERROR WPSoundParser.cpp:178 audio file not found: sounds/Veela and Kooma - Pointless (galamp3.com).mp3
INFO audio Switch: loading 'sounds/Звуки природы - Шум дождя (www.hotplayer.ru).mp3' (channels=2, sampleRate=48000)
INFO not found "/assets/sounds/Звуки природы - Шум дождя (www.hotplayer.ru).mp3" in vfs
ERROR WPSoundParser.cpp:178 audio file not found: sounds/Звуки природы - Шум дождя (www.hotplayer.ru).mp3
INFO audio Switch: loading 'sounds/Veela and Kooma - Retrospect (galamp3.com).mp3' (channels=2, sampleRate=48000)
INFO not found "/assets/sounds/Veela and Kooma - Retrospect (galamp3.com).mp3" in vfs
ERROR WPSoundParser.cpp:178 audio file not found: sounds/Veela and Kooma - Retrospect (galamp3.com).mp3
INFO audio Switch: loading 'sounds/Звуки природы - Шум дождя (www.hotplayer.ru).mp3' (channels=2, sampleRate=48000)
INFO not found "/assets/sounds/Звуки природы - Шум дождя (www.hotplayer.ru).mp3" in vfs
ERROR WPSoundParser.cpp:178 audio file not found: sounds/Звуки природы - Шум дождя (www.hotplayer.ru).mp3
INFO audio Switch: loading 'sounds/Kooma & Veela - Oasis (256  kbps).mp3' (channels=2, sampleRate=48000)
INFO not found "/assets/sounds/Kooma & Veela - Oasis (256  kbps).mp3" in vfs
ERROR WPSoundParser.cpp:178 audio file not found: sounds/Kooma & Veela - Oasis (256  kbps).mp3
INFO audio Switch: loading 'sounds/Звуки природы - Шум дождя (www.hotplayer.ru).mp3' (channels=2, sampleRate=48000)
INFO not found "/assets/sounds/Звуки природы - Шум дождя (www.hotplayer.ru).mp3" in vfs
ERROR WPSoundParser.cpp:178 audio file not found: sounds/Звуки природы - Шум дождя (www.hotplayer.ru).mp3
INFO audio Switch: loading 'sounds/aether-scotland-veela-valentine.mp3' (channels=2, sampleRate=48000)
INFO not found "/assets/sounds/aether-scotland-veela-valentine.mp3" in vfs
ERROR WPSoundParser.cpp:178 audio file not found: sounds/aether-scotland-veela-valentine.mp3
INFO audio Switch: loading 'sounds/Звуки природы - Шум дождя (www.hotplayer.ru).mp3' (channels=2, sampleRate=48000)
INFO not found "/assets/sounds/Звуки природы - Шум дождя (www.hotplayer.ru).mp3" in vfs
ERROR WPSoundParser.cpp:178 audio file not found: sounds/Звуки природы - Шум дождя (www.hotplayer.ru).mp3
INFO audio Switch: loading 'sounds/Veela and Irosa Rosali - Going Home (galamp3.com).mp3' (channels=2, sampleRate=48000)
INFO not found "/assets/sounds/Veela and Irosa Rosali - Going Home (galamp3.com).mp3" in vfs
ERROR WPSoundParser.cpp:178 audio file not found: sounds/Veela and Irosa Rosali - Going Home (galamp3.com).mp3
INFO audio Switch: loading 'sounds/Звуки природы - Шум дождя (www.hotplayer.ru).mp3' (channels=2, sampleRate=48000)
INFO not found "/assets/sounds/Звуки природы - Шум дождя (www.hotplayer.ru).mp3" in vfs
ERROR WPSoundParser.cpp:178 audio file not found: sounds/Звуки природы - Шум дождя (www.hotplayer.ru).mp3
INFO audio Switch: loading 'sounds/Veela and Irosa Rosali, Elsie - Closed (galamp3.com).mp3' (channels=2, sampleRate=48000)
INFO not found "/assets/sounds/Veela and Irosa Rosali, Elsie - Closed (galamp3.com).mp3" in vfs
ERROR WPSoundParser.cpp:178 audio file not found: sounds/Veela and Irosa Rosali, Elsie - Closed (galamp3.com).mp3
INFO audio Switch: loading 'sounds/Звуки природы - Шум дождя (www.hotplayer.ru).mp3' (channels=2, sampleRate=48000)
INFO not found "/assets/sounds/Звуки природы - Шум дождя (www.hotplayer.ru).mp3" in vfs
ERROR WPSoundParser.cpp:178 audio file not found: sounds/Звуки природы - Шум дождя (www.hotplayer.ru).mp3
INFO audio Switch: loading 'sounds/Veela and Kooma - Pointless (galamp3.com).mp3' (channels=2, sampleRate=48000)
INFO not found "/assets/sounds/Veela and Kooma - Pointless (galamp3.com).mp3" in vfs
ERROR WPSoundParser.cpp:178 audio file not found: sounds/Veela and Kooma - Pointless (galamp3.com).mp3
INFO audio Switch: loading 'sounds/Звуки природы - Шум дождя (www.hotplayer.ru).mp3' (channels=2, sampleRate=48000)
INFO not found "/assets/sounds/Звуки природы - Шум дождя (www.hotplayer.ru).mp3" in vfs
ERROR WPSoundParser.cpp:178 audio file not found: sounds/Звуки природы - Шум дождя (www.hotplayer.ru).mp3
INFO audio Switch: loading 'sounds/Veela and Kooma - Retrospect (galamp3.com).mp3' (channels=2, sampleRate=48000)
INFO not found "/assets/sounds/Veela and Kooma - Retrospect (galamp3.com).mp3" in vfs
ERROR WPSoundParser.cpp:178 audio file not found: sounds/Veela and Kooma - Retrospect (galamp3.com).mp3
INFO audio Switch: loading 'sounds/Звуки природы - Шум дождя (www.hotplayer.ru).mp3' (channels=2, sampleRate=48000)
INFO not found "/assets/sounds/Звуки природы - Шум дождя (www.hotplayer.ru).mp3" in vfs
ERROR WPSoundParser.cpp:178 audio file not found: sounds/Звуки природы - Шум дождя (www.hotplayer.ru).mp3
INFO audio Switch: loading 'sounds/Kooma & Veela - Oasis (256  kbps).mp3' (channels=2, sampleRate=48000)
INFO not found "/assets/sounds/Kooma & Veela - Oasis (256  kbps).mp3" in vfs
ERROR WPSoundParser.cpp:178 audio file not found: sounds/Kooma & Veela - Oasis (256  kbps).mp3
INFO audio Switch: loading 'sounds/Звуки природы - Шум дождя (www.hotplayer.ru).mp3' (channels=2, sampleRate=48000)
INFO not found "/assets/sounds/Звуки природы - Шум дождя (www.hotplayer.ru).mp3" in vfs
ERROR WPSoundParser.cpp:178 audio file not found: sounds/Звуки природы - Шум дождя (www.hotplayer.ru).mp3
INFO audio Switch: loading 'sounds/aether-scotland-veela-valentine.mp3' (channels=2, sampleRate=48000)
INFO not found "/assets/sounds/aether-scotland-veela-valentine.mp3" in vfs
ERROR WPSoundParser.cpp:178 audio file not found: sounds/aether-scotland-veela-valentine.mp3
INFO audio Switch: loading 'sounds/Звуки природы - Шум дождя (www.hotplayer.ru).mp3' (channels=2, sampleRate=48000)
INFO not found "/assets/sounds/Звуки природы - Шум дождя (www.hotplayer.ru).mp3" in vfs
ERROR WPSoundParser.cpp:178 audio file not found: sounds/Звуки природы - Шум дождя (www.hotplayer.ru).mp3
INFO audio Switch: loading 'sounds/Veela and Irosa Rosali - Going Home (galamp3.com).mp3' (channels=2, sampleRate=48000)
INFO not found "/assets/sounds/Veela and Irosa Rosali - Going Home (galamp3.com).mp3" in vfs
ERROR WPSoundParser.cpp:178 audio file not found: sounds/Veela and Irosa Rosali - Going Home (galamp3.com).mp3
INFO audio Switch: loading 'sounds/Звуки природы - Шум дождя (www.hotplayer.ru).mp3' (channels=2, sampleRate=48000)
INFO not found "/assets/sounds/Звуки природы - Шум дождя (www.hotplayer.ru).mp3" in vfs
ERROR WPSoundParser.cpp:178 audio file not found: sounds/Звуки природы - Шум дождя (www.hotplayer.ru).mp3
INFO audio Switch: loading 'sounds/Veela and Irosa Rosali, Elsie - Closed (galamp3.com).mp3' (channels=2, sampleRate=48000)
INFO not found "/assets/sounds/Veela and Irosa Rosali, Elsie - Closed (galamp3.com).mp3" in vfs
ERROR WPSoundParser.cpp:178 audio file not found: sounds/Veela and Irosa Rosali, Elsie - Closed (galamp3.com).mp3
INFO audio Switch: loading 'sounds/Звуки природы - Шум дождя (www.hotplayer.ru).mp3' (channels=2, sampleRate=48000)
INFO not found "/assets/sounds/Звуки природы - Шум дождя (www.hotplayer.ru).mp3" in vfs
ERROR WPSoundParser.cpp:178 audio file not found: sounds/Звуки природы - Шум дождя (www.hotplayer.ru).mp3
INFO audio Switch: loading 'sounds/Veela and Kooma - Pointless (galamp3.com).mp3' (channels=2, sampleRate=48000)
INFO not found "/assets/sounds/Veela and Kooma - Pointless (galamp3.com).mp3" in vfs
ERROR WPSoundParser.cpp:178 audio file not found: sounds/Veela and Kooma - Pointless (galamp3.com).mp3
INFO audio Switch: loading 'sounds/Звуки природы - Шум дождя (www.hotplayer.ru).mp3' (channels=2, sampleRate=48000)
INFO not found "/assets/sounds/Звуки природы - Шум дождя (www.hotplayer.ru).mp3" in vfs
ERROR WPSoundParser.cpp:178 audio file not found: sounds/Звуки природы - Шум дождя (www.hotplayer.ru).mp3
INFO audio Switch: loading 'sounds/Veela and Kooma - Retrospect (galamp3.com).mp3' (channels=2, sampleRate=48000)
INFO not found "/assets/sounds/Veela and Kooma - Retrospect (galamp3.com).mp3" in vfs
ERROR WPSoundParser.cpp:178 audio file not found: sounds/Veela and Kooma - Retrospect (galamp3.com).mp3
INFO audio Switch: loading 'sounds/Звуки природы - Шум дождя (www.hotplayer.ru).mp3' (channels=2, sampleRate=48000)
INFO not found "/assets/sounds/Звуки природы - Шум дождя (www.hotplayer.ru).mp3" in vfs
ERROR WPSoundParser.cpp:178 audio file not found: sounds/Звуки природы - Шум дождя (www.hotplayer.ru).mp3
INFO audio Switch: loading 'sounds/Kooma & Veela - Oasis (256  kbps).mp3' (channels=2, sampleRate=48000)
INFO not found "/assets/sounds/Kooma & Veela - Oasis (256  kbps).mp3" in vfs
ERROR WPSoundParser.cpp:178 audio file not found: sounds/Kooma & Veela - Oasis (256  kbps).mp3
INFO audio Switch: loading 'sounds/Звуки природы - Шум дождя (www.hotplayer.ru).mp3' (channels=2, sampleRate=48000)
INFO not found "/assets/sounds/Звуки природы - Шум дождя (www.hotplayer.ru).mp3" in vfs
ERROR WPSoundParser.cpp:178 audio file not found: sounds/Звуки природы - Шум дождя (www.hotplayer.ru).mp3
INFO audio Switch: loading 'sounds/aether-scotland-veela-valentine.mp3' (channels=2, sampleRate=48000)
INFO not found "/assets/sounds/aether-scotland-veela-valentine.mp3" in vfs
ERROR WPSoundParser.cpp:178 audio file not found: sounds/aether-scotland-veela-valentine.mp3
INFO audio Switch: loading 'sounds/Звуки природы - Шум дождя (www.hotplayer.ru).mp3' (channels=2, sampleRate=48000)
INFO not found "/assets/sounds/Звуки природы - Шум дождя (www.hotplayer.ru).mp3" in vfs
ERROR WPSoundParser.cpp:178 audio file not found: sounds/Звуки природы - Шум дождя (www.hotplayer.ru).mp3
INFO audio Switch: loading 'sounds/Veela and Irosa Rosali - Going Home (galamp3.com).mp3' (channels=2, sampleRate=48000)
INFO not found "/assets/sounds/Veela and Irosa Rosali - Going Home (galamp3.com).mp3" in vfs
ERROR WPSoundParser.cpp:178 audio file not found: sounds/Veela and Irosa Rosali - Going Home (galamp3.com).mp3
INFO audio Switch: loading 'sounds/Звуки природы - Шум дождя (www.hotplayer.ru).mp3' (channels=2, sampleRate=48000)
INFO not found "/assets/sounds/Звуки природы - Шум дождя (www.hotplayer.ru).mp3" in vfs
ERROR WPSoundParser.cpp:178 audio file not found: sounds/Звуки природы - Шум дождя (www.hotplayer.ru).mp3
INFO audio Switch: loading 'sounds/Veela and Irosa Rosali, Elsie - Closed (galamp3.com).mp3' (channels=2, sampleRate=48000)
INFO not found "/assets/sounds/Veela and Irosa Rosali, Elsie - Closed (galamp3.com).mp3" in vfs
ERROR WPSoundParser.cpp:178 audio file not found: sounds/Veela and Irosa Rosali, Elsie - Closed (galamp3.com).mp3
INFO audio Switch: loading 'sounds/Звуки природы - Шум дождя (www.hotplayer.ru).mp3' (channels=2, sampleRate=48000)
INFO not found "/assets/sounds/Звуки природы - Шум дождя (www.hotplayer.ru).mp3" in vfs
ERROR WPSoundParser.cpp:178 audio file not found: sounds/Звуки природы - Шум дождя (www.hotplayer.ru).mp3
INFO audio Switch: loading 'sounds/Veela and Kooma - Pointless (galamp3.com).mp3' (channels=2, sampleRate=48000)
INFO not found "/assets/sounds/Veela and Kooma - Pointless (galamp3.com).mp3" in vfs
ERROR WPSoundParser.cpp:178 audio file not found: sounds/Veela and Kooma - Pointless (galamp3.com).mp3
INFO audio Switch: loading 'sounds/Звуки природы - Шум дождя (www.hotplayer.ru).mp3' (channels=2, sampleRate=48000)
INFO not found "/assets/sounds/Звуки природы - Шум дождя (www.hotplayer.ru).mp3" in vfs
ERROR WPSoundParser.cpp:178 audio file not found: sounds/Звуки природы - Шум дождя (www.hotplayer.ru).mp3
INFO audio Switch: loading 'sounds/Veela and Kooma - Retrospect (galamp3.com).mp3' (channels=2, sampleRate=48000)
INFO not found "/assets/sounds/Veela and Kooma - Retrospect (galamp3.com).mp3" in vfs
ERROR WPSoundParser.cpp:178 audio file not found: sounds/Veela and Kooma - Retrospect (galamp3.com).mp3
INFO audio Switch: loading 'sounds/Звуки природы - Шум дождя (www.hotplayer.ru).mp3' (channels=2, sampleRate=48000)
INFO not found "/assets/sounds/Звуки природы - Шум дождя (www.hotplayer.ru).mp3" in vfs
ERROR WPSoundParser.cpp:178 audio file not found: sounds/Звуки природы - Шум дождя (www.hotplayer.ru).mp3
INFO audio Switch: loading 'sounds/Kooma & Veela - Oasis (256  kbps).mp3' (channels=2, sampleRate=48000)
INFO not found "/assets/sounds/Kooma & Veela - Oasis (256  kbps).mp3" in vfs
ERROR WPSoundParser.cpp:178 audio file not found: sounds/Kooma & Veela - Oasis (256  kbps).mp3
INFO audio Switch: loading 'sounds/Звуки природы - Шум дождя (www.hotplayer.ru).mp3' (channels=2, sampleRate=48000)
INFO not found "/assets/sounds/Звуки природы - Шум дождя (www.hotplayer.ru).mp3" in vfs
ERROR WPSoundParser.cpp:178 audio file not found: sounds/Звуки природы - Шум дождя (www.hotplayer.ru).mp3
INFO audio Switch: loading 'sounds/aether-scotland-veela-valentine.mp3' (channels=2, sampleRate=48000)
INFO not found "/assets/sounds/aether-scotland-veela-valentine.mp3" in vfs
ERROR WPSoundParser.cpp:178 audio file not found: sounds/aether-scotland-veela-valentine.mp3
INFO audio Switch: loading 'sounds/Звуки природы - Шум дождя (www.hotplayer.ru).mp3' (channels=2, sampleRate=48000)
INFO not found "/assets/sounds/Звуки природы - Шум дождя (www.hotplayer.ru).mp3" in vfs
ERROR WPSoundParser.cpp:178 audio file not found: sounds/Звуки природы - Шум дождя (www.hotplayer.ru).mp3
INFO audio Switch: loading 'sounds/Veela and Irosa Rosali - Going Home (galamp3.com).mp3' (channels=2, sampleRate=48000)
INFO not found "/assets/sounds/Veela and Irosa Rosali - Going Home (galamp3.com).mp3" in vfs
ERROR WPSoundParser.cpp:178 audio file not found: sounds/Veela and Irosa Rosali - Going Home (galamp3.com).mp3
INFO audio Switch: loading 'sounds/Звуки природы - Шум дождя (www.hotplayer.ru).mp3' (channels=2, sampleRate=48000)
INFO not found "/assets/sounds/Звуки природы - Шум дождя (www.hotplayer.ru).mp3" in vfs
ERROR WPSoundParser.cpp:178 audio file not found: sounds/Звуки природы - Шум дождя (www.hotplayer.ru).mp3
INFO audio Switch: loading 'sounds/Veela and Irosa Rosali, Elsie - Closed (galamp3.com).mp3' (channels=2, sampleRate=48000)
INFO not found "/assets/sounds/Veela and Irosa Rosali, Elsie - Closed (galamp3.com).mp3" in vfs
ERROR WPSoundParser.cpp:178 audio file not found: sounds/Veela and Irosa Rosali, Elsie - Closed (galamp3.com).mp3
INFO audio Switch: loading 'sounds/Звуки природы - Шум дождя (www.hotplayer.ru).mp3' (channels=2, sampleRate=48000)
INFO not found "/assets/sounds/Звуки природы - Шум дождя (www.hotplayer.ru).mp3" in vfs
ERROR WPSoundParser.cpp:178 audio file not found: sounds/Звуки природы - Шум дождя (www.hotplayer.ru).mp3
INFO audio Switch: loading 'sounds/Veela and Kooma - Pointless (galamp3.com).mp3' (channels=2, sampleRate=48000)
INFO not found "/assets/sounds/Veela and Kooma - Pointless (galamp3.com).mp3" in vfs
ERROR WPSoundParser.cpp:178 audio file not found: sounds/Veela and Kooma - Pointless (galamp3.com).mp3
INFO audio Switch: loading 'sounds/Звуки природы - Шум дождя (www.hotplayer.ru).mp3' (channels=2, sampleRate=48000)
INFO not found "/assets/sounds/Звуки природы - Шум дождя (www.hotplayer.ru).mp3" in vfs
ERROR WPSoundParser.cpp:178 audio file not found: sounds/Звуки природы - Шум дождя (www.hotplayer.ru).mp3
INFO audio Switch: loading 'sounds/Veela and Kooma - Retrospect (galamp3.com).mp3' (channels=2, sampleRate=48000)
INFO not found "/assets/sounds/Veela and Kooma - Retrospect (galamp3.com).mp3" in vfs
ERROR WPSoundParser.cpp:178 audio file not found: sounds/Veela and Kooma - Retrospect (galamp3.com).mp3
INFO audio Switch: loading 'sounds/Звуки природы - Шум дождя (www.hotplayer.ru).mp3' (channels=2, sampleRate=48000)
INFO not found "/assets/sounds/Звуки природы - Шум дождя (www.hotplayer.ru).mp3" in vfs
ERROR WPSoundParser.cpp:178 audio file not found: sounds/Звуки природы - Шум дождя (www.hotplayer.ru).mp3
INFO audio Switch: loading 'sounds/Kooma & Veela - Oasis (256  kbps).mp3' (channels=2, sampleRate=48000)
INFO not found "/assets/sounds/Kooma & Veela - Oasis (256  kbps).mp3" in vfs
ERROR WPSoundParser.cpp:178 audio file not found: sounds/Kooma & Veela - Oasis (256  kbps).mp3
INFO audio Switch: loading 'sounds/Звуки природы - Шум дождя (www.hotplayer.ru).mp3' (channels=2, sampleRate=48000)
INFO not found "/assets/sounds/Звуки природы - Шум дождя (www.hotplayer.ru).mp3" in vfs
ERROR WPSoundParser.cpp:178 audio file not found: sounds/Звуки природы - Шум дождя (www.hotplayer.ru).mp3
INFO audio Switch: loading 'sounds/aether-scotland-veela-valentine.mp3' (channels=2, sampleRate=48000)
INFO not found "/assets/sounds/aether-scotland-veela-valentine.mp3" in vfs
ERROR WPSoundParser.cpp:178 audio file not found: sounds/aether-scotland-veela-valentine.mp3
INFO audio Switch: loading 'sounds/Звуки природы - Шум дождя (www.hotplayer.ru).mp3' (channels=2, sampleRate=48000)
INFO not found "/assets/sounds/Звуки природы - Шум дождя (www.hotplayer.ru).mp3" in vfs
ERROR WPSoundParser.cpp:178 audio file not found: sounds/Звуки природы - Шум дождя (www.hotplayer.ru).mp3
INFO audio Switch: loading 'sounds/Veela and Irosa Rosali - Going Home (galamp3.com).mp3' (channels=2, sampleRate=48000)
INFO not found "/assets/sounds/Veela and Irosa Rosali - Going Home (galamp3.com).mp3" in vfs
ERROR WPSoundParser.cpp:178 audio file not found: sounds/Veela and Irosa Rosali - Going Home (galamp3.com).mp3
INFO audio Switch: loading 'sounds/Звуки природы - Шум дождя (www.hotplayer.ru).mp3' (channels=2, sampleRate=48000)
INFO not found "/assets/sounds/Звуки природы - Шум дождя (www.hotplayer.ru).mp3" in vfs
ERROR WPSoundParser.cpp:178 audio file not found: sounds/Звуки природы - Шум дождя (www.hotplayer.ru).mp3
INFO audio Switch: loading 'sounds/Veela and Irosa Rosali, Elsie - Closed (galamp3.com).mp3' (channels=2, sampleRate=48000)
INFO not found "/assets/sounds/Veela and Irosa Rosali, Elsie - Closed (galamp3.com).mp3" in vfs
ERROR WPSoundParser.cpp:178 audio file not found: sounds/Veela and Irosa Rosali, Elsie - Closed (galamp3.com).mp3
INFO audio Switch: loading 'sounds/Звуки природы - Шум дождя (www.hotplayer.ru).mp3' (channels=2, sampleRate=48000)
INFO not found "/assets/sounds/Звуки природы - Шум дождя (www.hotplayer.ru).mp3" in vfs
ERROR WPSoundParser.cpp:178 audio file not found: sounds/Звуки природы - Шум дождя (www.hotplayer.ru).mp3
INFO audio Switch: loading 'sounds/Veela and Kooma - Pointless (galamp3.com).mp3' (channels=2, sampleRate=48000)
INFO not found "/assets/sounds/Veela and Kooma - Pointless (galamp3.com).mp3" in vfs
ERROR WPSoundParser.cpp:178 audio file not found: sounds/Veela and Kooma - Pointless (galamp3.com).mp3
INFO audio Switch: loading 'sounds/Звуки природы - Шум дождя (www.hotplayer.ru).mp3' (channels=2, sampleRate=48000)
INFO not found "/assets/sounds/Звуки природы - Шум дождя (www.hotplayer.ru).mp3" in vfs
ERROR WPSoundParser.cpp:178 audio file not found: sounds/Звуки природы - Шум дождя (www.hotplayer.ru).mp3
INFO audio Switch: loading 'sounds/Veela and Kooma - Retrospect (galamp3.com).mp3' (channels=2, sampleRate=48000)
INFO not found "/assets/sounds/Veela and Kooma - Retrospect (galamp3.com).mp3" in vfs
ERROR WPSoundParser.cpp:178 audio file not found: sounds/Veela and Kooma - Retrospect (galamp3.com).mp3
INFO audio Switch: loading 'sounds/Звуки природы - Шум дождя (www.hotplayer.ru).mp3' (channels=2, sampleRate=48000)
INFO not found "/assets/sounds/Звуки природы - Шум дождя (www.hotplayer.ru).mp3" in vfs
ERROR WPSoundParser.cpp:178 audio file not found: sounds/Звуки природы - Шум дождя (www.hotplayer.ru).mp3
INFO audio Switch: loading 'sounds/Kooma & Veela - Oasis (256  kbps).mp3' (channels=2, sampleRate=48000)
INFO not found "/assets/sounds/Kooma & Veela - Oasis (256  kbps).mp3" in vfs
ERROR WPSoundParser.cpp:178 audio file not found: sounds/Kooma & Veela - Oasis (256  kbps).mp3
INFO audio Switch: loading 'sounds/Звуки природы - Шум дождя (www.hotplayer.ru).mp3' (channels=2, sampleRate=48000)
INFO not found "/assets/sounds/Звуки природы - Шум дождя (www.hotplayer.ru).mp3" in vfs
ERROR WPSoundParser.cpp:178 audio file not found: sounds/Звуки природы - Шум дождя (www.hotplayer.ru).mp3
INFO audio Switch: loading 'sounds/aether-scotland-veela-valentine.mp3' (channels=2, sampleRate=48000)
INFO not found "/assets/sounds/aether-scotland-veela-valentine.mp3" in vfs
ERROR WPSoundParser.cpp:178 audio file not found: sounds/aether-scotland-veela-valentine.mp3
INFO audio Switch: loading 'sounds/Звуки природы - Шум дождя (www.hotplayer.ru).mp3' (channels=2, sampleRate=48000)
INFO not found "/assets/sounds/Звуки природы - Шум дождя (www.hotplayer.ru).mp3" in vfs
ERROR WPSoundParser.cpp:178 audio file not found: sounds/Звуки природы - Шум дождя (www.hotplayer.ru).mp3
INFO audio Switch: loading 'sounds/Veela and Irosa Rosali - Going Home (galamp3.com).mp3' (channels=2, sampleRate=48000)
INFO not found "/assets/sounds/Veela and Irosa Rosali - Going Home (galamp3.com).mp3" in vfs
ERROR WPSoundParser.cpp:178 audio file not found: sounds/Veela and Irosa Rosali - Going Home (galamp3.com).mp3
INFO audio Switch: loading 'sounds/Звуки природы - Шум дождя (www.hotplayer.ru).mp3' (channels=2, sampleRate=48000)
INFO not found "/assets/sounds/Звуки природы - Шум дождя (www.hotplayer.ru).mp3" in vfs
ERROR WPSoundParser.cpp:178 audio file not found: sounds/Звуки природы - Шум дождя (www.hotplayer.ru).mp3
INFO audio Switch: loading 'sounds/Veela and Irosa Rosali, Elsie - Closed (galamp3.com).mp3' (channels=2, sampleRate=48000)
INFO not found "/assets/sounds/Veela and Irosa Rosali, Elsie - Closed (galamp3.com).mp3" in vfs
ERROR WPSoundParser.cpp:178 audio file not found: sounds/Veela and Irosa Rosali, Elsie - Closed (galamp3.com).mp3
INFO audio Switch: loading 'sounds/Звуки природы - Шум дождя (www.hotplayer.ru).mp3' (channels=2, sampleRate=48000)
INFO not found "/assets/sounds/Звуки природы - Шум дождя (www.hotplayer.ru).mp3" in vfs
ERROR WPSoundParser.cpp:178 audio file not found: sounds/Звуки природы - Шум дождя (www.hotplayer.ru).mp3
INFO audio Switch: loading 'sounds/Veela and Kooma - Pointless (galamp3.com).mp3' (channels=2, sampleRate=48000)
INFO not found "/assets/sounds/Veela and Kooma - Pointless (galamp3.com).mp3" in vfs
ERROR WPSoundParser.cpp:178 audio file not found: sounds/Veela and Kooma - Pointless (galamp3.com).mp3
INFO audio Switch: loading 'sounds/Звуки природы - Шум дождя (www.hotplayer.ru).mp3' (channels=2, sampleRate=48000)
INFO not found "/assets/sounds/Звуки природы - Шум дождя (www.hotplayer.ru).mp3" in vfs
ERROR WPSoundParser.cpp:178 audio file not found: sounds/Звуки природы - Шум дождя (www.hotplayer.ru).mp3
INFO audio Switch: loading 'sounds/Veela and Kooma - Retrospect (galamp3.com).mp3' (channels=2, sampleRate=48000)
INFO not found "/assets/sounds/Veela and Kooma - Retrospect (galamp3.com).mp3" in vfs
ERROR WPSoundParser.cpp:178 audio file not found: sounds/Veela and Kooma - Retrospect (galamp3.com).mp3
INFO audio Switch: loading 'sounds/Звуки природы - Шум дождя (www.hotplayer.ru).mp3' (channels=2, sampleRate=48000)
INFO not found "/assets/sounds/Звуки природы - Шум дождя (www.hotplayer.ru).mp3" in vfs
ERROR WPSoundParser.cpp:178 audio file not found: sounds/Звуки природы - Шум дождя (www.hotplayer.ru).mp3
INFO audio Switch: loading 'sounds/Kooma & Veela - Oasis (256  kbps).mp3' (channels=2, sampleRate=48000)
INFO not found "/assets/sounds/Kooma & Veela - Oasis (256  kbps).mp3" in vfs
ERROR WPSoundParser.cpp:178 audio file not found: sounds/Kooma & Veela - Oasis (256  kbps).mp3
INFO audio Switch: loading 'sounds/Звуки природы - Шум дождя (www.hotplayer.ru).mp3' (channels=2, sampleRate=48000)
INFO not found "/assets/sounds/Звуки природы - Шум дождя (www.hotplayer.ru).mp3" in vfs
ERROR WPSoundParser.cpp:178 audio file not found: sounds/Звуки природы - Шум дождя (www.hotplayer.ru).mp3
INFO audio Switch: loading 'sounds/aether-scotland-veela-valentine.mp3' (channels=2, sampleRate=48000)
INFO not found "/assets/sounds/aether-scotland-veela-valentine.mp3" in vfs
ERROR WPSoundParser.cpp:178 audio file not found: sounds/aether-scotland-veela-valentine.mp3
INFO audio Switch: loading 'sounds/Звуки природы - Шум дождя (www.hotplayer.ru).mp3' (channels=2, sampleRate=48000)
INFO not found "/assets/sounds/Звуки природы - Шум дождя (www.hotplayer.ru).mp3" in vfs
ERROR WPSoundParser.cpp:178 audio file not found: sounds/Звуки природы - Шум дождя (www.hotplayer.ru).mp3
INFO audio Switch: loading 'sounds/Veela and Irosa Rosali - Going Home (galamp3.com).mp3' (channels=2, sampleRate=48000)
INFO not found "/assets/sounds/Veela and Irosa Rosali - Going Home (galamp3.com).mp3" in vfs
ERROR WPSoundParser.cpp:178 audio file not found: sounds/Veela and Irosa Rosali - Going Home (galamp3.com).mp3
INFO audio Switch: loading 'sounds/Звуки природы - Шум дождя (www.hotplayer.ru).mp3' (channels=2, sampleRate=48000)
INFO not found "/assets/sounds/Звуки природы - Шум дождя (www.hotplayer.ru).mp3" in vfs
ERROR WPSoundParser.cpp:178 audio file not found: sounds/Звуки природы - Шум дождя (www.hotplayer.ru).mp3
INFO audio Switch: loading 'sounds/Veela and Irosa Rosali, Elsie - Closed (galamp3.com).mp3' (channels=2, sampleRate=48000)
INFO not found "/assets/sounds/Veela and Irosa Rosali, Elsie - Closed (galamp3.com).mp3" in vfs
ERROR WPSoundParser.cpp:178 audio file not found: sounds/Veela and Irosa Rosali, Elsie - Closed (galamp3.com).mp3
INFO audio Switch: loading 'sounds/Звуки природы - Шум дождя (www.hotplayer.ru).mp3' (channels=2, sampleRate=48000)
INFO not found "/assets/sounds/Звуки природы - Шум дождя (www.hotplayer.ru).mp3" in vfs
ERROR WPSoundParser.cpp:178 audio file not found: sounds/Звуки природы - Шум дождя (www.hotplayer.ru).mp3
INFO audio Switch: loading 'sounds/Veela and Kooma - Pointless (galamp3.com).mp3' (channels=2, sampleRate=48000)
INFO not found "/assets/sounds/Veela and Kooma - Pointless (galamp3.com).mp3" in vfs
ERROR WPSoundParser.cpp:178 audio file not found: sounds/Veela and Kooma - Pointless (galamp3.com).mp3
INFO audio Switch: loading 'sounds/Звуки природы - Шум дождя (www.hotplayer.ru).mp3' (channels=2, sampleRate=48000)
INFO not found "/assets/sounds/Звуки природы - Шум дождя (www.hotplayer.ru).mp3" in vfs
ERROR WPSoundParser.cpp:178 audio file not found: sounds/Звуки природы - Шум дождя (www.hotplayer.ru).mp3
INFO audio Switch: loading 'sounds/Veela and Kooma - Retrospect (galamp3.com).mp3' (channels=2, sampleRate=48000)
INFO not found "/assets/sounds/Veela and Kooma - Retrospect (galamp3.com).mp3" in vfs
ERROR WPSoundParser.cpp:178 audio file not found: sounds/Veela and Kooma - Retrospect (galamp3.com).mp3
INFO audio Switch: loading 'sounds/Звуки природы - Шум дождя (www.hotplayer.ru).mp3' (channels=2, sampleRate=48000)
INFO not found "/assets/sounds/Звуки природы - Шум дождя (www.hotplayer.ru).mp3" in vfs
ERROR WPSoundParser.cpp:178 audio file not found: sounds/Звуки природы - Шум дождя (www.hotplayer.ru).mp3
INFO audio Switch: loading 'sounds/Kooma & Veela - Oasis (256  kbps).mp3' (channels=2, sampleRate=48000)
INFO not found "/assets/sounds/Kooma & Veela - Oasis (256  kbps).mp3" in vfs
ERROR WPSoundParser.cpp:178 audio file not found: sounds/Kooma & Veela - Oasis (256  kbps).mp3
INFO audio Switch: loading 'sounds/Звуки природы - Шум дождя (www.hotplayer.ru).mp3' (channels=2, sampleRate=48000)
INFO not found "/assets/sounds/Звуки природы - Шум дождя (www.hotplayer.ru).mp3" in vfs
ERROR WPSoundParser.cpp:178 audio file not found: sounds/Звуки природы - Шум дождя (www.hotplayer.ru).mp3
INFO audio Switch: loading 'sounds/aether-scotland-veela-valentine.mp3' (channels=2, sampleRate=48000)
INFO not found "/assets/sounds/aether-scotland-veela-valentine.mp3" in vfs
ERROR WPSoundParser.cpp:178 audio file not found: sounds/aether-scotland-veela-valentine.mp3
INFO audio Switch: loading 'sounds/Звуки природы - Шум дождя (www.hotplayer.ru).mp3' (channels=2, sampleRate=48000)
INFO not found "/assets/sounds/Звуки природы - Шум дождя (www.hotplayer.ru).mp3" in vfs
ERROR WPSoundParser.cpp:178 audio file not found: sounds/Звуки природы - Шум дождя (www.hotplayer.ru).mp3
INFO audio Switch: loading 'sounds/Veela and Irosa Rosali - Going Home (galamp3.com).mp3' (channels=2, sampleRate=48000)
INFO not found "/assets/sounds/Veela and Irosa Rosali - Going Home (galamp3.com).mp3" in vfs
ERROR WPSoundParser.cpp:178 audio file not found: sounds/Veela and Irosa Rosali - Going Home (galamp3.com).mp3
INFO audio Switch: loading 'sounds/Звуки природы - Шум дождя (www.hotplayer.ru).mp3' (channels=2, sampleRate=48000)
INFO not found "/assets/sounds/Звуки природы - Шум дождя (www.hotplayer.ru).mp3" in vfs
ERROR WPSoundParser.cpp:178 audio file not found: sounds/Звуки природы - Шум дождя (www.hotplayer.ru).mp3
INFO audio Switch: loading 'sounds/Veela and Irosa Rosali, Elsie - Closed (galamp3.com).mp3' (channels=2, sampleRate=48000)
INFO not found "/assets/sounds/Veela and Irosa Rosali, Elsie - Closed (galamp3.com).mp3" in vfs
ERROR WPSoundParser.cpp:178 audio file not found: sounds/Veela and Irosa Rosali, Elsie - Closed (galamp3.com).mp3
INFO audio Switch: loading 'sounds/Звуки природы - Шум дождя (www.hotplayer.ru).mp3' (channels=2, sampleRate=48000)
INFO not found "/assets/sounds/Звуки природы - Шум дождя (www.hotplayer.ru).mp3" in vfs
ERROR WPSoundParser.cpp:178 audio file not found: sounds/Звуки природы - Шум дождя (www.hotplayer.ru).mp3
INFO audio Switch: loading 'sounds/Veela and Kooma - Pointless (galamp3.com).mp3' (channels=2, sampleRate=48000)
INFO not found "/assets/sounds/Veela and Kooma - Pointless (galamp3.com).mp3" in vfs
ERROR WPSoundParser.cpp:178 audio file not found: sounds/Veela and Kooma - Pointless (galamp3.com).mp3
INFO audio Switch: loading 'sounds/Звуки природы - Шум дождя (www.hotplayer.ru).mp3' (channels=2, sampleRate=48000)
INFO not found "/assets/sounds/Звуки природы - Шум дождя (www.hotplayer.ru).mp3" in vfs
ERROR WPSoundParser.cpp:178 audio file not found: sounds/Звуки природы - Шум дождя (www.hotplayer.ru).mp3
INFO audio Switch: loading 'sounds/Veela and Kooma - Retrospect (galamp3.com).mp3' (channels=2, sampleRate=48000)
INFO not found "/assets/sounds/Veela and Kooma - Retrospect (galamp3.com).mp3" in vfs
ERROR WPSoundParser.cpp:178 audio file not found: sounds/Veela and Kooma - Retrospect (galamp3.com).mp3
INFO audio Switch: loading 'sounds/Звуки природы - Шум дождя (www.hotplayer.ru).mp3' (channels=2, sampleRate=48000)
INFO not found "/assets/sounds/Звуки природы - Шум дождя (www.hotplayer.ru).mp3" in vfs
ERROR WPSoundParser.cpp:178 audio file not found: sounds/Звуки природы - Шум дождя (www.hotplayer.ru).mp3
INFO audio Switch: loading 'sounds/Kooma & Veela - Oasis (256  kbps).mp3' (channels=2, sampleRate=48000)
INFO not found "/assets/sounds/Kooma & Veela - Oasis (256  kbps).mp3" in vfs
ERROR WPSoundParser.cpp:178 audio file not found: sounds/Kooma & Veela - Oasis (256  kbps).mp3
INFO audio Switch: loading 'sounds/Звуки природы - Шум дождя (www.hotplayer.ru).mp3' (channels=2, sampleRate=48000)
INFO not found "/assets/sounds/Звуки природы - Шум дождя (www.hotplayer.ru).mp3" in vfs
ERROR WPSoundParser.cpp:178 audio file not found: sounds/Звуки природы - Шум дождя (www.hotplayer.ru).mp3
INFO audio Switch: loading 'sounds/aether-scotland-veela-valentine.mp3' (channels=2, sampleRate=48000)
INFO not found "/assets/sounds/aether-scotland-veela-valentine.mp3" in vfs
ERROR WPSoundParser.cpp:178 audio file not found: sounds/aether-scotland-veela-valentine.mp3
INFO audio Switch: loading 'sounds/Звуки природы - Шум дождя (www.hotplayer.ru).mp3' (channels=2, sampleRate=48000)
INFO not found "/assets/sounds/Звуки природы - Шум дождя (www.hotplayer.ru).mp3" in vfs
ERROR WPSoundParser.cpp:178 audio file not found: sounds/Звуки природы - Шум дождя (www.hotplayer.ru).mp3
INFO audio Switch: loading 'sounds/Veela and Irosa Rosali - Going Home (galamp3.com).mp3' (channels=2, sampleRate=48000)
INFO not found "/assets/sounds/Veela and Irosa Rosali - Going Home (galamp3.com).mp3" in vfs
ERROR WPSoundParser.cpp:178 audio file not found: sounds/Veela and Irosa Rosali - Going Home (galamp3.com).mp3
INFO audio Switch: loading 'sounds/Звуки природы - Шум дождя (www.hotplayer.ru).mp3' (channels=2, sampleRate=48000)
INFO not found "/assets/sounds/Звуки природы - Шум дождя (www.hotplayer.ru).mp3" in vfs
ERROR WPSoundParser.cpp:178 audio file not found: sounds/Звуки природы - Шум дождя (www.hotplayer.ru).mp3
INFO audio Switch: loading 'sounds/Veela and Irosa Rosali, Elsie - Closed (galamp3.com).mp3' (channels=2, sampleRate=48000)
INFO not found "/assets/sounds/Veela and Irosa Rosali, Elsie - Closed (galamp3.com).mp3" in vfs
ERROR WPSoundParser.cpp:178 audio file not found: sounds/Veela and Irosa Rosali, Elsie - Closed (galamp3.com).mp3
INFO audio Switch: loading 'sounds/Звуки природы - Шум дождя (www.hotplayer.ru).mp3' (channels=2, sampleRate=48000)
INFO not found "/assets/sounds/Звуки природы - Шум дождя (www.hotplayer.ru).mp3" in vfs
ERROR WPSoundParser.cpp:178 audio file not found: sounds/Звуки природы - Шум дождя (www.hotplayer.ru).mp3
INFO audio Switch: loading 'sounds/Veela and Kooma - Pointless (galamp3.com).mp3' (channels=2, sampleRate=48000)
INFO not found "/assets/sounds/Veela and Kooma - Pointless (galamp3.com).mp3" in vfs
ERROR WPSoundParser.cpp:178 audio file not found: sounds/Veela and Kooma - Pointless (galamp3.com).mp3
INFO audio Switch: loading 'sounds/Звуки природы - Шум дождя (www.hotplayer.ru).mp3' (channels=2, sampleRate=48000)
INFO not found "/assets/sounds/Звуки природы - Шум дождя (www.hotplayer.ru).mp3" in vfs
ERROR WPSoundParser.cpp:178 audio file not found: sounds/Звуки природы - Шум дождя (www.hotplayer.ru).mp3
INFO audio Switch: loading 'sounds/Veela and Kooma - Retrospect (galamp3.com).mp3' (channels=2, sampleRate=48000)
INFO not found "/assets/sounds/Veela and Kooma - Retrospect (galamp3.com).mp3" in vfs
ERROR WPSoundParser.cpp:178 audio file not found: sounds/Veela and Kooma - Retrospect (galamp3.com).mp3
INFO audio Switch: loading 'sounds/Звуки природы - Шум дождя (www.hotplayer.ru).mp3' (channels=2, sampleRate=48000)
INFO not found "/assets/sounds/Звуки природы - Шум дождя (www.hotplayer.ru).mp3" in vfs
ERROR WPSoundParser.cpp:178 audio file not found: sounds/Звуки природы - Шум дождя (www.hotplayer.ru).mp3
INFO audio Switch: loading 'sounds/Kooma & Veela - Oasis (256  kbps).mp3' (channels=2, sampleRate=48000)
INFO not found "/assets/sounds/Kooma & Veela - Oasis (256  kbps).mp3" in vfs
ERROR WPSoundParser.cpp:178 audio file not found: sounds/Kooma & Veela - Oasis (256  kbps).mp3
INFO audio Switch: loading 'sounds/Звуки природы - Шум дождя (www.hotplayer.ru).mp3' (channels=2, sampleRate=48000)
INFO not found "/assets/sounds/Звуки природы - Шум дождя (www.hotplayer.ru).mp3" in vfs
ERROR WPSoundParser.cpp:178 audio file not found: sounds/Звуки природы - Шум дождя (www.hotplayer.ru).mp3
INFO audio Switch: loading 'sounds/aether-scotland-veela-valentine.mp3' (channels=2, sampleRate=48000)
INFO not found "/assets/sounds/aether-scotland-veela-valentine.mp3" in vfs
ERROR WPSoundParser.cpp:178 audio file not found: sounds/aether-scotland-veela-valentine.mp3
INFO audio Switch: loading 'sounds/Звуки природы - Шум дождя (www.hotplayer.ru).mp3' (channels=2, sampleRate=48000)
INFO not found "/assets/sounds/Звуки природы - Шум дождя (www.hotplayer.ru).mp3" in vfs
ERROR WPSoundParser.cpp:178 audio file not found: sounds/Звуки природы - Шум дождя (www.hotplayer.ru).mp3
INFO audio Switch: loading 'sounds/Veela and Irosa Rosali - Going Home (galamp3.com).mp3' (channels=2, sampleRate=48000)
INFO not found "/assets/sounds/Veela and Irosa Rosali - Going Home (galamp3.com).mp3" in vfs
ERROR WPSoundParser.cpp:178 audio file not found: sounds/Veela and Irosa Rosali - Going Home (galamp3.com).mp3
INFO audio Switch: loading 'sounds/Звуки природы - Шум дождя (www.hotplayer.ru).mp3' (channels=2, sampleRate=48000)
INFO not found "/assets/sounds/Звуки природы - Шум дождя (www.hotplayer.ru).mp3" in vfs
ERROR WPSoundParser.cpp:178 audio file not found: sounds/Звуки природы - Шум дождя (www.hotplayer.ru).mp3
INFO audio Switch: loading 'sounds/Veela and Irosa Rosali, Elsie - Closed (galamp3.com).mp3' (channels=2, sampleRate=48000)
INFO not found "/assets/sounds/Veela and Irosa Rosali, Elsie - Closed (galamp3.com).mp3" in vfs
ERROR WPSoundParser.cpp:178 audio file not found: sounds/Veela and Irosa Rosali, Elsie - Closed (galamp3.com).mp3
INFO audio Switch: loading 'sounds/Звуки природы - Шум дождя (www.hotplayer.ru).mp3' (channels=2, sampleRate=48000)
INFO not found "/assets/sounds/Звуки природы - Шум дождя (www.hotplayer.ru).mp3" in vfs
ERROR WPSoundParser.cpp:178 audio file not found: sounds/Звуки природы - Шум дождя (www.hotplayer.ru).mp3
INFO audio Switch: loading 'sounds/Veela and Kooma - Pointless (galamp3.com).mp3' (channels=2, sampleRate=48000)
INFO not found "/assets/sounds/Veela and Kooma - Pointless (galamp3.com).mp3" in vfs
ERROR WPSoundParser.cpp:178 audio file not found: sounds/Veela and Kooma - Pointless (galamp3.com).mp3
INFO audio Switch: loading 'sounds/Звуки природы - Шум дождя (www.hotplayer.ru).mp3' (channels=2, sampleRate=48000)
INFO not found "/assets/sounds/Звуки природы - Шум дождя (www.hotplayer.ru).mp3" in vfs
ERROR WPSoundParser.cpp:178 audio file not found: sounds/Звуки природы - Шум дождя (www.hotplayer.ru).mp3
INFO audio Switch: loading 'sounds/Veela and Kooma - Retrospect (galamp3.com).mp3' (channels=2, sampleRate=48000)
INFO not found "/assets/sounds/Veela and Kooma - Retrospect (galamp3.com).mp3" in vfs
ERROR WPSoundParser.cpp:178 audio file not found: sounds/Veela and Kooma - Retrospect (galamp3.com).mp3
INFO audio Switch: loading 'sounds/Звуки природы - Шум дождя (www.hotplayer.ru).mp3' (channels=2, sampleRate=48000)
INFO not found "/assets/sounds/Звуки природы - Шум дождя (www.hotplayer.ru).mp3" in vfs
ERROR WPSoundParser.cpp:178 audio file not found: sounds/Звуки природы - Шум дождя (www.hotplayer.ru).mp3
INFO audio Switch: loading 'sounds/Kooma & Veela - Oasis (256  kbps).mp3' (channels=2, sampleRate=48000)
INFO not found "/assets/sounds/Kooma & Veela - Oasis (256  kbps).mp3" in vfs
ERROR WPSoundParser.cpp:178 audio file not found: sounds/Kooma & Veela - Oasis (256  kbps).mp3
INFO audio Switch: loading 'sounds/Звуки природы - Шум дождя (www.hotplayer.ru).mp3' (channels=2, sampleRate=48000)
INFO not found "/assets/sounds/Звуки природы - Шум дождя (www.hotplayer.ru).mp3" in vfs
ERROR WPSoundParser.cpp:178 audio file not found: sounds/Звуки природы - Шум дождя (www.hotplayer.ru).mp3
INFO audio Switch: loading 'sounds/aether-scotland-veela-valentine.mp3' (channels=2, sampleRate=48000)
INFO not found "/assets/sounds/aether-scotland-veela-valentine.mp3" in vfs
ERROR WPSoundParser.cpp:178 audio file not found: sounds/aether-scotland-veela-valentine.mp3
INFO audio Switch: loading 'sounds/Звуки природы - Шум дождя (www.hotplayer.ru).mp3' (channels=2, sampleRate=48000)
INFO not found "/assets/sounds/Звуки природы - Шум дождя (www.hotplayer.ru).mp3" in vfs
ERROR WPSoundParser.cpp:178 audio file not found: sounds/Звуки природы - Шум дождя (www.hotplayer.ru).mp3
INFO audio Switch: loading 'sounds/Veela and Irosa Rosali - Going Home (galamp3.com).mp3' (channels=2, sampleRate=48000)
INFO not found "/assets/sounds/Veela and Irosa Rosali - Going Home (galamp3.com).mp3" in vfs
ERROR WPSoundParser.cpp:178 audio file not found: sounds/Veela and Irosa Rosali - Going Home (galamp3.com).mp3
INFO audio Switch: loading 'sounds/Звуки природы - Шум дождя (www.hotplayer.ru).mp3' (channels=2, sampleRate=48000)
INFO not found "/assets/sounds/Звуки природы - Шум дождя (www.hotplayer.ru).mp3" in vfs
ERROR WPSoundParser.cpp:178 audio file not found: sounds/Звуки природы - Шум дождя (www.hotplayer.ru).mp3
INFO audio Switch: loading 'sounds/Veela and Irosa Rosali, Elsie - Closed (galamp3.com).mp3' (channels=2, sampleRate=48000)
INFO not found "/assets/sounds/Veela and Irosa Rosali, Elsie - Closed (galamp3.com).mp3" in vfs
ERROR WPSoundParser.cpp:178 audio file not found: sounds/Veela and Irosa Rosali, Elsie - Closed (galamp3.com).mp3
INFO audio Switch: loading 'sounds/Звуки природы - Шум дождя (www.hotplayer.ru).mp3' (channels=2, sampleRate=48000)
INFO not found "/assets/sounds/Звуки природы - Шум дождя (www.hotplayer.ru).mp3" in vfs
ERROR WPSoundParser.cpp:178 audio file not found: sounds/Звуки природы - Шум дождя (www.hotplayer.ru).mp3
INFO audio Switch: loading 'sounds/Veela and Kooma - Pointless (galamp3.com).mp3' (channels=2, sampleRate=48000)
INFO not found "/assets/sounds/Veela and Kooma - Pointless (galamp3.com).mp3" in vfs
ERROR WPSoundParser.cpp:178 audio file not found: sounds/Veela and Kooma - Pointless (galamp3.com).mp3
INFO audio Switch: loading 'sounds/Звуки природы - Шум дождя (www.hotplayer.ru).mp3' (channels=2, sampleRate=48000)
INFO not found "/assets/sounds/Звуки природы - Шум дождя (www.hotplayer.ru).mp3" in vfs
ERROR WPSoundParser.cpp:178 audio file not found: sounds/Звуки природы - Шум дождя (www.hotplayer.ru).mp3
INFO audio Switch: loading 'sounds/Veela and Kooma - Retrospect (galamp3.com).mp3' (channels=2, sampleRate=48000)
INFO not found "/assets/sounds/Veela and Kooma - Retrospect (galamp3.com).mp3" in vfs
ERROR WPSoundParser.cpp:178 audio file not found: sounds/Veela and Kooma - Retrospect (galamp3.com).mp3
INFO audio Switch: loading 'sounds/Звуки природы - Шум дождя (www.hotplayer.ru).mp3' (channels=2, sampleRate=48000)
INFO not found "/assets/sounds/Звуки природы - Шум дождя (www.hotplayer.ru).mp3" in vfs
ERROR WPSoundParser.cpp:178 audio file not found: sounds/Звуки природы - Шум дождя (www.hotplayer.ru).mp3
INFO audio Switch: loading 'sounds/Kooma & Veela - Oasis (256  kbps).mp3' (channels=2, sampleRate=48000)
INFO not found "/assets/sounds/Kooma & Veela - Oasis (256  kbps).mp3" in vfs
ERROR WPSoundParser.cpp:178 audio file not found: sounds/Kooma & Veela - Oasis (256  kbps).mp3
INFO audio Switch: loading 'sounds/Звуки природы - Шум дождя (www.hotplayer.ru).mp3' (channels=2, sampleRate=48000)
INFO not found "/assets/sounds/Звуки природы - Шум дождя (www.hotplayer.ru).mp3" in vfs
ERROR WPSoundParser.cpp:178 audio file not found: sounds/Звуки природы - Шум дождя (www.hotplayer.ru).mp3
INFO audio Switch: loading 'sounds/aether-scotland-veela-valentine.mp3' (channels=2, sampleRate=48000)
INFO not found "/assets/sounds/aether-scotland-veela-valentine.mp3" in vfs
ERROR WPSoundParser.cpp:178 audio file not found: sounds/aether-scotland-veela-valentine.mp3
INFO audio Switch: loading 'sounds/Звуки природы - Шум дождя (www.hotplayer.ru).mp3' (channels=2, sampleRate=48000)
INFO not found "/assets/sounds/Звуки природы - Шум дождя (www.hotplayer.ru).mp3" in vfs
ERROR WPSoundParser.cpp:178 audio file not found: sounds/Звуки природы - Шум дождя (www.hotplayer.ru).mp3
INFO audio Switch: loading 'sounds/Veela and Irosa Rosali - Going Home (galamp3.com).mp3' (channels=2, sampleRate=48000)
INFO not found "/assets/sounds/Veela and Irosa Rosali - Going Home (galamp3.com).mp3" in vfs
ERROR WPSoundParser.cpp:178 audio file not found: sounds/Veela and Irosa Rosali - Going Home (galamp3.com).mp3
INFO audio Switch: loading 'sounds/Звуки природы - Шум дождя (www.hotplayer.ru).mp3' (channels=2, sampleRate=48000)
INFO not found "/assets/sounds/Звуки природы - Шум дождя (www.hotplayer.ru).mp3" in vfs
ERROR WPSoundParser.cpp:178 audio file not found: sounds/Звуки природы - Шум дождя (www.hotplayer.ru).mp3
INFO audio Switch: loading 'sounds/Veela and Irosa Rosali, Elsie - Closed (galamp3.com).mp3' (channels=2, sampleRate=48000)
INFO not found "/assets/sounds/Veela and Irosa Rosali, Elsie - Closed (galamp3.com).mp3" in vfs
ERROR WPSoundParser.cpp:178 audio file not found: sounds/Veela and Irosa Rosali, Elsie - Closed (galamp3.com).mp3
INFO audio Switch: loading 'sounds/Звуки природы - Шум дождя (www.hotplayer.ru).mp3' (channels=2, sampleRate=48000)
INFO not found "/assets/sounds/Звуки природы - Шум дождя (www.hotplayer.ru).mp3" in vfs
ERROR WPSoundParser.cpp:178 audio file not found: sounds/Звуки природы - Шум дождя (www.hotplayer.ru).mp3
INFO audio Switch: loading 'sounds/Veela and Kooma - Pointless (galamp3.com).mp3' (channels=2, sampleRate=48000)
INFO not found "/assets/sounds/Veela and Kooma - Pointless (galamp3.com).mp3" in vfs
ERROR WPSoundParser.cpp:178 audio file not found: sounds/Veela and Kooma - Pointless (galamp3.com).mp3
INFO audio Switch: loading 'sounds/Звуки природы - Шум дождя (www.hotplayer.ru).mp3' (channels=2, sampleRate=48000)
INFO not found "/assets/sounds/Звуки природы - Шум дождя (www.hotplayer.ru).mp3" in vfs
ERROR WPSoundParser.cpp:178 audio file not found: sounds/Звуки природы - Шум дождя (www.hotplayer.ru).mp3
INFO audio Switch: loading 'sounds/Veela and Kooma - Retrospect (galamp3.com).mp3' (channels=2, sampleRate=48000)
INFO not found "/assets/sounds/Veela and Kooma - Retrospect (galamp3.com).mp3" in vfs
ERROR WPSoundParser.cpp:178 audio file not found: sounds/Veela and Kooma - Retrospect (galamp3.com).mp3
INFO audio Switch: loading 'sounds/Звуки природы - Шум дождя (www.hotplayer.ru).mp3' (channels=2, sampleRate=48000)
INFO not found "/assets/sounds/Звуки природы - Шум дождя (www.hotplayer.ru).mp3" in vfs
ERROR WPSoundParser.cpp:178 audio file not found: sounds/Звуки природы - Шум дождя (www.hotplayer.ru).mp3
INFO audio Switch: loading 'sounds/Kooma & Veela - Oasis (256  kbps).mp3' (channels=2, sampleRate=48000)
INFO not found "/assets/sounds/Kooma & Veela - Oasis (256  kbps).mp3" in vfs
ERROR WPSoundParser.cpp:178 audio file not found: sounds/Kooma & Veela - Oasis (256  kbps).mp3
INFO audio Switch: loading 'sounds/Звуки природы - Шум дождя (www.hotplayer.ru).mp3' (channels=2, sampleRate=48000)
INFO not found "/assets/sounds/Звуки природы - Шум дождя (www.hotplayer.ru).mp3" in vfs
ERROR WPSoundParser.cpp:178 audio file not found: sounds/Звуки природы - Шум дождя (www.hotplayer.ru).mp3
INFO audio Switch: loading 'sounds/aether-scotland-veela-valentine.mp3' (channels=2, sampleRate=48000)
INFO not found "/assets/sounds/aether-scotland-veela-valentine.mp3" in vfs
ERROR WPSoundParser.cpp:178 audio file not found: sounds/aether-scotland-veela-valentine.mp3
INFO audio Switch: loading 'sounds/Звуки природы - Шум дождя (www.hotplayer.ru).mp3' (channels=2, sampleRate=48000)
INFO not found "/assets/sounds/Звуки природы - Шум дождя (www.hotplayer.ru).mp3" in vfs
ERROR WPSoundParser.cpp:178 audio file not found: sounds/Звуки природы - Шум дождя (www.hotplayer.ru).mp3
INFO audio Switch: loading 'sounds/Veela and Irosa Rosali - Going Home (galamp3.com).mp3' (channels=2, sampleRate=48000)
INFO not found "/assets/sounds/Veela and Irosa Rosali - Going Home (galamp3.com).mp3" in vfs
ERROR WPSoundParser.cpp:178 audio file not found: sounds/Veela and Irosa Rosali - Going Home (galamp3.com).mp3
INFO audio Switch: loading 'sounds/Звуки природы - Шум дождя (www.hotplayer.ru).mp3' (channels=2, sampleRate=48000)
INFO not found "/assets/sounds/Звуки природы - Шум дождя (www.hotplayer.ru).mp3" in vfs
ERROR WPSoundParser.cpp:178 audio file not found: sounds/Звуки природы - Шум дождя (www.hotplayer.ru).mp3
INFO audio Switch: loading 'sounds/Veela and Irosa Rosali, Elsie - Closed (galamp3.com).mp3' (channels=2, sampleRate=48000)
INFO not found "/assets/sounds/Veela and Irosa Rosali, Elsie - Closed (galamp3.com).mp3" in vfs
ERROR WPSoundParser.cpp:178 audio file not found: sounds/Veela and Irosa Rosali, Elsie - Closed (galamp3.com).mp3
INFO audio Switch: loading 'sounds/Звуки природы - Шум дождя (www.hotplayer.ru).mp3' (channels=2, sampleRate=48000)
INFO not found "/assets/sounds/Звуки природы - Шум дождя (www.hotplayer.ru).mp3" in vfs
ERROR WPSoundParser.cpp:178 audio file not found: sounds/Звуки природы - Шум дождя (www.hotplayer.ru).mp3
INFO audio Switch: loading 'sounds/Veela and Kooma - Pointless (galamp3.com).mp3' (channels=2, sampleRate=48000)
INFO not found "/assets/sounds/Veela and Kooma - Pointless (galamp3.com).mp3" in vfs
ERROR WPSoundParser.cpp:178 audio file not found: sounds/Veela and Kooma - Pointless (galamp3.com).mp3
INFO audio Switch: loading 'sounds/Звуки природы - Шум дождя (www.hotplayer.ru).mp3' (channels=2, sampleRate=48000)
INFO not found "/assets/sounds/Звуки природы - Шум дождя (www.hotplayer.ru).mp3" in vfs
ERROR WPSoundParser.cpp:178 audio file not found: sounds/Звуки природы - Шум дождя (www.hotplayer.ru).mp3
INFO audio Switch: loading 'sounds/Veela and Kooma - Retrospect (galamp3.com).mp3' (channels=2, sampleRate=48000)
INFO not found "/assets/sounds/Veela and Kooma - Retrospect (galamp3.com).mp3" in vfs
ERROR WPSoundParser.cpp:178 audio file not found: sounds/Veela and Kooma - Retrospect (galamp3.com).mp3
INFO audio Switch: loading 'sounds/Звуки природы - Шум дождя (www.hotplayer.ru).mp3' (channels=2, sampleRate=48000)
INFO not found "/assets/sounds/Звуки природы - Шум дождя (www.hotplayer.ru).mp3" in vfs
ERROR WPSoundParser.cpp:178 audio file not found: sounds/Звуки природы - Шум дождя (www.hotplayer.ru).mp3
INFO audio Switch: loading 'sounds/Kooma & Veela - Oasis (256  kbps).mp3' (channels=2, sampleRate=48000)
INFO not found "/assets/sounds/Kooma & Veela - Oasis (256  kbps).mp3" in vfs
ERROR WPSoundParser.cpp:178 audio file not found: sounds/Kooma & Veela - Oasis (256  kbps).mp3
INFO audio Switch: loading 'sounds/Звуки природы - Шум дождя (www.hotplayer.ru).mp3' (channels=2, sampleRate=48000)
INFO not found "/assets/sounds/Звуки природы - Шум дождя (www.hotplayer.ru).mp3" in vfs
ERROR WPSoundParser.cpp:178 audio file not found: sounds/Звуки природы - Шум дождя (www.hotplayer.ru).mp3
INFO audio Switch: loading 'sounds/aether-scotland-veela-valentine.mp3' (channels=2, sampleRate=48000)
INFO not found "/assets/sounds/aether-scotland-veela-valentine.mp3" in vfs
ERROR WPSoundParser.cpp:178 audio file not found: sounds/aether-scotland-veela-valentine.mp3
INFO audio Switch: loading 'sounds/Звуки природы - Шум дождя (www.hotplayer.ru).mp3' (channels=2, sampleRate=48000)
INFO not found "/assets/sounds/Звуки природы - Шум дождя (www.hotplayer.ru).mp3" in vfs
ERROR WPSoundParser.cpp:178 audio file not found: sounds/Звуки природы - Шум дождя (www.hotplayer.ru).mp3
INFO audio Switch: loading 'sounds/Veela and Irosa Rosali - Going Home (galamp3.com).mp3' (channels=2, sampleRate=48000)
INFO not found "/assets/sounds/Veela and Irosa Rosali - Going Home (galamp3.com).mp3" in vfs
ERROR WPSoundParser.cpp:178 audio file not found: sounds/Veela and Irosa Rosali - Going Home (galamp3.com).mp3
INFO audio Switch: loading 'sounds/Звуки природы - Шум дождя (www.hotplayer.ru).mp3' (channels=2, sampleRate=48000)
INFO not found "/assets/sounds/Звуки природы - Шум дождя (www.hotplayer.ru).mp3" in vfs
ERROR WPSoundParser.cpp:178 audio file not found: sounds/Звуки природы - Шум дождя (www.hotplayer.ru).mp3
INFO audio Switch: loading 'sounds/Veela and Irosa Rosali, Elsie - Closed (galamp3.com).mp3' (channels=2, sampleRate=48000)
INFO not found "/assets/sounds/Veela and Irosa Rosali, Elsie - Closed (galamp3.com).mp3" in vfs
ERROR WPSoundParser.cpp:178 audio file not found: sounds/Veela and Irosa Rosali, Elsie - Closed (galamp3.com).mp3
INFO audio Switch: loading 'sounds/Звуки природы - Шум дождя (www.hotplayer.ru).mp3' (channels=2, sampleRate=48000)
INFO not found "/assets/sounds/Звуки природы - Шум дождя (www.hotplayer.ru).mp3" in vfs
ERROR WPSoundParser.cpp:178 audio file not found: sounds/Звуки природы - Шум дождя (www.hotplayer.ru).mp3
INFO audio Switch: loading 'sounds/Veela and Kooma - Pointless (galamp3.com).mp3' (channels=2, sampleRate=48000)
INFO not found "/assets/sounds/Veela and Kooma - Pointless (galamp3.com).mp3" in vfs
ERROR WPSoundParser.cpp:178 audio file not found: sounds/Veela and Kooma - Pointless (galamp3.com).mp3
INFO audio Switch: loading 'sounds/Звуки природы - Шум дождя (www.hotplayer.ru).mp3' (channels=2, sampleRate=48000)
INFO not found "/assets/sounds/Звуки природы - Шум дождя (www.hotplayer.ru).mp3" in vfs
ERROR WPSoundParser.cpp:178 audio file not found: sounds/Звуки природы - Шум дождя (www.hotplayer.ru).mp3
INFO audio Switch: loading 'sounds/Veela and Kooma - Retrospect (galamp3.com).mp3' (channels=2, sampleRate=48000)
INFO not found "/assets/sounds/Veela and Kooma - Retrospect (galamp3.com).mp3" in vfs
ERROR WPSoundParser.cpp:178 audio file not found: sounds/Veela and Kooma - Retrospect (galamp3.com).mp3
INFO audio Switch: loading 'sounds/Звуки природы - Шум дождя (www.hotplayer.ru).mp3' (channels=2, sampleRate=48000)
INFO not found "/assets/sounds/Звуки природы - Шум дождя (www.hotplayer.ru).mp3" in vfs
ERROR WPSoundParser.cpp:178 audio file not found: sounds/Звуки природы - Шум дождя (www.hotplayer.ru).mp3
INFO audio Switch: loading 'sounds/Kooma & Veela - Oasis (256  kbps).mp3' (channels=2, sampleRate=48000)
INFO not found "/assets/sounds/Kooma & Veela - Oasis (256  kbps).mp3" in vfs
ERROR WPSoundParser.cpp:178 audio file not found: sounds/Kooma & Veela - Oasis (256  kbps).mp3
INFO audio Switch: loading 'sounds/Звуки природы - Шум дождя (www.hotplayer.ru).mp3' (channels=2, sampleRate=48000)
INFO not found "/assets/sounds/Звуки природы - Шум дождя (www.hotplayer.ru).mp3" in vfs
ERROR WPSoundParser.cpp:178 audio file not found: sounds/Звуки природы - Шум дождя (www.hotplayer.ru).mp3
INFO audio Switch: loading 'sounds/aether-scotland-veela-valentine.mp3' (channels=2, sampleRate=48000)
INFO not found "/assets/sounds/aether-scotland-veela-valentine.mp3" in vfs
ERROR WPSoundParser.cpp:178 audio file not found: sounds/aether-scotland-veela-valentine.mp3
INFO audio Switch: loading 'sounds/Звуки природы - Шум дождя (www.hotplayer.ru).mp3' (channels=2, sampleRate=48000)
INFO not found "/assets/sounds/Звуки природы - Шум дождя (www.hotplayer.ru).mp3" in vfs
ERROR WPSoundParser.cpp:178 audio file not found: sounds/Звуки природы - Шум дождя (www.hotplayer.ru).mp3
INFO audio Switch: loading 'sounds/Veela and Irosa Rosali - Going Home (galamp3.com).mp3' (channels=2, sampleRate=48000)
INFO not found "/assets/sounds/Veela and Irosa Rosali - Going Home (galamp3.com).mp3" in vfs
ERROR WPSoundParser.cpp:178 audio file not found: sounds/Veela and Irosa Rosali - Going Home (galamp3.com).mp3
INFO audio Switch: loading 'sounds/Звуки природы - Шум дождя (www.hotplayer.ru).mp3' (channels=2, sampleRate=48000)
INFO not found "/assets/sounds/Звуки природы - Шум дождя (www.hotplayer.ru).mp3" in vfs
ERROR WPSoundParser.cpp:178 audio file not found: sounds/Звуки природы - Шум дождя (www.hotplayer.ru).mp3
INFO audio Switch: loading 'sounds/Veela and Irosa Rosali, Elsie - Closed (galamp3.com).mp3' (channels=2, sampleRate=48000)
INFO not found "/assets/sounds/Veela and Irosa Rosali, Elsie - Closed (galamp3.com).mp3" in vfs
ERROR WPSoundParser.cpp:178 audio file not found: sounds/Veela and Irosa Rosali, Elsie - Closed (galamp3.com).mp3
INFO audio Switch: loading 'sounds/Звуки природы - Шум дождя (www.hotplayer.ru).mp3' (channels=2, sampleRate=48000)
INFO not found "/assets/sounds/Звуки природы - Шум дождя (www.hotplayer.ru).mp3" in vfs
ERROR WPSoundParser.cpp:178 audio file not found: sounds/Звуки природы - Шум дождя (www.hotplayer.ru).mp3
INFO audio Switch: loading 'sounds/Veela and Kooma - Pointless (galamp3.com).mp3' (channels=2, sampleRate=48000)
INFO not found "/assets/sounds/Veela and Kooma - Pointless (galamp3.com).mp3" in vfs
ERROR WPSoundParser.cpp:178 audio file not found: sounds/Veela and Kooma - Pointless (galamp3.com).mp3
INFO audio Switch: loading 'sounds/Звуки природы - Шум дождя (www.hotplayer.ru).mp3' (channels=2, sampleRate=48000)
INFO not found "/assets/sounds/Звуки природы - Шум дождя (www.hotplayer.ru).mp3" in vfs
ERROR WPSoundParser.cpp:178 audio file not found: sounds/Звуки природы - Шум дождя (www.hotplayer.ru).mp3
INFO audio Switch: loading 'sounds/Veela and Kooma - Retrospect (galamp3.com).mp3' (channels=2, sampleRate=48000)
INFO not found "/assets/sounds/Veela and Kooma - Retrospect (galamp3.com).mp3" in vfs
ERROR WPSoundParser.cpp:178 audio file not found: sounds/Veela and Kooma - Retrospect (galamp3.com).mp3
INFO audio Switch: loading 'sounds/Звуки природы - Шум дождя (www.hotplayer.ru).mp3' (channels=2, sampleRate=48000)
INFO not found "/assets/sounds/Звуки природы - Шум дождя (www.hotplayer.ru).mp3" in vfs
ERROR WPSoundParser.cpp:178 audio file not found: sounds/Звуки природы - Шум дождя (www.hotplayer.ru).mp3
INFO audio Switch: loading 'sounds/Kooma & Veela - Oasis (256  kbps).mp3' (channels=2, sampleRate=48000)
INFO not found "/assets/sounds/Kooma & Veela - Oasis (256  kbps).mp3" in vfs
ERROR WPSoundParser.cpp:178 audio file not found: sounds/Kooma & Veela - Oasis (256  kbps).mp3
INFO audio Switch: loading 'sounds/Звуки природы - Шум дождя (www.hotplayer.ru).mp3' (channels=2, sampleRate=48000)
INFO not found "/assets/sounds/Звуки природы - Шум дождя (www.hotplayer.ru).mp3" in vfs
ERROR WPSoundParser.cpp:178 audio file not found: sounds/Звуки природы - Шум дождя (www.hotplayer.ru).mp3
INFO audio Switch: loading 'sounds/aether-scotland-veela-valentine.mp3' (channels=2, sampleRate=48000)
INFO not found "/assets/sounds/aether-scotland-veela-valentine.mp3" in vfs
ERROR WPSoundParser.cpp:178 audio file not found: sounds/aether-scotland-veela-valentine.mp3
INFO audio Switch: loading 'sounds/Звуки природы - Шум дождя (www.hotplayer.ru).mp3' (channels=2, sampleRate=48000)
INFO not found "/assets/sounds/Звуки природы - Шум дождя (www.hotplayer.ru).mp3" in vfs
ERROR WPSoundParser.cpp:178 audio file not found: sounds/Звуки природы - Шум дождя (www.hotplayer.ru).mp3
INFO audio Switch: loading 'sounds/Veela and Irosa Rosali - Going Home (galamp3.com).mp3' (channels=2, sampleRate=48000)
INFO not found "/assets/sounds/Veela and Irosa Rosali - Going Home (galamp3.com).mp3" in vfs
ERROR WPSoundParser.cpp:178 audio file not found: sounds/Veela and Irosa Rosali - Going Home (galamp3.com).mp3
INFO audio Switch: loading 'sounds/Звуки природы - Шум дождя (www.hotplayer.ru).mp3' (channels=2, sampleRate=48000)
INFO not found "/assets/sounds/Звуки природы - Шум дождя (www.hotplayer.ru).mp3" in vfs
ERROR WPSoundParser.cpp:178 audio file not found: sounds/Звуки природы - Шум дождя (www.hotplayer.ru).mp3
INFO audio Switch: loading 'sounds/Veela and Irosa Rosali, Elsie - Closed (galamp3.com).mp3' (channels=2, sampleRate=48000)
INFO not found "/assets/sounds/Veela and Irosa Rosali, Elsie - Closed (galamp3.com).mp3" in vfs
ERROR WPSoundParser.cpp:178 audio file not found: sounds/Veela and Irosa Rosali, Elsie - Closed (galamp3.com).mp3
INFO audio Switch: loading 'sounds/Звуки природы - Шум дождя (www.hotplayer.ru).mp3' (channels=2, sampleRate=48000)
INFO not found "/assets/sounds/Звуки природы - Шум дождя (www.hotplayer.ru).mp3" in vfs
ERROR WPSoundParser.cpp:178 audio file not found: sounds/Звуки природы - Шум дождя (www.hotplayer.ru).mp3
INFO audio Switch: loading 'sounds/Veela and Kooma - Pointless (galamp3.com).mp3' (channels=2, sampleRate=48000)
INFO not found "/assets/sounds/Veela and Kooma - Pointless (galamp3.com).mp3" in vfs
ERROR WPSoundParser.cpp:178 audio file not found: sounds/Veela and Kooma - Pointless (galamp3.com).mp3
INFO audio Switch: loading 'sounds/Звуки природы - Шум дождя (www.hotplayer.ru).mp3' (channels=2, sampleRate=48000)
INFO not found "/assets/sounds/Звуки природы - Шум дождя (www.hotplayer.ru).mp3" in vfs
ERROR WPSoundParser.cpp:178 audio file not found: sounds/Звуки природы - Шум дождя (www.hotplayer.ru).mp3
INFO audio Switch: loading 'sounds/Veela and Kooma - Retrospect (galamp3.com).mp3' (channels=2, sampleRate=48000)
INFO not found "/assets/sounds/Veela and Kooma - Retrospect (galamp3.com).mp3" in vfs
ERROR WPSoundParser.cpp:178 audio file not found: sounds/Veela and Kooma - Retrospect (galamp3.com).mp3
INFO audio Switch: loading 'sounds/Звуки природы - Шум дождя (www.hotplayer.ru).mp3' (channels=2, sampleRate=48000)
INFO not found "/assets/sounds/Звуки природы - Шум дождя (www.hotplayer.ru).mp3" in vfs
ERROR WPSoundParser.cpp:178 audio file not found: sounds/Звуки природы - Шум дождя (www.hotplayer.ru).mp3
INFO audio Switch: loading 'sounds/Kooma & Veela - Oasis (256  kbps).mp3' (channels=2, sampleRate=48000)
INFO not found "/assets/sounds/Kooma & Veela - Oasis (256  kbps).mp3" in vfs
ERROR WPSoundParser.cpp:178 audio file not found: sounds/Kooma & Veela - Oasis (256  kbps).mp3
INFO audio Switch: loading 'sounds/Звуки природы - Шум дождя (www.hotplayer.ru).mp3' (channels=2, sampleRate=48000)
INFO not found "/assets/sounds/Звуки природы - Шум дождя (www.hotplayer.ru).mp3" in vfs
ERROR WPSoundParser.cpp:178 audio file not found: sounds/Звуки природы - Шум дождя (www.hotplayer.ru).mp3
INFO audio Switch: loading 'sounds/aether-scotland-veela-valentine.mp3' (channels=2, sampleRate=48000)
INFO not found "/assets/sounds/aether-scotland-veela-valentine.mp3" in vfs
ERROR WPSoundParser.cpp:178 audio file not found: sounds/aether-scotland-veela-valentine.mp3
INFO audio Switch: loading 'sounds/Звуки природы - Шум дождя (www.hotplayer.ru).mp3' (channels=2, sampleRate=48000)
INFO not found "/assets/sounds/Звуки природы - Шум дождя (www.hotplayer.ru).mp3" in vfs
ERROR WPSoundParser.cpp:178 audio file not found: sounds/Звуки природы - Шум дождя (www.hotplayer.ru).mp3
INFO audio Switch: loading 'sounds/Veela and Irosa Rosali - Going Home (galamp3.com).mp3' (channels=2, sampleRate=48000)
INFO not found "/assets/sounds/Veela and Irosa Rosali - Going Home (galamp3.com).mp3" in vfs
ERROR WPSoundParser.cpp:178 audio file not found: sounds/Veela and Irosa Rosali - Going Home (galamp3.com).mp3
INFO audio Switch: loading 'sounds/Звуки природы - Шум дождя (www.hotplayer.ru).mp3' (channels=2, sampleRate=48000)
INFO not found "/assets/sounds/Звуки природы - Шум дождя (www.hotplayer.ru).mp3" in vfs
ERROR WPSoundParser.cpp:178 audio file not found: sounds/Звуки природы - Шум дождя (www.hotplayer.ru).mp3
INFO audio Switch: loading 'sounds/Veela and Irosa Rosali, Elsie - Closed (galamp3.com).mp3' (channels=2, sampleRate=48000)
INFO not found "/assets/sounds/Veela and Irosa Rosali, Elsie - Closed (galamp3.com).mp3" in vfs
ERROR WPSoundParser.cpp:178 audio file not found: sounds/Veela and Irosa Rosali, Elsie - Closed (galamp3.com).mp3
INFO audio Switch: loading 'sounds/Звуки природы - Шум дождя (www.hotplayer.ru).mp3' (channels=2, sampleRate=48000)
INFO not found "/assets/sounds/Звуки природы - Шум дождя (www.hotplayer.ru).mp3" in vfs
ERROR WPSoundParser.cpp:178 audio file not found: sounds/Звуки природы - Шум дождя (www.hotplayer.ru).mp3
INFO audio Switch: loading 'sounds/Veela and Kooma - Pointless (galamp3.com).mp3' (channels=2, sampleRate=48000)
INFO not found "/assets/sounds/Veela and Kooma - Pointless (galamp3.com).mp3" in vfs
ERROR WPSoundParser.cpp:178 audio file not found: sounds/Veela and Kooma - Pointless (galamp3.com).mp3
INFO audio Switch: loading 'sounds/Звуки природы - Шум дождя (www.hotplayer.ru).mp3' (channels=2, sampleRate=48000)
INFO not found "/assets/sounds/Звуки природы - Шум дождя (www.hotplayer.ru).mp3" in vfs
ERROR WPSoundParser.cpp:178 audio file not found: sounds/Звуки природы - Шум дождя (www.hotplayer.ru).mp3
INFO audio Switch: loading 'sounds/Veela and Kooma - Retrospect (galamp3.com).mp3' (channels=2, sampleRate=48000)
INFO not found "/assets/sounds/Veela and Kooma - Retrospect (galamp3.com).mp3" in vfs
ERROR WPSoundParser.cpp:178 audio file not found: sounds/Veela and Kooma - Retrospect (galamp3.com).mp3
INFO audio Switch: loading 'sounds/Звуки природы - Шум дождя (www.hotplayer.ru).mp3' (channels=2, sampleRate=48000)
INFO not found "/assets/sounds/Звуки природы - Шум дождя (www.hotplayer.ru).mp3" in vfs
ERROR WPSoundParser.cpp:178 audio file not found: sounds/Звуки природы - Шум дождя (www.hotplayer.ru).mp3
INFO audio Switch: loading 'sounds/Kooma & Veela - Oasis (256  kbps).mp3' (channels=2, sampleRate=48000)
INFO not found "/assets/sounds/Kooma & Veela - Oasis (256  kbps).mp3" in vfs
ERROR WPSoundParser.cpp:178 audio file not found: sounds/Kooma & Veela - Oasis (256  kbps).mp3
INFO audio Switch: loading 'sounds/Звуки природы - Шум дождя (www.hotplayer.ru).mp3' (channels=2, sampleRate=48000)
INFO not found "/assets/sounds/Звуки природы - Шум дождя (www.hotplayer.ru).mp3" in vfs
ERROR WPSoundParser.cpp:178 audio file not found: sounds/Звуки природы - Шум дождя (www.hotplayer.ru).mp3
INFO audio Switch: loading 'sounds/aether-scotland-veela-valentine.mp3' (channels=2, sampleRate=48000)
INFO not found "/assets/sounds/aether-scotland-veela-valentine.mp3" in vfs
ERROR WPSoundParser.cpp:178 audio file not found: sounds/aether-scotland-veela-valentine.mp3
INFO audio Switch: loading 'sounds/Звуки природы - Шум дождя (www.hotplayer.ru).mp3' (channels=2, sampleRate=48000)
INFO not found "/assets/sounds/Звуки природы - Шум дождя (www.hotplayer.ru).mp3" in vfs
ERROR WPSoundParser.cpp:178 audio file not found: sounds/Звуки природы - Шум дождя (www.hotplayer.ru).mp3
INFO audio Switch: loading 'sounds/Veela and Irosa Rosali - Going Home (galamp3.com).mp3' (channels=2, sampleRate=48000)
INFO not found "/assets/sounds/Veela and Irosa Rosali - Going Home (galamp3.com).mp3" in vfs
ERROR WPSoundParser.cpp:178 audio file not found: sounds/Veela and Irosa Rosali - Going Home (galamp3.com).mp3
INFO audio Switch: loading 'sounds/Звуки природы - Шум дождя (www.hotplayer.ru).mp3' (channels=2, sampleRate=48000)
INFO not found "/assets/sounds/Звуки природы - Шум дождя (www.hotplayer.ru).mp3" in vfs
ERROR WPSoundParser.cpp:178 audio file not found: sounds/Звуки природы - Шум дождя (www.hotplayer.ru).mp3
INFO audio Switch: loading 'sounds/Veela and Irosa Rosali, Elsie - Closed (galamp3.com).mp3' (channels=2, sampleRate=48000)
INFO not found "/assets/sounds/Veela and Irosa Rosali, Elsie - Closed (galamp3.com).mp3" in vfs
ERROR WPSoundParser.cpp:178 audio file not found: sounds/Veela and Irosa Rosali, Elsie - Closed (galamp3.com).mp3
INFO audio Switch: loading 'sounds/Звуки природы - Шум дождя (www.hotplayer.ru).mp3' (channels=2, sampleRate=48000)
INFO not found "/assets/sounds/Звуки природы - Шум дождя (www.hotplayer.ru).mp3" in vfs
ERROR WPSoundParser.cpp:178 audio file not found: sounds/Звуки природы - Шум дождя (www.hotplayer.ru).mp3
INFO audio Switch: loading 'sounds/Veela and Kooma - Pointless (galamp3.com).mp3' (channels=2, sampleRate=48000)
INFO not found "/assets/sounds/Veela and Kooma - Pointless (galamp3.com).mp3" in vfs
ERROR WPSoundParser.cpp:178 audio file not found: sounds/Veela and Kooma - Pointless (galamp3.com).mp3
INFO audio Switch: loading 'sounds/Звуки природы - Шум дождя (www.hotplayer.ru).mp3' (channels=2, sampleRate=48000)
INFO not found "/assets/sounds/Звуки природы - Шум дождя (www.hotplayer.ru).mp3" in vfs
ERROR WPSoundParser.cpp:178 audio file not found: sounds/Звуки природы - Шум дождя (www.hotplayer.ru).mp3
INFO audio Switch: loading 'sounds/Veela and Kooma - Retrospect (galamp3.com).mp3' (channels=2, sampleRate=48000)
INFO not found "/assets/sounds/Veela and Kooma - Retrospect (galamp3.com).mp3" in vfs
ERROR WPSoundParser.cpp:178 audio file not found: sounds/Veela and Kooma - Retrospect (galamp3.com).mp3
INFO audio Switch: loading 'sounds/Звуки природы - Шум дождя (www.hotplayer.ru).mp3' (channels=2, sampleRate=48000)
INFO not found "/assets/sounds/Звуки природы - Шум дождя (www.hotplayer.ru).mp3" in vfs
ERROR WPSoundParser.cpp:178 audio file not found: sounds/Звуки природы - Шум дождя (www.hotplayer.ru).mp3
INFO audio Switch: loading 'sounds/Kooma & Veela - Oasis (256  kbps).mp3' (channels=2, sampleRate=48000)
INFO not found "/assets/sounds/Kooma & Veela - Oasis (256  kbps).mp3" in vfs
ERROR WPSoundParser.cpp:178 audio file not found: sounds/Kooma & Veela - Oasis (256  kbps).mp3
INFO audio Switch: loading 'sounds/Звуки природы - Шум дождя (www.hotplayer.ru).mp3' (channels=2, sampleRate=48000)
INFO not found "/assets/sounds/Звуки природы - Шум дождя (www.hotplayer.ru).mp3" in vfs
ERROR WPSoundParser.cpp:178 audio file not found: sounds/Звуки природы - Шум дождя (www.hotplayer.ru).mp3
INFO audio Switch: loading 'sounds/aether-scotland-veela-valentine.mp3' (channels=2, sampleRate=48000)
INFO not found "/assets/sounds/aether-scotland-veela-valentine.mp3" in vfs
ERROR WPSoundParser.cpp:178 audio file not found: sounds/aether-scotland-veela-valentine.mp3
INFO audio Switch: loading 'sounds/Звуки природы - Шум дождя (www.hotplayer.ru).mp3' (channels=2, sampleRate=48000)
INFO not found "/assets/sounds/Звуки природы - Шум дождя (www.hotplayer.ru).mp3" in vfs
ERROR WPSoundParser.cpp:178 audio file not found: sounds/Звуки природы - Шум дождя (www.hotplayer.ru).mp3
INFO audio Switch: loading 'sounds/Veela and Irosa Rosali - Going Home (galamp3.com).mp3' (channels=2, sampleRate=48000)
INFO not found "/assets/sounds/Veela and Irosa Rosali - Going Home (galamp3.com).mp3" in vfs
ERROR WPSoundParser.cpp:178 audio file not found: sounds/Veela and Irosa Rosali - Going Home (galamp3.com).mp3
INFO audio Switch: loading 'sounds/Звуки природы - Шум дождя (www.hotplayer.ru).mp3' (channels=2, sampleRate=48000)
INFO not found "/assets/sounds/Звуки природы - Шум дождя (www.hotplayer.ru).mp3" in vfs
ERROR WPSoundParser.cpp:178 audio file not found: sounds/Звуки природы - Шум дождя (www.hotplayer.ru).mp3
INFO audio Switch: loading 'sounds/Veela and Irosa Rosali, Elsie - Closed (galamp3.com).mp3' (channels=2, sampleRate=48000)
INFO not found "/assets/sounds/Veela and Irosa Rosali, Elsie - Closed (galamp3.com).mp3" in vfs
ERROR WPSoundParser.cpp:178 audio file not found: sounds/Veela and Irosa Rosali, Elsie - Closed (galamp3.com).mp3
INFO audio Switch: loading 'sounds/Звуки природы - Шум дождя (www.hotplayer.ru).mp3' (channels=2, sampleRate=48000)
INFO not found "/assets/sounds/Звуки природы - Шум дождя (www.hotplayer.ru).mp3" in vfs
ERROR WPSoundParser.cpp:178 audio file not found: sounds/Звуки природы - Шум дождя (www.hotplayer.ru).mp3
INFO audio Switch: loading 'sounds/Veela and Kooma - Pointless (galamp3.com).mp3' (channels=2, sampleRate=48000)
INFO not found "/assets/sounds/Veela and Kooma - Pointless (galamp3.com).mp3" in vfs
ERROR WPSoundParser.cpp:178 audio file not found: sounds/Veela and Kooma - Pointless (galamp3.com).mp3
INFO audio Switch: loading 'sounds/Звуки природы - Шум дождя (www.hotplayer.ru).mp3' (channels=2, sampleRate=48000)
INFO not found "/assets/sounds/Звуки природы - Шум дождя (www.hotplayer.ru).mp3" in vfs
ERROR WPSoundParser.cpp:178 audio file not found: sounds/Звуки природы - Шум дождя (www.hotplayer.ru).mp3
INFO audio Switch: loading 'sounds/Veela and Kooma - Retrospect (galamp3.com).mp3' (channels=2, sampleRate=48000)
INFO not found "/assets/sounds/Veela and Kooma - Retrospect (galamp3.com).mp3" in vfs
ERROR WPSoundParser.cpp:178 audio file not found: sounds/Veela and Kooma - Retrospect (galamp3.com).mp3
INFO audio Switch: loading 'sounds/Звуки природы - Шум дождя (www.hotplayer.ru).mp3' (channels=2, sampleRate=48000)
INFO not found "/assets/sounds/Звуки природы - Шум дождя (www.hotplayer.ru).mp3" in vfs
ERROR WPSoundParser.cpp:178 audio file not found: sounds/Звуки природы - Шум дождя (www.hotplayer.ru).mp3
INFO audio Switch: loading 'sounds/Kooma & Veela - Oasis (256  kbps).mp3' (channels=2, sampleRate=48000)
INFO not found "/assets/sounds/Kooma & Veela - Oasis (256  kbps).mp3" in vfs
ERROR WPSoundParser.cpp:178 audio file not found: sounds/Kooma & Veela - Oasis (256  kbps).mp3
INFO audio Switch: loading 'sounds/Звуки природы - Шум дождя (www.hotplayer.ru).mp3' (channels=2, sampleRate=48000)
INFO not found "/assets/sounds/Звуки природы - Шум дождя (www.hotplayer.ru).mp3" in vfs
ERROR WPSoundParser.cpp:178 audio file not found: sounds/Звуки природы - Шум дождя (www.hotplayer.ru).mp3
INFO audio Switch: loading 'sounds/aether-scotland-veela-valentine.mp3' (channels=2, sampleRate=48000)
INFO not found "/assets/sounds/aether-scotland-veela-valentine.mp3" in vfs
ERROR WPSoundParser.cpp:178 audio file not found: sounds/aether-scotland-veela-valentine.mp3
INFO audio Switch: loading 'sounds/Звуки природы - Шум дождя (www.hotplayer.ru).mp3' (channels=2, sampleRate=48000)
INFO not found "/assets/sounds/Звуки природы - Шум дождя (www.hotplayer.ru).mp3" in vfs
ERROR WPSoundParser.cpp:178 audio file not found: sounds/Звуки природы - Шум дождя (www.hotplayer.ru).mp3
INFO audio Switch: loading 'sounds/Veela and Irosa Rosali - Going Home (galamp3.com).mp3' (channels=2, sampleRate=48000)
INFO not found "/assets/sounds/Veela and Irosa Rosali - Going Home (galamp3.com).mp3" in vfs
ERROR WPSoundParser.cpp:178 audio file not found: sounds/Veela and Irosa Rosali - Going Home (galamp3.com).mp3
INFO audio Switch: loading 'sounds/Звуки природы - Шум дождя (www.hotplayer.ru).mp3' (channels=2, sampleRate=48000)
INFO not found "/assets/sounds/Звуки природы - Шум дождя (www.hotplayer.ru).mp3" in vfs
ERROR WPSoundParser.cpp:178 audio file not found: sounds/Звуки природы - Шум дождя (www.hotplayer.ru).mp3
INFO audio Switch: loading 'sounds/Veela and Irosa Rosali, Elsie - Closed (galamp3.com).mp3' (channels=2, sampleRate=48000)
INFO not found "/assets/sounds/Veela and Irosa Rosali, Elsie - Closed (galamp3.com).mp3" in vfs
ERROR WPSoundParser.cpp:178 audio file not found: sounds/Veela and Irosa Rosali, Elsie - Closed (galamp3.com).mp3
INFO audio Switch: loading 'sounds/Звуки природы - Шум дождя (www.hotplayer.ru).mp3' (channels=2, sampleRate=48000)
INFO not found "/assets/sounds/Звуки природы - Шум дождя (www.hotplayer.ru).mp3" in vfs
ERROR WPSoundParser.cpp:178 audio file not found: sounds/Звуки природы - Шум дождя (www.hotplayer.ru).mp3
INFO audio Switch: loading 'sounds/Veela and Kooma - Pointless (galamp3.com).mp3' (channels=2, sampleRate=48000)
INFO not found "/assets/sounds/Veela and Kooma - Pointless (galamp3.com).mp3" in vfs
ERROR WPSoundParser.cpp:178 audio file not found: sounds/Veela and Kooma - Pointless (galamp3.com).mp3
INFO audio Switch: loading 'sounds/Звуки природы - Шум дождя (www.hotplayer.ru).mp3' (channels=2, sampleRate=48000)
INFO not found "/assets/sounds/Звуки природы - Шум дождя (www.hotplayer.ru).mp3" in vfs
ERROR WPSoundParser.cpp:178 audio file not found: sounds/Звуки природы - Шум дождя (www.hotplayer.ru).mp3
INFO audio Switch: loading 'sounds/Veela and Kooma - Retrospect (galamp3.com).mp3' (channels=2, sampleRate=48000)
INFO not found "/assets/sounds/Veela and Kooma - Retrospect (galamp3.com).mp3" in vfs
ERROR WPSoundParser.cpp:178 audio file not found: sounds/Veela and Kooma - Retrospect (galamp3.com).mp3
INFO audio Switch: loading 'sounds/Звуки природы - Шум дождя (www.hotplayer.ru).mp3' (channels=2, sampleRate=48000)
INFO not found "/assets/sounds/Звуки природы - Шум дождя (www.hotplayer.ru).mp3" in vfs
ERROR WPSoundParser.cpp:178 audio file not found: sounds/Звуки природы - Шум дождя (www.hotplayer.ru).mp3
INFO audio Switch: loading 'sounds/Kooma & Veela - Oasis (256  kbps).mp3' (channels=2, sampleRate=48000)
INFO not found "/assets/sounds/Kooma & Veela - Oasis (256  kbps).mp3" in vfs
ERROR WPSoundParser.cpp:178 audio file not found: sounds/Kooma & Veela - Oasis (256  kbps).mp3
INFO audio Switch: loading 'sounds/Звуки природы - Шум дождя (www.hotplayer.ru).mp3' (channels=2, sampleRate=48000)
INFO not found "/assets/sounds/Звуки природы - Шум дождя (www.hotplayer.ru).mp3" in vfs
ERROR WPSoundParser.cpp:178 audio file not found: sounds/Звуки природы - Шум дождя (www.hotplayer.ru).mp3
INFO audio Switch: loading 'sounds/aether-scotland-veela-valentine.mp3' (channels=2, sampleRate=48000)
INFO not found "/assets/sounds/aether-scotland-veela-valentine.mp3" in vfs
ERROR WPSoundParser.cpp:178 audio file not found: sounds/aether-scotland-veela-valentine.mp3
INFO audio Switch: loading 'sounds/Звуки природы - Шум дождя (www.hotplayer.ru).mp3' (channels=2, sampleRate=48000)
INFO not found "/assets/sounds/Звуки природы - Шум дождя (www.hotplayer.ru).mp3" in vfs
ERROR WPSoundParser.cpp:178 audio file not found: sounds/Звуки природы - Шум дождя (www.hotplayer.ru).mp3
INFO audio Switch: loading 'sounds/Veela and Irosa Rosali - Going Home (galamp3.com).mp3' (channels=2, sampleRate=48000)
INFO not found "/assets/sounds/Veela and Irosa Rosali - Going Home (galamp3.com).mp3" in vfs
ERROR WPSoundParser.cpp:178 audio file not found: sounds/Veela and Irosa Rosali - Going Home (galamp3.com).mp3
INFO audio Switch: loading 'sounds/Звуки природы - Шум дождя (www.hotplayer.ru).mp3' (channels=2, sampleRate=48000)
INFO not found "/assets/sounds/Звуки природы - Шум дождя (www.hotplayer.ru).mp3" in vfs
ERROR WPSoundParser.cpp:178 audio file not found: sounds/Звуки природы - Шум дождя (www.hotplayer.ru).mp3
INFO audio Switch: loading 'sounds/Veela and Irosa Rosali, Elsie - Closed (galamp3.com).mp3' (channels=2, sampleRate=48000)
INFO not found "/assets/sounds/Veela and Irosa Rosali, Elsie - Closed (galamp3.com).mp3" in vfs
ERROR WPSoundParser.cpp:178 audio file not found: sounds/Veela and Irosa Rosali, Elsie - Closed (galamp3.com).mp3
INFO audio Switch: loading 'sounds/Звуки природы - Шум дождя (www.hotplayer.ru).mp3' (channels=2, sampleRate=48000)
INFO not found "/assets/sounds/Звуки природы - Шум дождя (www.hotplayer.ru).mp3" in vfs
ERROR WPSoundParser.cpp:178 audio file not found: sounds/Звуки природы - Шум дождя (www.hotplayer.ru).mp3
INFO audio Switch: loading 'sounds/Veela and Kooma - Pointless (galamp3.com).mp3' (channels=2, sampleRate=48000)
INFO not found "/assets/sounds/Veela and Kooma - Pointless (galamp3.com).mp3" in vfs
ERROR WPSoundParser.cpp:178 audio file not found: sounds/Veela and Kooma - Pointless (galamp3.com).mp3
INFO audio Switch: loading 'sounds/Звуки природы - Шум дождя (www.hotplayer.ru).mp3' (channels=2, sampleRate=48000)
INFO not found "/assets/sounds/Звуки природы - Шум дождя (www.hotplayer.ru).mp3" in vfs
ERROR WPSoundParser.cpp:178 audio file not found: sounds/Звуки природы - Шум дождя (www.hotplayer.ru).mp3
INFO audio Switch: loading 'sounds/Veela and Kooma - Retrospect (galamp3.com).mp3' (channels=2, sampleRate=48000)
INFO not found "/assets/sounds/Veela and Kooma - Retrospect (galamp3.com).mp3" in vfs
ERROR WPSoundParser.cpp:178 audio file not found: sounds/Veela and Kooma - Retrospect (galamp3.com).mp3
INFO audio Switch: loading 'sounds/Звуки природы - Шум дождя (www.hotplayer.ru).mp3' (channels=2, sampleRate=48000)
INFO not found "/assets/sounds/Звуки природы - Шум дождя (www.hotplayer.ru).mp3" in vfs
ERROR WPSoundParser.cpp:178 audio file not found: sounds/Звуки природы - Шум дождя (www.hotplayer.ru).mp3
INFO audio Switch: loading 'sounds/Kooma & Veela - Oasis (256  kbps).mp3' (channels=2, sampleRate=48000)
INFO not found "/assets/sounds/Kooma & Veela - Oasis (256  kbps).mp3" in vfs
ERROR WPSoundParser.cpp:178 audio file not found: sounds/Kooma & Veela - Oasis (256  kbps).mp3
INFO audio Switch: loading 'sounds/Звуки природы - Шум дождя (www.hotplayer.ru).mp3' (channels=2, sampleRate=48000)
INFO not found "/assets/sounds/Звуки природы - Шум дождя (www.hotplayer.ru).mp3" in vfs
ERROR WPSoundParser.cpp:178 audio file not found: sounds/Звуки природы - Шум дождя (www.hotplayer.ru).mp3
INFO audio Switch: loading 'sounds/aether-scotland-veela-valentine.mp3' (channels=2, sampleRate=48000)
INFO not found "/assets/sounds/aether-scotland-veela-valentine.mp3" in vfs
ERROR WPSoundParser.cpp:178 audio file not found: sounds/aether-scotland-veela-valentine.mp3
INFO audio Switch: loading 'sounds/Звуки природы - Шум дождя (www.hotplayer.ru).mp3' (channels=2, sampleRate=48000)
INFO not found "/assets/sounds/Звуки природы - Шум дождя (www.hotplayer.ru).mp3" in vfs
ERROR WPSoundParser.cpp:178 audio file not found: sounds/Звуки природы - Шум дождя (www.hotplayer.ru).mp3
INFO audio Switch: loading 'sounds/Veela and Irosa Rosali - Going Home (galamp3.com).mp3' (channels=2, sampleRate=48000)
INFO not found "/assets/sounds/Veela and Irosa Rosali - Going Home (galamp3.com).mp3" in vfs
ERROR WPSoundParser.cpp:178 audio file not found: sounds/Veela and Irosa Rosali - Going Home (galamp3.com).mp3
INFO audio Switch: loading 'sounds/Звуки природы - Шум дождя (www.hotplayer.ru).mp3' (channels=2, sampleRate=48000)
INFO not found "/assets/sounds/Звуки природы - Шум дождя (www.hotplayer.ru).mp3" in vfs
ERROR WPSoundParser.cpp:178 audio file not found: sounds/Звуки природы - Шум дождя (www.hotplayer.ru).mp3
INFO audio Switch: loading 'sounds/Veela and Irosa Rosali, Elsie - Closed (galamp3.com).mp3' (channels=2, sampleRate=48000)
INFO not found "/assets/sounds/Veela and Irosa Rosali, Elsie - Closed (galamp3.com).mp3" in vfs
ERROR WPSoundParser.cpp:178 audio file not found: sounds/Veela and Irosa Rosali, Elsie - Closed (galamp3.com).mp3
INFO audio Switch: loading 'sounds/Звуки природы - Шум дождя (www.hotplayer.ru).mp3' (channels=2, sampleRate=48000)
INFO not found "/assets/sounds/Звуки природы - Шум дождя (www.hotplayer.ru).mp3" in vfs
ERROR WPSoundParser.cpp:178 audio file not found: sounds/Звуки природы - Шум дождя (www.hotplayer.ru).mp3
INFO audio Switch: loading 'sounds/Veela and Kooma - Pointless (galamp3.com).mp3' (channels=2, sampleRate=48000)
INFO not found "/assets/sounds/Veela and Kooma - Pointless (galamp3.com).mp3" in vfs
ERROR WPSoundParser.cpp:178 audio file not found: sounds/Veela and Kooma - Pointless (galamp3.com).mp3
INFO audio Switch: loading 'sounds/Звуки природы - Шум дождя (www.hotplayer.ru).mp3' (channels=2, sampleRate=48000)
INFO not found "/assets/sounds/Звуки природы - Шум дождя (www.hotplayer.ru).mp3" in vfs
ERROR WPSoundParser.cpp:178 audio file not found: sounds/Звуки природы - Шум дождя (www.hotplayer.ru).mp3
INFO audio Switch: loading 'sounds/Veela and Kooma - Retrospect (galamp3.com).mp3' (channels=2, sampleRate=48000)
INFO not found "/assets/sounds/Veela and Kooma - Retrospect (galamp3.com).mp3" in vfs
ERROR WPSoundParser.cpp:178 audio file not found: sounds/Veela and Kooma - Retrospect (galamp3.com).mp3
INFO audio Switch: loading 'sounds/Звуки природы - Шум дождя (www.hotplayer.ru).mp3' (channels=2, sampleRate=48000)
INFO not found "/assets/sounds/Звуки природы - Шум дождя (www.hotplayer.ru).mp3" in vfs
ERROR WPSoundParser.cpp:178 audio file not found: sounds/Звуки природы - Шум дождя (www.hotplayer.ru).mp3
INFO audio Switch: loading 'sounds/Kooma & Veela - Oasis (256  kbps).mp3' (channels=2, sampleRate=48000)
INFO not found "/assets/sounds/Kooma & Veela - Oasis (256  kbps).mp3" in vfs
ERROR WPSoundParser.cpp:178 audio file not found: sounds/Kooma & Veela - Oasis (256  kbps).mp3
INFO audio Switch: loading 'sounds/Звуки природы - Шум дождя (www.hotplayer.ru).mp3' (channels=2, sampleRate=48000)
INFO not found "/assets/sounds/Звуки природы - Шум дождя (www.hotplayer.ru).mp3" in vfs
ERROR WPSoundParser.cpp:178 audio file not found: sounds/Звуки природы - Шум дождя (www.hotplayer.ru).mp3
INFO audio Switch: loading 'sounds/aether-scotland-veela-valentine.mp3' (channels=2, sampleRate=48000)
INFO not found "/assets/sounds/aether-scotland-veela-valentine.mp3" in vfs
ERROR WPSoundParser.cpp:178 audio file not found: sounds/aether-scotland-veela-valentine.mp3
INFO audio Switch: loading 'sounds/Звуки природы - Шум дождя (www.hotplayer.ru).mp3' (channels=2, sampleRate=48000)
INFO not found "/assets/sounds/Звуки природы - Шум дождя (www.hotplayer.ru).mp3" in vfs
ERROR WPSoundParser.cpp:178 audio file not found: sounds/Звуки природы - Шум дождя (www.hotplayer.ru).mp3
INFO audio Switch: loading 'sounds/Veela and Irosa Rosali - Going Home (galamp3.com).mp3' (channels=2, sampleRate=48000)
INFO not found "/assets/sounds/Veela and Irosa Rosali - Going Home (galamp3.com).mp3" in vfs
ERROR WPSoundParser.cpp:178 audio file not found: sounds/Veela and Irosa Rosali - Going Home (galamp3.com).mp3
INFO audio Switch: loading 'sounds/Звуки природы - Шум дождя (www.hotplayer.ru).mp3' (channels=2, sampleRate=48000)
INFO not found "/assets/sounds/Звуки природы - Шум дождя (www.hotplayer.ru).mp3" in vfs
ERROR WPSoundParser.cpp:178 audio file not found: sounds/Звуки природы - Шум дождя (www.hotplayer.ru).mp3
INFO audio Switch: loading 'sounds/Veela and Irosa Rosali, Elsie - Closed (galamp3.com).mp3' (channels=2, sampleRate=48000)
INFO not found "/assets/sounds/Veela and Irosa Rosali, Elsie - Closed (galamp3.com).mp3" in vfs
ERROR WPSoundParser.cpp:178 audio file not found: sounds/Veela and Irosa Rosali, Elsie - Closed (galamp3.com).mp3
INFO audio Switch: loading 'sounds/Звуки природы - Шум дождя (www.hotplayer.ru).mp3' (channels=2, sampleRate=48000)
INFO not found "/assets/sounds/Звуки природы - Шум дождя (www.hotplayer.ru).mp3" in vfs
ERROR WPSoundParser.cpp:178 audio file not found: sounds/Звуки природы - Шум дождя (www.hotplayer.ru).mp3
INFO audio Switch: loading 'sounds/Veela and Kooma - Pointless (galamp3.com).mp3' (channels=2, sampleRate=48000)
INFO not found "/assets/sounds/Veela and Kooma - Pointless (galamp3.com).mp3" in vfs
ERROR WPSoundParser.cpp:178 audio file not found: sounds/Veela and Kooma - Pointless (galamp3.com).mp3
INFO audio Switch: loading 'sounds/Звуки природы - Шум дождя (www.hotplayer.ru).mp3' (channels=2, sampleRate=48000)
INFO not found "/assets/sounds/Звуки природы - Шум дождя (www.hotplayer.ru).mp3" in vfs
ERROR WPSoundParser.cpp:178 audio file not found: sounds/Звуки природы - Шум дождя (www.hotplayer.ru).mp3
INFO audio Switch: loading 'sounds/Veela and Kooma - Retrospect (galamp3.com).mp3' (channels=2, sampleRate=48000)
INFO not found "/assets/sounds/Veela and Kooma - Retrospect (galamp3.com).mp3" in vfs
ERROR WPSoundParser.cpp:178 audio file not found: sounds/Veela and Kooma - Retrospect (galamp3.com).mp3
INFO audio Switch: loading 'sounds/Звуки природы - Шум дождя (www.hotplayer.ru).mp3' (channels=2, sampleRate=48000)
INFO not found "/assets/sounds/Звуки природы - Шум дождя (www.hotplayer.ru).mp3" in vfs
ERROR WPSoundParser.cpp:178 audio file not found: sounds/Звуки природы - Шум дождя (www.hotplayer.ru).mp3
INFO audio Switch: loading 'sounds/Kooma & Veela - Oasis (256  kbps).mp3' (channels=2, sampleRate=48000)
INFO not found "/assets/sounds/Kooma & Veela - Oasis (256  kbps).mp3" in vfs
ERROR WPSoundParser.cpp:178 audio file not found: sounds/Kooma & Veela - Oasis (256  kbps).mp3
INFO audio Switch: loading 'sounds/Звуки природы - Шум дождя (www.hotplayer.ru).mp3' (channels=2, sampleRate=48000)
INFO not found "/assets/sounds/Звуки природы - Шум дождя (www.hotplayer.ru).mp3" in vfs
ERROR WPSoundParser.cpp:178 audio file not found: sounds/Звуки природы - Шум дождя (www.hotplayer.ru).mp3
INFO audio Switch: loading 'sounds/aether-scotland-veela-valentine.mp3' (channels=2, sampleRate=48000)
INFO not found "/assets/sounds/aether-scotland-veela-valentine.mp3" in vfs
ERROR WPSoundParser.cpp:178 audio file not found: sounds/aether-scotland-veela-valentine.mp3
INFO audio Switch: loading 'sounds/Звуки природы - Шум дождя (www.hotplayer.ru).mp3' (channels=2, sampleRate=48000)
INFO not found "/assets/sounds/Звуки природы - Шум дождя (www.hotplayer.ru).mp3" in vfs
ERROR WPSoundParser.cpp:178 audio file not found: sounds/Звуки природы - Шум дождя (www.hotplayer.ru).mp3
INFO audio Switch: loading 'sounds/Veela and Irosa Rosali - Going Home (galamp3.com).mp3' (channels=2, sampleRate=48000)
INFO not found "/assets/sounds/Veela and Irosa Rosali - Going Home (galamp3.com).mp3" in vfs
ERROR WPSoundParser.cpp:178 audio file not found: sounds/Veela and Irosa Rosali - Going Home (galamp3.com).mp3
INFO audio Switch: loading 'sounds/Звуки природы - Шум дождя (www.hotplayer.ru).mp3' (channels=2, sampleRate=48000)
INFO not found "/assets/sounds/Звуки природы - Шум дождя (www.hotplayer.ru).mp3" in vfs
ERROR WPSoundParser.cpp:178 audio file not found: sounds/Звуки природы - Шум дождя (www.hotplayer.ru).mp3
INFO audio Switch: loading 'sounds/Veela and Irosa Rosali, Elsie - Closed (galamp3.com).mp3' (channels=2, sampleRate=48000)
INFO not found "/assets/sounds/Veela and Irosa Rosali, Elsie - Closed (galamp3.com).mp3" in vfs
ERROR WPSoundParser.cpp:178 audio file not found: sounds/Veela and Irosa Rosali, Elsie - Closed (galamp3.com).mp3
INFO audio Switch: loading 'sounds/Звуки природы - Шум дождя (www.hotplayer.ru).mp3' (channels=2, sampleRate=48000)
INFO not found "/assets/sounds/Звуки природы - Шум дождя (www.hotplayer.ru).mp3" in vfs
ERROR WPSoundParser.cpp:178 audio file not found: sounds/Звуки природы - Шум дождя (www.hotplayer.ru).mp3
INFO audio Switch: loading 'sounds/Veela and Kooma - Pointless (galamp3.com).mp3' (channels=2, sampleRate=48000)
INFO not found "/assets/sounds/Veela and Kooma - Pointless (galamp3.com).mp3" in vfs
ERROR WPSoundParser.cpp:178 audio file not found: sounds/Veela and Kooma - Pointless (galamp3.com).mp3
INFO audio Switch: loading 'sounds/Звуки природы - Шум дождя (www.hotplayer.ru).mp3' (channels=2, sampleRate=48000)
INFO not found "/assets/sounds/Звуки природы - Шум дождя (www.hotplayer.ru).mp3" in vfs
ERROR WPSoundParser.cpp:178 audio file not found: sounds/Звуки природы - Шум дождя (www.hotplayer.ru).mp3
INFO audio Switch: loading 'sounds/Veela and Kooma - Retrospect (galamp3.com).mp3' (channels=2, sampleRate=48000)
INFO not found "/assets/sounds/Veela and Kooma - Retrospect (galamp3.com).mp3" in vfs
ERROR WPSoundParser.cpp:178 audio file not found: sounds/Veela and Kooma - Retrospect (galamp3.com).mp3
INFO audio Switch: loading 'sounds/Звуки природы - Шум дождя (www.hotplayer.ru).mp3' (channels=2, sampleRate=48000)
INFO not found "/assets/sounds/Звуки природы - Шум дождя (www.hotplayer.ru).mp3" in vfs
ERROR WPSoundParser.cpp:178 audio file not found: sounds/Звуки природы - Шум дождя (www.hotplayer.ru).mp3
INFO audio Switch: loading 'sounds/Kooma & Veela - Oasis (256  kbps).mp3' (channels=2, sampleRate=48000)
INFO not found "/assets/sounds/Kooma & Veela - Oasis (256  kbps).mp3" in vfs
ERROR WPSoundParser.cpp:178 audio file not found: sounds/Kooma & Veela - Oasis (256  kbps).mp3
INFO audio Switch: loading 'sounds/Звуки природы - Шум дождя (www.hotplayer.ru).mp3' (channels=2, sampleRate=48000)
INFO not found "/assets/sounds/Звуки природы - Шум дождя (www.hotplayer.ru).mp3" in vfs
ERROR WPSoundParser.cpp:178 audio file not found: sounds/Звуки природы - Шум дождя (www.hotplayer.ru).mp3
INFO audio Switch: loading 'sounds/aether-scotland-veela-valentine.mp3' (channels=2, sampleRate=48000)
INFO not found "/assets/sounds/aether-scotland-veela-valentine.mp3" in vfs
ERROR WPSoundParser.cpp:178 audio file not found: sounds/aether-scotland-veela-valentine.mp3
INFO audio Switch: loading 'sounds/Звуки природы - Шум дождя (www.hotplayer.ru).mp3' (channels=2, sampleRate=48000)
INFO not found "/assets/sounds/Звуки природы - Шум дождя (www.hotplayer.ru).mp3" in vfs
ERROR WPSoundParser.cpp:178 audio file not found: sounds/Звуки природы - Шум дождя (www.hotplayer.ru).mp3
INFO audio Switch: loading 'sounds/Veela and Irosa Rosali - Going Home (galamp3.com).mp3' (channels=2, sampleRate=48000)
INFO not found "/assets/sounds/Veela and Irosa Rosali - Going Home (galamp3.com).mp3" in vfs
ERROR WPSoundParser.cpp:178 audio file not found: sounds/Veela and Irosa Rosali - Going Home (galamp3.com).mp3
INFO audio Switch: loading 'sounds/Звуки природы - Шум дождя (www.hotplayer.ru).mp3' (channels=2, sampleRate=48000)
INFO not found "/assets/sounds/Звуки природы - Шум дождя (www.hotplayer.ru).mp3" in vfs
ERROR WPSoundParser.cpp:178 audio file not found: sounds/Звуки природы - Шум дождя (www.hotplayer.ru).mp3
INFO audio Switch: loading 'sounds/Veela and Irosa Rosali, Elsie - Closed (galamp3.com).mp3' (channels=2, sampleRate=48000)
INFO not found "/assets/sounds/Veela and Irosa Rosali, Elsie - Closed (galamp3.com).mp3" in vfs
ERROR WPSoundParser.cpp:178 audio file not found: sounds/Veela and Irosa Rosali, Elsie - Closed (galamp3.com).mp3
INFO audio Switch: loading 'sounds/Звуки природы - Шум дождя (www.hotplayer.ru).mp3' (channels=2, sampleRate=48000)
INFO not found "/assets/sounds/Звуки природы - Шум дождя (www.hotplayer.ru).mp3" in vfs
ERROR WPSoundParser.cpp:178 audio file not found: sounds/Звуки природы - Шум дождя (www.hotplayer.ru).mp3
INFO audio Switch: loading 'sounds/Veela and Kooma - Pointless (galamp3.com).mp3' (channels=2, sampleRate=48000)
INFO not found "/assets/sounds/Veela and Kooma - Pointless (galamp3.com).mp3" in vfs
ERROR WPSoundParser.cpp:178 audio file not found: sounds/Veela and Kooma - Pointless (galamp3.com).mp3
INFO audio Switch: loading 'sounds/Звуки природы - Шум дождя (www.hotplayer.ru).mp3' (channels=2, sampleRate=48000)
INFO not found "/assets/sounds/Звуки природы - Шум дождя (www.hotplayer.ru).mp3" in vfs
ERROR WPSoundParser.cpp:178 audio file not found: sounds/Звуки природы - Шум дождя (www.hotplayer.ru).mp3
INFO audio Switch: loading 'sounds/Veela and Kooma - Retrospect (galamp3.com).mp3' (channels=2, sampleRate=48000)
INFO not found "/assets/sounds/Veela and Kooma - Retrospect (galamp3.com).mp3" in vfs
ERROR WPSoundParser.cpp:178 audio file not found: sounds/Veela and Kooma - Retrospect (galamp3.com).mp3
INFO audio Switch: loading 'sounds/Звуки природы - Шум дождя (www.hotplayer.ru).mp3' (channels=2, sampleRate=48000)
INFO not found "/assets/sounds/Звуки природы - Шум дождя (www.hotplayer.ru).mp3" in vfs
ERROR WPSoundParser.cpp:178 audio file not found: sounds/Звуки природы - Шум дождя (www.hotplayer.ru).mp3
INFO audio Switch: loading 'sounds/Kooma & Veela - Oasis (256  kbps).mp3' (channels=2, sampleRate=48000)
INFO not found "/assets/sounds/Kooma & Veela - Oasis (256  kbps).mp3" in vfs
ERROR WPSoundParser.cpp:178 audio file not found: sounds/Kooma & Veela - Oasis (256  kbps).mp3
INFO audio Switch: loading 'sounds/Звуки природы - Шум дождя (www.hotplayer.ru).mp3' (channels=2, sampleRate=48000)
INFO not found "/assets/sounds/Звуки природы - Шум дождя (www.hotplayer.ru).mp3" in vfs
ERROR WPSoundParser.cpp:178 audio file not found: sounds/Звуки природы - Шум дождя (www.hotplayer.ru).mp3
INFO audio Switch: loading 'sounds/aether-scotland-veela-valentine.mp3' (channels=2, sampleRate=48000)
INFO not found "/assets/sounds/aether-scotland-veela-valentine.mp3" in vfs
ERROR WPSoundParser.cpp:178 audio file not found: sounds/aether-scotland-veela-valentine.mp3
INFO audio Switch: loading 'sounds/Звуки природы - Шум дождя (www.hotplayer.ru).mp3' (channels=2, sampleRate=48000)
INFO not found "/assets/sounds/Звуки природы - Шум дождя (www.hotplayer.ru).mp3" in vfs
ERROR WPSoundParser.cpp:178 audio file not found: sounds/Звуки природы - Шум дождя (www.hotplayer.ru).mp3
INFO audio Switch: loading 'sounds/Veela and Irosa Rosali - Going Home (galamp3.com).mp3' (channels=2, sampleRate=48000)
INFO not found "/assets/sounds/Veela and Irosa Rosali - Going Home (galamp3.com).mp3" in vfs
ERROR WPSoundParser.cpp:178 audio file not found: sounds/Veela and Irosa Rosali - Going Home (galamp3.com).mp3
INFO audio Switch: loading 'sounds/Звуки природы - Шум дождя (www.hotplayer.ru).mp3' (channels=2, sampleRate=48000)
INFO not found "/assets/sounds/Звуки природы - Шум дождя (www.hotplayer.ru).mp3" in vfs
ERROR WPSoundParser.cpp:178 audio file not found: sounds/Звуки природы - Шум дождя (www.hotplayer.ru).mp3
INFO audio Switch: loading 'sounds/Veela and Irosa Rosali, Elsie - Closed (galamp3.com).mp3' (channels=2, sampleRate=48000)
INFO not found "/assets/sounds/Veela and Irosa Rosali, Elsie - Closed (galamp3.com).mp3" in vfs
ERROR WPSoundParser.cpp:178 audio file not found: sounds/Veela and Irosa Rosali, Elsie - Closed (galamp3.com).mp3
INFO audio Switch: loading 'sounds/Звуки природы - Шум дождя (www.hotplayer.ru).mp3' (channels=2, sampleRate=48000)
INFO not found "/assets/sounds/Звуки природы - Шум дождя (www.hotplayer.ru).mp3" in vfs
ERROR WPSoundParser.cpp:178 audio file not found: sounds/Звуки природы - Шум дождя (www.hotplayer.ru).mp3
INFO audio Switch: loading 'sounds/Veela and Kooma - Pointless (galamp3.com).mp3' (channels=2, sampleRate=48000)
INFO not found "/assets/sounds/Veela and Kooma - Pointless (galamp3.com).mp3" in vfs
ERROR WPSoundParser.cpp:178 audio file not found: sounds/Veela and Kooma - Pointless (galamp3.com).mp3
INFO audio Switch: loading 'sounds/Звуки природы - Шум дождя (www.hotplayer.ru).mp3' (channels=2, sampleRate=48000)
INFO not found "/assets/sounds/Звуки природы - Шум дождя (www.hotplayer.ru).mp3" in vfs
ERROR WPSoundParser.cpp:178 audio file not found: sounds/Звуки природы - Шум дождя (www.hotplayer.ru).mp3
INFO audio Switch: loading 'sounds/Veela and Kooma - Retrospect (galamp3.com).mp3' (channels=2, sampleRate=48000)
INFO not found "/assets/sounds/Veela and Kooma - Retrospect (galamp3.com).mp3" in vfs
ERROR WPSoundParser.cpp:178 audio file not found: sounds/Veela and Kooma - Retrospect (galamp3.com).mp3
INFO audio Switch: loading 'sounds/Звуки природы - Шум дождя (www.hotplayer.ru).mp3' (channels=2, sampleRate=48000)
INFO not found "/assets/sounds/Звуки природы - Шум дождя (www.hotplayer.ru).mp3" in vfs
ERROR WPSoundParser.cpp:178 audio file not found: sounds/Звуки природы - Шум дождя (www.hotplayer.ru).mp3
INFO audio Switch: loading 'sounds/Kooma & Veela - Oasis (256  kbps).mp3' (channels=2, sampleRate=48000)
INFO not found "/assets/sounds/Kooma & Veela - Oasis (256  kbps).mp3" in vfs
ERROR WPSoundParser.cpp:178 audio file not found: sounds/Kooma & Veela - Oasis (256  kbps).mp3
INFO audio Switch: loading 'sounds/Звуки природы - Шум дождя (www.hotplayer.ru).mp3' (channels=2, sampleRate=48000)
INFO not found "/assets/sounds/Звуки природы - Шум дождя (www.hotplayer.ru).mp3" in vfs
ERROR WPSoundParser.cpp:178 audio file not found: sounds/Звуки природы - Шум дождя (www.hotplayer.ru).mp3
INFO audio Switch: loading 'sounds/aether-scotland-veela-valentine.mp3' (channels=2, sampleRate=48000)
INFO not found "/assets/sounds/aether-scotland-veela-valentine.mp3" in vfs
ERROR WPSoundParser.cpp:178 audio file not found: sounds/aether-scotland-veela-valentine.mp3
INFO audio Switch: loading 'sounds/Звуки природы - Шум дождя (www.hotplayer.ru).mp3' (channels=2, sampleRate=48000)
INFO not found "/assets/sounds/Звуки природы - Шум дождя (www.hotplayer.ru).mp3" in vfs
ERROR WPSoundParser.cpp:178 audio file not found: sounds/Звуки природы - Шум дождя (www.hotplayer.ru).mp3
INFO audio Switch: loading 'sounds/Veela and Irosa Rosali - Going Home (galamp3.com).mp3' (channels=2, sampleRate=48000)
INFO not found "/assets/sounds/Veela and Irosa Rosali - Going Home (galamp3.com).mp3" in vfs
ERROR WPSoundParser.cpp:178 audio file not found: sounds/Veela and Irosa Rosali - Going Home (galamp3.com).mp3
INFO audio Switch: loading 'sounds/Звуки природы - Шум дождя (www.hotplayer.ru).mp3' (channels=2, sampleRate=48000)
INFO not found "/assets/sounds/Звуки природы - Шум дождя (www.hotplayer.ru).mp3" in vfs
ERROR WPSoundParser.cpp:178 audio file not found: sounds/Звуки природы - Шум дождя (www.hotplayer.ru).mp3
INFO audio Switch: loading 'sounds/Veela and Irosa Rosali, Elsie - Closed (galamp3.com).mp3' (channels=2, sampleRate=48000)
INFO not found "/assets/sounds/Veela and Irosa Rosali, Elsie - Closed (galamp3.com).mp3" in vfs
ERROR WPSoundParser.cpp:178 audio file not found: sounds/Veela and Irosa Rosali, Elsie - Closed (galamp3.com).mp3
INFO audio Switch: loading 'sounds/Звуки природы - Шум дождя (www.hotplayer.ru).mp3' (channels=2, sampleRate=48000)
INFO not found "/assets/sounds/Звуки природы - Шум дождя (www.hotplayer.ru).mp3" in vfs
ERROR WPSoundParser.cpp:178 audio file not found: sounds/Звуки природы - Шум дождя (www.hotplayer.ru).mp3
INFO audio Switch: loading 'sounds/Veela and Kooma - Pointless (galamp3.com).mp3' (channels=2, sampleRate=48000)
INFO not found "/assets/sounds/Veela and Kooma - Pointless (galamp3.com).mp3" in vfs
ERROR WPSoundParser.cpp:178 audio file not found: sounds/Veela and Kooma - Pointless (galamp3.com).mp3
INFO audio Switch: loading 'sounds/Звуки природы - Шум дождя (www.hotplayer.ru).mp3' (channels=2, sampleRate=48000)
INFO not found "/assets/sounds/Звуки природы - Шум дождя (www.hotplayer.ru).mp3" in vfs
ERROR WPSoundParser.cpp:178 audio file not found: sounds/Звуки природы - Шум дождя (www.hotplayer.ru).mp3
INFO audio Switch: loading 'sounds/Veela and Kooma - Retrospect (galamp3.com).mp3' (channels=2, sampleRate=48000)
INFO not found "/assets/sounds/Veela and Kooma - Retrospect (galamp3.com).mp3" in vfs
ERROR WPSoundParser.cpp:178 audio file not found: sounds/Veela and Kooma - Retrospect (galamp3.com).mp3
INFO audio Switch: loading 'sounds/Звуки природы - Шум дождя (www.hotplayer.ru).mp3' (channels=2, sampleRate=48000)
INFO not found "/assets/sounds/Звуки природы - Шум дождя (www.hotplayer.ru).mp3" in vfs
ERROR WPSoundParser.cpp:178 audio file not found: sounds/Звуки природы - Шум дождя (www.hotplayer.ru).mp3
INFO audio Switch: loading 'sounds/Kooma & Veela - Oasis (256  kbps).mp3' (channels=2, sampleRate=48000)
INFO not found "/assets/sounds/Kooma & Veela - Oasis (256  kbps).mp3" in vfs
ERROR WPSoundParser.cpp:178 audio file not found: sounds/Kooma & Veela - Oasis (256  kbps).mp3
INFO audio Switch: loading 'sounds/Звуки природы - Шум дождя (www.hotplayer.ru).mp3' (channels=2, sampleRate=48000)
INFO not found "/assets/sounds/Звуки природы - Шум дождя (www.hotplayer.ru).mp3" in vfs
ERROR WPSoundParser.cpp:178 audio file not found: sounds/Звуки природы - Шум дождя (www.hotplayer.ru).mp3
INFO audio Switch: loading 'sounds/aether-scotland-veela-valentine.mp3' (channels=2, sampleRate=48000)
INFO not found "/assets/sounds/aether-scotland-veela-valentine.mp3" in vfs
ERROR WPSoundParser.cpp:178 audio file not found: sounds/aether-scotland-veela-valentine.mp3
INFO audio Switch: loading 'sounds/Звуки природы - Шум дождя (www.hotplayer.ru).mp3' (channels=2, sampleRate=48000)
INFO not found "/assets/sounds/Звуки природы - Шум дождя (www.hotplayer.ru).mp3" in vfs
ERROR WPSoundParser.cpp:178 audio file not found: sounds/Звуки природы - Шум дождя (www.hotplayer.ru).mp3
INFO audio Switch: loading 'sounds/Veela and Irosa Rosali - Going Home (galamp3.com).mp3' (channels=2, sampleRate=48000)
INFO not found "/assets/sounds/Veela and Irosa Rosali - Going Home (galamp3.com).mp3" in vfs
ERROR WPSoundParser.cpp:178 audio file not found: sounds/Veela and Irosa Rosali - Going Home (galamp3.com).mp3
INFO audio Switch: loading 'sounds/Звуки природы - Шум дождя (www.hotplayer.ru).mp3' (channels=2, sampleRate=48000)
INFO not found "/assets/sounds/Звуки природы - Шум дождя (www.hotplayer.ru).mp3" in vfs
ERROR WPSoundParser.cpp:178 audio file not found: sounds/Звуки природы - Шум дождя (www.hotplayer.ru).mp3
INFO audio Switch: loading 'sounds/Veela and Irosa Rosali, Elsie - Closed (galamp3.com).mp3' (channels=2, sampleRate=48000)
INFO not found "/assets/sounds/Veela and Irosa Rosali, Elsie - Closed (galamp3.com).mp3" in vfs
ERROR WPSoundParser.cpp:178 audio file not found: sounds/Veela and Irosa Rosali, Elsie - Closed (galamp3.com).mp3
INFO audio Switch: loading 'sounds/Звуки природы - Шум дождя (www.hotplayer.ru).mp3' (channels=2, sampleRate=48000)
INFO not found "/assets/sounds/Звуки природы - Шум дождя (www.hotplayer.ru).mp3" in vfs
ERROR WPSoundParser.cpp:178 audio file not found: sounds/Звуки природы - Шум дождя (www.hotplayer.ru).mp3
INFO audio Switch: loading 'sounds/Veela and Kooma - Pointless (galamp3.com).mp3' (channels=2, sampleRate=48000)
INFO not found "/assets/sounds/Veela and Kooma - Pointless (galamp3.com).mp3" in vfs
ERROR WPSoundParser.cpp:178 audio file not found: sounds/Veela and Kooma - Pointless (galamp3.com).mp3
INFO audio Switch: loading 'sounds/Звуки природы - Шум дождя (www.hotplayer.ru).mp3' (channels=2, sampleRate=48000)
INFO not found "/assets/sounds/Звуки природы - Шум дождя (www.hotplayer.ru).mp3" in vfs
ERROR WPSoundParser.cpp:178 audio file not found: sounds/Звуки природы - Шум дождя (www.hotplayer.ru).mp3
INFO audio Switch: loading 'sounds/Veela and Kooma - Retrospect (galamp3.com).mp3' (channels=2, sampleRate=48000)
INFO not found "/assets/sounds/Veela and Kooma - Retrospect (galamp3.com).mp3" in vfs
ERROR WPSoundParser.cpp:178 audio file not found: sounds/Veela and Kooma - Retrospect (galamp3.com).mp3
INFO audio Switch: loading 'sounds/Звуки природы - Шум дождя (www.hotplayer.ru).mp3' (channels=2, sampleRate=48000)
INFO not found "/assets/sounds/Звуки природы - Шум дождя (www.hotplayer.ru).mp3" in vfs
ERROR WPSoundParser.cpp:178 audio file not found: sounds/Звуки природы - Шум дождя (www.hotplayer.ru).mp3
INFO audio Switch: loading 'sounds/Kooma & Veela - Oasis (256  kbps).mp3' (channels=2, sampleRate=48000)
INFO not found "/assets/sounds/Kooma & Veela - Oasis (256  kbps).mp3" in vfs
ERROR WPSoundParser.cpp:178 audio file not found: sounds/Kooma & Veela - Oasis (256  kbps).mp3
INFO audio Switch: loading 'sounds/Звуки природы - Шум дождя (www.hotplayer.ru).mp3' (channels=2, sampleRate=48000)
INFO not found "/assets/sounds/Звуки природы - Шум дождя (www.hotplayer.ru).mp3" in vfs
ERROR WPSoundParser.cpp:178 audio file not found: sounds/Звуки природы - Шум дождя (www.hotplayer.ru).mp3
INFO audio Switch: loading 'sounds/aether-scotland-veela-valentine.mp3' (channels=2, sampleRate=48000)
INFO not found "/assets/sounds/aether-scotland-veela-valentine.mp3" in vfs
ERROR WPSoundParser.cpp:178 audio file not found: sounds/aether-scotland-veela-valentine.mp3
INFO audio Switch: loading 'sounds/Звуки природы - Шум дождя (www.hotplayer.ru).mp3' (channels=2, sampleRate=48000)
INFO not found "/assets/sounds/Звуки природы - Шум дождя (www.hotplayer.ru).mp3" in vfs
ERROR WPSoundParser.cpp:178 audio file not found: sounds/Звуки природы - Шум дождя (www.hotplayer.ru).mp3
INFO audio Switch: loading 'sounds/Veela and Irosa Rosali - Going Home (galamp3.com).mp3' (channels=2, sampleRate=48000)
INFO not found "/assets/sounds/Veela and Irosa Rosali - Going Home (galamp3.com).mp3" in vfs
ERROR WPSoundParser.cpp:178 audio file not found: sounds/Veela and Irosa Rosali - Going Home (galamp3.com).mp3
INFO audio Switch: loading 'sounds/Звуки природы - Шум дождя (www.hotplayer.ru).mp3' (channels=2, sampleRate=48000)
INFO not found "/assets/sounds/Звуки природы - Шум дождя (www.hotplayer.ru).mp3" in vfs
ERROR WPSoundParser.cpp:178 audio file not found: sounds/Звуки природы - Шум дождя (www.hotplayer.ru).mp3
INFO audio Switch: loading 'sounds/Veela and Irosa Rosali, Elsie - Closed (galamp3.com).mp3' (channels=2, sampleRate=48000)
INFO not found "/assets/sounds/Veela and Irosa Rosali, Elsie - Closed (galamp3.com).mp3" in vfs
ERROR WPSoundParser.cpp:178 audio file not found: sounds/Veela and Irosa Rosali, Elsie - Closed (galamp3.com).mp3
INFO audio Switch: loading 'sounds/Звуки природы - Шум дождя (www.hotplayer.ru).mp3' (channels=2, sampleRate=48000)
INFO not found "/assets/sounds/Звуки природы - Шум дождя (www.hotplayer.ru).mp3" in vfs
ERROR WPSoundParser.cpp:178 audio file not found: sounds/Звуки природы - Шум дождя (www.hotplayer.ru).mp3
INFO audio Switch: loading 'sounds/Veela and Kooma - Pointless (galamp3.com).mp3' (channels=2, sampleRate=48000)
INFO not found "/assets/sounds/Veela and Kooma - Pointless (galamp3.com).mp3" in vfs
ERROR WPSoundParser.cpp:178 audio file not found: sounds/Veela and Kooma - Pointless (galamp3.com).mp3
INFO audio Switch: loading 'sounds/Звуки природы - Шум дождя (www.hotplayer.ru).mp3' (channels=2, sampleRate=48000)
INFO not found "/assets/sounds/Звуки природы - Шум дождя (www.hotplayer.ru).mp3" in vfs
ERROR WPSoundParser.cpp:178 audio file not found: sounds/Звуки природы - Шум дождя (www.hotplayer.ru).mp3
INFO audio Switch: loading 'sounds/Veela and Kooma - Retrospect (galamp3.com).mp3' (channels=2, sampleRate=48000)
INFO not found "/assets/sounds/Veela and Kooma - Retrospect (galamp3.com).mp3" in vfs
ERROR WPSoundParser.cpp:178 audio file not found: sounds/Veela and Kooma - Retrospect (galamp3.com).mp3
INFO audio Switch: loading 'sounds/Звуки природы - Шум дождя (www.hotplayer.ru).mp3' (channels=2, sampleRate=48000)
INFO not found "/assets/sounds/Звуки природы - Шум дождя (www.hotplayer.ru).mp3" in vfs
ERROR WPSoundParser.cpp:178 audio file not found: sounds/Звуки природы - Шум дождя (www.hotplayer.ru).mp3
INFO audio Switch: loading 'sounds/Kooma & Veela - Oasis (256  kbps).mp3' (channels=2, sampleRate=48000)
INFO not found "/assets/sounds/Kooma & Veela - Oasis (256  kbps).mp3" in vfs
ERROR WPSoundParser.cpp:178 audio file not found: sounds/Kooma & Veela - Oasis (256  kbps).mp3
INFO audio Switch: loading 'sounds/Звуки природы - Шум дождя (www.hotplayer.ru).mp3' (channels=2, sampleRate=48000)
INFO not found "/assets/sounds/Звуки природы - Шум дождя (www.hotplayer.ru).mp3" in vfs
ERROR WPSoundParser.cpp:178 audio file not found: sounds/Звуки природы - Шум дождя (www.hotplayer.ru).mp3
INFO audio Switch: loading 'sounds/aether-scotland-veela-valentine.mp3' (channels=2, sampleRate=48000)
INFO not found "/assets/sounds/aether-scotland-veela-valentine.mp3" in vfs
ERROR WPSoundParser.cpp:178 audio file not found: sounds/aether-scotland-veela-valentine.mp3
INFO audio Switch: loading 'sounds/Звуки природы - Шум дождя (www.hotplayer.ru).mp3' (channels=2, sampleRate=48000)
INFO not found "/assets/sounds/Звуки природы - Шум дождя (www.hotplayer.ru).mp3" in vfs
ERROR WPSoundParser.cpp:178 audio file not found: sounds/Звуки природы - Шум дождя (www.hotplayer.ru).mp3
INFO audio Switch: loading 'sounds/Veela and Irosa Rosali - Going Home (galamp3.com).mp3' (channels=2, sampleRate=48000)
INFO not found "/assets/sounds/Veela and Irosa Rosali - Going Home (galamp3.com).mp3" in vfs
ERROR WPSoundParser.cpp:178 audio file not found: sounds/Veela and Irosa Rosali - Going Home (galamp3.com).mp3
INFO audio Switch: loading 'sounds/Звуки природы - Шум дождя (www.hotplayer.ru).mp3' (channels=2, sampleRate=48000)
INFO not found "/assets/sounds/Звуки природы - Шум дождя (www.hotplayer.ru).mp3" in vfs
ERROR WPSoundParser.cpp:178 audio file not found: sounds/Звуки природы - Шум дождя (www.hotplayer.ru).mp3
INFO audio Switch: loading 'sounds/Veela and Irosa Rosali, Elsie - Closed (galamp3.com).mp3' (channels=2, sampleRate=48000)
INFO not found "/assets/sounds/Veela and Irosa Rosali, Elsie - Closed (galamp3.com).mp3" in vfs
ERROR WPSoundParser.cpp:178 audio file not found: sounds/Veela and Irosa Rosali, Elsie - Closed (galamp3.com).mp3
INFO audio Switch: loading 'sounds/Звуки природы - Шум дождя (www.hotplayer.ru).mp3' (channels=2, sampleRate=48000)
INFO not found "/assets/sounds/Звуки природы - Шум дождя (www.hotplayer.ru).mp3" in vfs
ERROR WPSoundParser.cpp:178 audio file not found: sounds/Звуки природы - Шум дождя (www.hotplayer.ru).mp3
INFO audio Switch: loading 'sounds/Veela and Kooma - Pointless (galamp3.com).mp3' (channels=2, sampleRate=48000)
INFO not found "/assets/sounds/Veela and Kooma - Pointless (galamp3.com).mp3" in vfs
ERROR WPSoundParser.cpp:178 audio file not found: sounds/Veela and Kooma - Pointless (galamp3.com).mp3
INFO audio Switch: loading 'sounds/Звуки природы - Шум дождя (www.hotplayer.ru).mp3' (channels=2, sampleRate=48000)
INFO not found "/assets/sounds/Звуки природы - Шум дождя (www.hotplayer.ru).mp3" in vfs
ERROR WPSoundParser.cpp:178 audio file not found: sounds/Звуки природы - Шум дождя (www.hotplayer.ru).mp3
INFO audio Switch: loading 'sounds/Veela and Kooma - Retrospect (galamp3.com).mp3' (channels=2, sampleRate=48000)
INFO not found "/assets/sounds/Veela and Kooma - Retrospect (galamp3.com).mp3" in vfs
ERROR WPSoundParser.cpp:178 audio file not found: sounds/Veela and Kooma - Retrospect (galamp3.com).mp3
INFO audio Switch: loading 'sounds/Звуки природы - Шум дождя (www.hotplayer.ru).mp3' (channels=2, sampleRate=48000)
INFO not found "/assets/sounds/Звуки природы - Шум дождя (www.hotplayer.ru).mp3" in vfs
ERROR WPSoundParser.cpp:178 audio file not found: sounds/Звуки природы - Шум дождя (www.hotplayer.ru).mp3
INFO audio Switch: loading 'sounds/Kooma & Veela - Oasis (256  kbps).mp3' (channels=2, sampleRate=48000)
INFO not found "/assets/sounds/Kooma & Veela - Oasis (256  kbps).mp3" in vfs
ERROR WPSoundParser.cpp:178 audio file not found: sounds/Kooma & Veela - Oasis (256  kbps).mp3
INFO audio Switch: loading 'sounds/Звуки природы - Шум дождя (www.hotplayer.ru).mp3' (channels=2, sampleRate=48000)
INFO not found "/assets/sounds/Звуки природы - Шум дождя (www.hotplayer.ru).mp3" in vfs
ERROR WPSoundParser.cpp:178 audio file not found: sounds/Звуки природы - Шум дождя (www.hotplayer.ru).mp3
INFO audio Switch: loading 'sounds/aether-scotland-veela-valentine.mp3' (channels=2, sampleRate=48000)
INFO not found "/assets/sounds/aether-scotland-veela-valentine.mp3" in vfs
ERROR WPSoundParser.cpp:178 audio file not found: sounds/aether-scotland-veela-valentine.mp3
INFO audio Switch: loading 'sounds/Звуки природы - Шум дождя (www.hotplayer.ru).mp3' (channels=2, sampleRate=48000)
INFO not found "/assets/sounds/Звуки природы - Шум дождя (www.hotplayer.ru).mp3" in vfs
ERROR WPSoundParser.cpp:178 audio file not found: sounds/Звуки природы - Шум дождя (www.hotplayer.ru).mp3
INFO audio Switch: loading 'sounds/Veela and Irosa Rosali - Going Home (galamp3.com).mp3' (channels=2, sampleRate=48000)
INFO not found "/assets/sounds/Veela and Irosa Rosali - Going Home (galamp3.com).mp3" in vfs
ERROR WPSoundParser.cpp:178 audio file not found: sounds/Veela and Irosa Rosali - Going Home (galamp3.com).mp3
INFO audio Switch: loading 'sounds/Звуки природы - Шум дождя (www.hotplayer.ru).mp3' (channels=2, sampleRate=48000)
INFO not found "/assets/sounds/Звуки природы - Шум дождя (www.hotplayer.ru).mp3" in vfs
ERROR WPSoundParser.cpp:178 audio file not found: sounds/Звуки природы - Шум дождя (www.hotplayer.ru).mp3
INFO audio Switch: loading 'sounds/Veela and Irosa Rosali, Elsie - Closed (galamp3.com).mp3' (channels=2, sampleRate=48000)
INFO not found "/assets/sounds/Veela and Irosa Rosali, Elsie - Closed (galamp3.com).mp3" in vfs
ERROR WPSoundParser.cpp:178 audio file not found: sounds/Veela and Irosa Rosali, Elsie - Closed (galamp3.com).mp3
INFO audio Switch: loading 'sounds/Звуки природы - Шум дождя (www.hotplayer.ru).mp3' (channels=2, sampleRate=48000)
INFO not found "/assets/sounds/Звуки природы - Шум дождя (www.hotplayer.ru).mp3" in vfs
ERROR WPSoundParser.cpp:178 audio file not found: sounds/Звуки природы - Шум дождя (www.hotplayer.ru).mp3
INFO audio Switch: loading 'sounds/Veela and Kooma - Pointless (galamp3.com).mp3' (channels=2, sampleRate=48000)
INFO not found "/assets/sounds/Veela and Kooma - Pointless (galamp3.com).mp3" in vfs
ERROR WPSoundParser.cpp:178 audio file not found: sounds/Veela and Kooma - Pointless (galamp3.com).mp3
INFO audio Switch: loading 'sounds/Звуки природы - Шум дождя (www.hotplayer.ru).mp3' (channels=2, sampleRate=48000)
INFO not found "/assets/sounds/Звуки природы - Шум дождя (www.hotplayer.ru).mp3" in vfs
ERROR WPSoundParser.cpp:178 audio file not found: sounds/Звуки природы - Шум дождя (www.hotplayer.ru).mp3
INFO audio Switch: loading 'sounds/Veela and Kooma - Retrospect (galamp3.com).mp3' (channels=2, sampleRate=48000)
INFO not found "/assets/sounds/Veela and Kooma - Retrospect (galamp3.com).mp3" in vfs
ERROR WPSoundParser.cpp:178 audio file not found: sounds/Veela and Kooma - Retrospect (galamp3.com).mp3
INFO audio Switch: loading 'sounds/Звуки природы - Шум дождя (www.hotplayer.ru).mp3' (channels=2, sampleRate=48000)
INFO not found "/assets/sounds/Звуки природы - Шум дождя (www.hotplayer.ru).mp3" in vfs
ERROR WPSoundParser.cpp:178 audio file not found: sounds/Звуки природы - Шум дождя (www.hotplayer.ru).mp3
INFO audio Switch: loading 'sounds/Kooma & Veela - Oasis (256  kbps).mp3' (channels=2, sampleRate=48000)
INFO not found "/assets/sounds/Kooma & Veela - Oasis (256  kbps).mp3" in vfs
ERROR WPSoundParser.cpp:178 audio file not found: sounds/Kooma & Veela - Oasis (256  kbps).mp3
INFO audio Switch: loading 'sounds/Звуки природы - Шум дождя (www.hotplayer.ru).mp3' (channels=2, sampleRate=48000)
INFO not found "/assets/sounds/Звуки природы - Шум дождя (www.hotplayer.ru).mp3" in vfs
ERROR WPSoundParser.cpp:178 audio file not found: sounds/Звуки природы - Шум дождя (www.hotplayer.ru).mp3
INFO audio Switch: loading 'sounds/aether-scotland-veela-valentine.mp3' (channels=2, sampleRate=48000)
INFO not found "/assets/sounds/aether-scotland-veela-valentine.mp3" in vfs
ERROR WPSoundParser.cpp:178 audio file not found: sounds/aether-scotland-veela-valentine.mp3
INFO audio Switch: loading 'sounds/Звуки природы - Шум дождя (www.hotplayer.ru).mp3' (channels=2, sampleRate=48000)
INFO not found "/assets/sounds/Звуки природы - Шум дождя (www.hotplayer.ru).mp3" in vfs
ERROR WPSoundParser.cpp:178 audio file not found: sounds/Звуки природы - Шум дождя (www.hotplayer.ru).mp3
INFO audio Switch: loading 'sounds/Veela and Irosa Rosali - Going Home (galamp3.com).mp3' (channels=2, sampleRate=48000)
INFO not found "/assets/sounds/Veela and Irosa Rosali - Going Home (galamp3.com).mp3" in vfs
ERROR WPSoundParser.cpp:178 audio file not found: sounds/Veela and Irosa Rosali - Going Home (galamp3.com).mp3
INFO audio Switch: loading 'sounds/Звуки природы - Шум дождя (www.hotplayer.ru).mp3' (channels=2, sampleRate=48000)
INFO not found "/assets/sounds/Звуки природы - Шум дождя (www.hotplayer.ru).mp3" in vfs
ERROR WPSoundParser.cpp:178 audio file not found: sounds/Звуки природы - Шум дождя (www.hotplayer.ru).mp3
INFO audio Switch: loading 'sounds/Veela and Irosa Rosali, Elsie - Closed (galamp3.com).mp3' (channels=2, sampleRate=48000)
INFO not found "/assets/sounds/Veela and Irosa Rosali, Elsie - Closed (galamp3.com).mp3" in vfs
ERROR WPSoundParser.cpp:178 audio file not found: sounds/Veela and Irosa Rosali, Elsie - Closed (galamp3.com).mp3
INFO audio Switch: loading 'sounds/Звуки природы - Шум дождя (www.hotplayer.ru).mp3' (channels=2, sampleRate=48000)
INFO not found "/assets/sounds/Звуки природы - Шум дождя (www.hotplayer.ru).mp3" in vfs
ERROR WPSoundParser.cpp:178 audio file not found: sounds/Звуки природы - Шум дождя (www.hotplayer.ru).mp3
INFO audio Switch: loading 'sounds/Veela and Kooma - Pointless (galamp3.com).mp3' (channels=2, sampleRate=48000)
INFO not found "/assets/sounds/Veela and Kooma - Pointless (galamp3.com).mp3" in vfs
ERROR WPSoundParser.cpp:178 audio file not found: sounds/Veela and Kooma - Pointless (galamp3.com).mp3
INFO audio Switch: loading 'sounds/Звуки природы - Шум дождя (www.hotplayer.ru).mp3' (channels=2, sampleRate=48000)
INFO not found "/assets/sounds/Звуки природы - Шум дождя (www.hotplayer.ru).mp3" in vfs
ERROR WPSoundParser.cpp:178 audio file not found: sounds/Звуки природы - Шум дождя (www.hotplayer.ru).mp3
INFO audio Switch: loading 'sounds/Veela and Kooma - Retrospect (galamp3.com).mp3' (channels=2, sampleRate=48000)
INFO not found "/assets/sounds/Veela and Kooma - Retrospect (galamp3.com).mp3" in vfs
ERROR WPSoundParser.cpp:178 audio file not found: sounds/Veela and Kooma - Retrospect (galamp3.com).mp3
INFO audio Switch: loading 'sounds/Звуки природы - Шум дождя (www.hotplayer.ru).mp3' (channels=2, sampleRate=48000)
INFO not found "/assets/sounds/Звуки природы - Шум дождя (www.hotplayer.ru).mp3" in vfs
ERROR WPSoundParser.cpp:178 audio file not found: sounds/Звуки природы - Шум дождя (www.hotplayer.ru).mp3
INFO audio Switch: loading 'sounds/Kooma & Veela - Oasis (256  kbps).mp3' (channels=2, sampleRate=48000)
INFO not found "/assets/sounds/Kooma & Veela - Oasis (256  kbps).mp3" in vfs
ERROR WPSoundParser.cpp:178 audio file not found: sounds/Kooma & Veela - Oasis (256  kbps).mp3
INFO audio Switch: loading 'sounds/Звуки природы - Шум дождя (www.hotplayer.ru).mp3' (channels=2, sampleRate=48000)
INFO not found "/assets/sounds/Звуки природы - Шум дождя (www.hotplayer.ru).mp3" in vfs
ERROR WPSoundParser.cpp:178 audio file not found: sounds/Звуки природы - Шум дождя (www.hotplayer.ru).mp3
INFO audio Switch: loading 'sounds/aether-scotland-veela-valentine.mp3' (channels=2, sampleRate=48000)
INFO not found "/assets/sounds/aether-scotland-veela-valentine.mp3" in vfs
ERROR WPSoundParser.cpp:178 audio file not found: sounds/aether-scotland-veela-valentine.mp3
INFO audio Switch: loading 'sounds/Звуки природы - Шум дождя (www.hotplayer.ru).mp3' (channels=2, sampleRate=48000)
INFO not found "/assets/sounds/Звуки природы - Шум дождя (www.hotplayer.ru).mp3" in vfs
ERROR WPSoundParser.cpp:178 audio file not found: sounds/Звуки природы - Шум дождя (www.hotplayer.ru).mp3
INFO audio Switch: loading 'sounds/Veela and Irosa Rosali - Going Home (galamp3.com).mp3' (channels=2, sampleRate=48000)
INFO not found "/assets/sounds/Veela and Irosa Rosali - Going Home (galamp3.com).mp3" in vfs
ERROR WPSoundParser.cpp:178 audio file not found: sounds/Veela and Irosa Rosali - Going Home (galamp3.com).mp3
INFO audio Switch: loading 'sounds/Звуки природы - Шум дождя (www.hotplayer.ru).mp3' (channels=2, sampleRate=48000)
INFO not found "/assets/sounds/Звуки природы - Шум дождя (www.hotplayer.ru).mp3" in vfs
ERROR WPSoundParser.cpp:178 audio file not found: sounds/Звуки природы - Шум дождя (www.hotplayer.ru).mp3
INFO audio Switch: loading 'sounds/Veela and Irosa Rosali, Elsie - Closed (galamp3.com).mp3' (channels=2, sampleRate=48000)
INFO not found "/assets/sounds/Veela and Irosa Rosali, Elsie - Closed (galamp3.com).mp3" in vfs
ERROR WPSoundParser.cpp:178 audio file not found: sounds/Veela and Irosa Rosali, Elsie - Closed (galamp3.com).mp3
INFO audio Switch: loading 'sounds/Звуки природы - Шум дождя (www.hotplayer.ru).mp3' (channels=2, sampleRate=48000)
INFO not found "/assets/sounds/Звуки природы - Шум дождя (www.hotplayer.ru).mp3" in vfs
ERROR WPSoundParser.cpp:178 audio file not found: sounds/Звуки природы - Шум дождя (www.hotplayer.ru).mp3
INFO audio Switch: loading 'sounds/Veela and Kooma - Pointless (galamp3.com).mp3' (channels=2, sampleRate=48000)
INFO not found "/assets/sounds/Veela and Kooma - Pointless (galamp3.com).mp3" in vfs
ERROR WPSoundParser.cpp:178 audio file not found: sounds/Veela and Kooma - Pointless (galamp3.com).mp3
INFO audio Switch: loading 'sounds/Звуки природы - Шум дождя (www.hotplayer.ru).mp3' (channels=2, sampleRate=48000)
INFO not found "/assets/sounds/Звуки природы - Шум дождя (www.hotplayer.ru).mp3" in vfs
ERROR WPSoundParser.cpp:178 audio file not found: sounds/Звуки природы - Шум дождя (www.hotplayer.ru).mp3
INFO audio Switch: loading 'sounds/Veela and Kooma - Retrospect (galamp3.com).mp3' (channels=2, sampleRate=48000)
INFO not found "/assets/sounds/Veela and Kooma - Retrospect (galamp3.com).mp3" in vfs
ERROR WPSoundParser.cpp:178 audio file not found: sounds/Veela and Kooma - Retrospect (galamp3.com).mp3
INFO audio Switch: loading 'sounds/Звуки природы - Шум дождя (www.hotplayer.ru).mp3' (channels=2, sampleRate=48000)
INFO not found "/assets/sounds/Звуки природы - Шум дождя (www.hotplayer.ru).mp3" in vfs
ERROR WPSoundParser.cpp:178 audio file not found: sounds/Звуки природы - Шум дождя (www.hotplayer.ru).mp3
INFO audio Switch: loading 'sounds/Kooma & Veela - Oasis (256  kbps).mp3' (channels=2, sampleRate=48000)
INFO not found "/assets/sounds/Kooma & Veela - Oasis (256  kbps).mp3" in vfs
ERROR WPSoundParser.cpp:178 audio file not found: sounds/Kooma & Veela - Oasis (256  kbps).mp3
INFO audio Switch: loading 'sounds/Звуки природы - Шум дождя (www.hotplayer.ru).mp3' (channels=2, sampleRate=48000)
INFO not found "/assets/sounds/Звуки природы - Шум дождя (www.hotplayer.ru).mp3" in vfs
ERROR WPSoundParser.cpp:178 audio file not found: sounds/Звуки природы - Шум дождя (www.hotplayer.ru).mp3
INFO audio Switch: loading 'sounds/aether-scotland-veela-valentine.mp3' (channels=2, sampleRate=48000)
INFO not found "/assets/sounds/aether-scotland-veela-valentine.mp3" in vfs
ERROR WPSoundParser.cpp:178 audio file not found: sounds/aether-scotland-veela-valentine.mp3
INFO audio Switch: loading 'sounds/Звуки природы - Шум дождя (www.hotplayer.ru).mp3' (channels=2, sampleRate=48000)
INFO not found "/assets/sounds/Звуки природы - Шум дождя (www.hotplayer.ru).mp3" in vfs
ERROR WPSoundParser.cpp:178 audio file not found: sounds/Звуки природы - Шум дождя (www.hotplayer.ru).mp3
INFO audio Switch: loading 'sounds/Veela and Irosa Rosali - Going Home (galamp3.com).mp3' (channels=2, sampleRate=48000)
INFO not found "/assets/sounds/Veela and Irosa Rosali - Going Home (galamp3.com).mp3" in vfs
ERROR WPSoundParser.cpp:178 audio file not found: sounds/Veela and Irosa Rosali - Going Home (galamp3.com).mp3
INFO audio Switch: loading 'sounds/Звуки природы - Шум дождя (www.hotplayer.ru).mp3' (channels=2, sampleRate=48000)
INFO not found "/assets/sounds/Звуки природы - Шум дождя (www.hotplayer.ru).mp3" in vfs
ERROR WPSoundParser.cpp:178 audio file not found: sounds/Звуки природы - Шум дождя (www.hotplayer.ru).mp3
INFO audio Switch: loading 'sounds/Veela and Irosa Rosali, Elsie - Closed (galamp3.com).mp3' (channels=2, sampleRate=48000)
INFO not found "/assets/sounds/Veela and Irosa Rosali, Elsie - Closed (galamp3.com).mp3" in vfs
ERROR WPSoundParser.cpp:178 audio file not found: sounds/Veela and Irosa Rosali, Elsie - Closed (galamp3.com).mp3
INFO audio Switch: loading 'sounds/Звуки природы - Шум дождя (www.hotplayer.ru).mp3' (channels=2, sampleRate=48000)
INFO not found "/assets/sounds/Звуки природы - Шум дождя (www.hotplayer.ru).mp3" in vfs
ERROR WPSoundParser.cpp:178 audio file not found: sounds/Звуки природы - Шум дождя (www.hotplayer.ru).mp3
INFO audio Switch: loading 'sounds/Veela and Kooma - Pointless (galamp3.com).mp3' (channels=2, sampleRate=48000)
INFO not found "/assets/sounds/Veela and Kooma - Pointless (galamp3.com).mp3" in vfs
ERROR WPSoundParser.cpp:178 audio file not found: sounds/Veela and Kooma - Pointless (galamp3.com).mp3
INFO audio Switch: loading 'sounds/Звуки природы - Шум дождя (www.hotplayer.ru).mp3' (channels=2, sampleRate=48000)
INFO not found "/assets/sounds/Звуки природы - Шум дождя (www.hotplayer.ru).mp3" in vfs
ERROR WPSoundParser.cpp:178 audio file not found: sounds/Звуки природы - Шум дождя (www.hotplayer.ru).mp3
INFO audio Switch: loading 'sounds/Veela and Kooma - Retrospect (galamp3.com).mp3' (channels=2, sampleRate=48000)
INFO not found "/assets/sounds/Veela and Kooma - Retrospect (galamp3.com).mp3" in vfs
ERROR WPSoundParser.cpp:178 audio file not found: sounds/Veela and Kooma - Retrospect (galamp3.com).mp3
INFO audio Switch: loading 'sounds/Звуки природы - Шум дождя (www.hotplayer.ru).mp3' (channels=2, sampleRate=48000)
INFO not found "/assets/sounds/Звуки природы - Шум дождя (www.hotplayer.ru).mp3" in vfs
ERROR WPSoundParser.cpp:178 audio file not found: sounds/Звуки природы - Шум дождя (www.hotplayer.ru).mp3
INFO audio Switch: loading 'sounds/Kooma & Veela - Oasis (256  kbps).mp3' (channels=2, sampleRate=48000)
INFO not found "/assets/sounds/Kooma & Veela - Oasis (256  kbps).mp3" in vfs
ERROR WPSoundParser.cpp:178 audio file not found: sounds/Kooma & Veela - Oasis (256  kbps).mp3
INFO audio Switch: loading 'sounds/Звуки природы - Шум дождя (www.hotplayer.ru).mp3' (channels=2, sampleRate=48000)
INFO not found "/assets/sounds/Звуки природы - Шум дождя (www.hotplayer.ru).mp3" in vfs
ERROR WPSoundParser.cpp:178 audio file not found: sounds/Звуки природы - Шум дождя (www.hotplayer.ru).mp3
INFO audio Switch: loading 'sounds/aether-scotland-veela-valentine.mp3' (channels=2, sampleRate=48000)
INFO not found "/assets/sounds/aether-scotland-veela-valentine.mp3" in vfs
ERROR WPSoundParser.cpp:178 audio file not found: sounds/aether-scotland-veela-valentine.mp3
INFO audio Switch: loading 'sounds/Звуки природы - Шум дождя (www.hotplayer.ru).mp3' (channels=2, sampleRate=48000)
INFO not found "/assets/sounds/Звуки природы - Шум дождя (www.hotplayer.ru).mp3" in vfs
ERROR WPSoundParser.cpp:178 audio file not found: sounds/Звуки природы - Шум дождя (www.hotplayer.ru).mp3
INFO audio Switch: loading 'sounds/Veela and Irosa Rosali - Going Home (galamp3.com).mp3' (channels=2, sampleRate=48000)
INFO not found "/assets/sounds/Veela and Irosa Rosali - Going Home (galamp3.com).mp3" in vfs
ERROR WPSoundParser.cpp:178 audio file not found: sounds/Veela and Irosa Rosali - Going Home (galamp3.com).mp3
INFO audio Switch: loading 'sounds/Звуки природы - Шум дождя (www.hotplayer.ru).mp3' (channels=2, sampleRate=48000)
INFO not found "/assets/sounds/Звуки природы - Шум дождя (www.hotplayer.ru).mp3" in vfs
ERROR WPSoundParser.cpp:178 audio file not found: sounds/Звуки природы - Шум дождя (www.hotplayer.ru).mp3
INFO audio Switch: loading 'sounds/Veela and Irosa Rosali, Elsie - Closed (galamp3.com).mp3' (channels=2, sampleRate=48000)
INFO not found "/assets/sounds/Veela and Irosa Rosali, Elsie - Closed (galamp3.com).mp3" in vfs
ERROR WPSoundParser.cpp:178 audio file not found: sounds/Veela and Irosa Rosali, Elsie - Closed (galamp3.com).mp3
INFO audio Switch: loading 'sounds/Звуки природы - Шум дождя (www.hotplayer.ru).mp3' (channels=2, sampleRate=48000)
INFO not found "/assets/sounds/Звуки природы - Шум дождя (www.hotplayer.ru).mp3" in vfs
ERROR WPSoundParser.cpp:178 audio file not found: sounds/Звуки природы - Шум дождя (www.hotplayer.ru).mp3
INFO audio Switch: loading 'sounds/Veela and Kooma - Pointless (galamp3.com).mp3' (channels=2, sampleRate=48000)
INFO not found "/assets/sounds/Veela and Kooma - Pointless (galamp3.com).mp3" in vfs
ERROR WPSoundParser.cpp:178 audio file not found: sounds/Veela and Kooma - Pointless (galamp3.com).mp3
INFO audio Switch: loading 'sounds/Звуки природы - Шум дождя (www.hotplayer.ru).mp3' (channels=2, sampleRate=48000)
INFO not found "/assets/sounds/Звуки природы - Шум дождя (www.hotplayer.ru).mp3" in vfs
ERROR WPSoundParser.cpp:178 audio file not found: sounds/Звуки природы - Шум дождя (www.hotplayer.ru).mp3
INFO audio Switch: loading 'sounds/Veela and Kooma - Retrospect (galamp3.com).mp3' (channels=2, sampleRate=48000)
INFO not found "/assets/sounds/Veela and Kooma - Retrospect (galamp3.com).mp3" in vfs
ERROR WPSoundParser.cpp:178 audio file not found: sounds/Veela and Kooma - Retrospect (galamp3.com).mp3
INFO audio Switch: loading 'sounds/Звуки природы - Шум дождя (www.hotplayer.ru).mp3' (channels=2, sampleRate=48000)
INFO not found "/assets/sounds/Звуки природы - Шум дождя (www.hotplayer.ru).mp3" in vfs
ERROR WPSoundParser.cpp:178 audio file not found: sounds/Звуки природы - Шум дождя (www.hotplayer.ru).mp3
INFO audio Switch: loading 'sounds/Kooma & Veela - Oasis (256  kbps).mp3' (channels=2, sampleRate=48000)
INFO not found "/assets/sounds/Kooma & Veela - Oasis (256  kbps).mp3" in vfs
ERROR WPSoundParser.cpp:178 audio file not found: sounds/Kooma & Veela - Oasis (256  kbps).mp3
INFO audio Switch: loading 'sounds/Звуки природы - Шум дождя (www.hotplayer.ru).mp3' (channels=2, sampleRate=48000)
INFO not found "/assets/sounds/Звуки природы - Шум дождя (www.hotplayer.ru).mp3" in vfs
ERROR WPSoundParser.cpp:178 audio file not found: sounds/Звуки природы - Шум дождя (www.hotplayer.ru).mp3
INFO audio Switch: loading 'sounds/aether-scotland-veela-valentine.mp3' (channels=2, sampleRate=48000)
INFO not found "/assets/sounds/aether-scotland-veela-valentine.mp3" in vfs
ERROR WPSoundParser.cpp:178 audio file not found: sounds/aether-scotland-veela-valentine.mp3
INFO audio Switch: loading 'sounds/Звуки природы - Шум дождя (www.hotplayer.ru).mp3' (channels=2, sampleRate=48000)
INFO not found "/assets/sounds/Звуки природы - Шум дождя (www.hotplayer.ru).mp3" in vfs
ERROR WPSoundParser.cpp:178 audio file not found: sounds/Звуки природы - Шум дождя (www.hotplayer.ru).mp3
INFO audio Switch: loading 'sounds/Veela and Irosa Rosali - Going Home (galamp3.com).mp3' (channels=2, sampleRate=48000)
INFO not found "/assets/sounds/Veela and Irosa Rosali - Going Home (galamp3.com).mp3" in vfs
ERROR WPSoundParser.cpp:178 audio file not found: sounds/Veela and Irosa Rosali - Going Home (galamp3.com).mp3
INFO audio Switch: loading 'sounds/Звуки природы - Шум дождя (www.hotplayer.ru).mp3' (channels=2, sampleRate=48000)
INFO not found "/assets/sounds/Звуки природы - Шум дождя (www.hotplayer.ru).mp3" in vfs
ERROR WPSoundParser.cpp:178 audio file not found: sounds/Звуки природы - Шум дождя (www.hotplayer.ru).mp3
INFO audio Switch: loading 'sounds/Veela and Irosa Rosali, Elsie - Closed (galamp3.com).mp3' (channels=2, sampleRate=48000)
INFO not found "/assets/sounds/Veela and Irosa Rosali, Elsie - Closed (galamp3.com).mp3" in vfs
ERROR WPSoundParser.cpp:178 audio file not found: sounds/Veela and Irosa Rosali, Elsie - Closed (galamp3.com).mp3
INFO audio Switch: loading 'sounds/Звуки природы - Шум дождя (www.hotplayer.ru).mp3' (channels=2, sampleRate=48000)
INFO not found "/assets/sounds/Звуки природы - Шум дождя (www.hotplayer.ru).mp3" in vfs
ERROR WPSoundParser.cpp:178 audio file not found: sounds/Звуки природы - Шум дождя (www.hotplayer.ru).mp3
INFO audio Switch: loading 'sounds/Veela and Kooma - Pointless (galamp3.com).mp3' (channels=2, sampleRate=48000)
INFO not found "/assets/sounds/Veela and Kooma - Pointless (galamp3.com).mp3" in vfs
ERROR WPSoundParser.cpp:178 audio file not found: sounds/Veela and Kooma - Pointless (galamp3.com).mp3
INFO audio Switch: loading 'sounds/Звуки природы - Шум дождя (www.hotplayer.ru).mp3' (channels=2, sampleRate=48000)
INFO not found "/assets/sounds/Звуки природы - Шум дождя (www.hotplayer.ru).mp3" in vfs
ERROR WPSoundParser.cpp:178 audio file not found: sounds/Звуки природы - Шум дождя (www.hotplayer.ru).mp3
INFO audio Switch: loading 'sounds/Veela and Kooma - Retrospect (galamp3.com).mp3' (channels=2, sampleRate=48000)
INFO not found "/assets/sounds/Veela and Kooma - Retrospect (galamp3.com).mp3" in vfs
ERROR WPSoundParser.cpp:178 audio file not found: sounds/Veela and Kooma - Retrospect (galamp3.com).mp3
INFO audio Switch: loading 'sounds/Звуки природы - Шум дождя (www.hotplayer.ru).mp3' (channels=2, sampleRate=48000)
INFO not found "/assets/sounds/Звуки природы - Шум дождя (www.hotplayer.ru).mp3" in vfs
ERROR WPSoundParser.cpp:178 audio file not found: sounds/Звуки природы - Шум дождя (www.hotplayer.ru).mp3
INFO audio Switch: loading 'sounds/Kooma & Veela - Oasis (256  kbps).mp3' (channels=2, sampleRate=48000)
INFO not found "/assets/sounds/Kooma & Veela - Oasis (256  kbps).mp3" in vfs
ERROR WPSoundParser.cpp:178 audio file not found: sounds/Kooma & Veela - Oasis (256  kbps).mp3
INFO audio Switch: loading 'sounds/Звуки природы - Шум дождя (www.hotplayer.ru).mp3' (channels=2, sampleRate=48000)
INFO not found "/assets/sounds/Звуки природы - Шум дождя (www.hotplayer.ru).mp3" in vfs
ERROR WPSoundParser.cpp:178 audio file not found: sounds/Звуки природы - Шум дождя (www.hotplayer.ru).mp3
INFO audio Switch: loading 'sounds/aether-scotland-veela-valentine.mp3' (channels=2, sampleRate=48000)
INFO not found "/assets/sounds/aether-scotland-veela-valentine.mp3" in vfs
ERROR WPSoundParser.cpp:178 audio file not found: sounds/aether-scotland-veela-valentine.mp3
INFO audio Switch: loading 'sounds/Звуки природы - Шум дождя (www.hotplayer.ru).mp3' (channels=2, sampleRate=48000)
INFO not found "/assets/sounds/Звуки природы - Шум дождя (www.hotplayer.ru).mp3" in vfs
ERROR WPSoundParser.cpp:178 audio file not found: sounds/Звуки природы - Шум дождя (www.hotplayer.ru).mp3
INFO audio Switch: loading 'sounds/Veela and Irosa Rosali - Going Home (galamp3.com).mp3' (channels=2, sampleRate=48000)
INFO not found "/assets/sounds/Veela and Irosa Rosali - Going Home (galamp3.com).mp3" in vfs
ERROR WPSoundParser.cpp:178 audio file not found: sounds/Veela and Irosa Rosali - Going Home (galamp3.com).mp3
INFO audio Switch: loading 'sounds/Звуки природы - Шум дождя (www.hotplayer.ru).mp3' (channels=2, sampleRate=48000)
INFO not found "/assets/sounds/Звуки природы - Шум дождя (www.hotplayer.ru).mp3" in vfs
ERROR WPSoundParser.cpp:178 audio file not found: sounds/Звуки природы - Шум дождя (www.hotplayer.ru).mp3
INFO audio Switch: loading 'sounds/Veela and Irosa Rosali, Elsie - Closed (galamp3.com).mp3' (channels=2, sampleRate=48000)
INFO not found "/assets/sounds/Veela and Irosa Rosali, Elsie - Closed (galamp3.com).mp3" in vfs
ERROR WPSoundParser.cpp:178 audio file not found: sounds/Veela and Irosa Rosali, Elsie - Closed (galamp3.com).mp3
INFO audio Switch: loading 'sounds/Звуки природы - Шум дождя (www.hotplayer.ru).mp3' (channels=2, sampleRate=48000)
INFO not found "/assets/sounds/Звуки природы - Шум дождя (www.hotplayer.ru).mp3" in vfs
ERROR WPSoundParser.cpp:178 audio file not found: sounds/Звуки природы - Шум дождя (www.hotplayer.ru).mp3
INFO audio Switch: loading 'sounds/Veela and Kooma - Pointless (galamp3.com).mp3' (channels=2, sampleRate=48000)
INFO not found "/assets/sounds/Veela and Kooma - Pointless (galamp3.com).mp3" in vfs
ERROR WPSoundParser.cpp:178 audio file not found: sounds/Veela and Kooma - Pointless (galamp3.com).mp3
INFO audio Switch: loading 'sounds/Звуки природы - Шум дождя (www.hotplayer.ru).mp3' (channels=2, sampleRate=48000)
INFO not found "/assets/sounds/Звуки природы - Шум дождя (www.hotplayer.ru).mp3" in vfs
ERROR WPSoundParser.cpp:178 audio file not found: sounds/Звуки природы - Шум дождя (www.hotplayer.ru).mp3
INFO audio Switch: loading 'sounds/Veela and Kooma - Retrospect (galamp3.com).mp3' (channels=2, sampleRate=48000)
INFO not found "/assets/sounds/Veela and Kooma - Retrospect (galamp3.com).mp3" in vfs
ERROR WPSoundParser.cpp:178 audio file not found: sounds/Veela and Kooma - Retrospect (galamp3.com).mp3
INFO audio Switch: loading 'sounds/Звуки природы - Шум дождя (www.hotplayer.ru).mp3' (channels=2, sampleRate=48000)
INFO not found "/assets/sounds/Звуки природы - Шум дождя (www.hotplayer.ru).mp3" in vfs
ERROR WPSoundParser.cpp:178 audio file not found: sounds/Звуки природы - Шум дождя (www.hotplayer.ru).mp3
INFO audio Switch: loading 'sounds/Kooma & Veela - Oasis (256  kbps).mp3' (channels=2, sampleRate=48000)
INFO not found "/assets/sounds/Kooma & Veela - Oasis (256  kbps).mp3" in vfs
ERROR WPSoundParser.cpp:178 audio file not found: sounds/Kooma & Veela - Oasis (256  kbps).mp3
INFO audio Switch: loading 'sounds/Звуки природы - Шум дождя (www.hotplayer.ru).mp3' (channels=2, sampleRate=48000)
INFO not found "/assets/sounds/Звуки природы - Шум дождя (www.hotplayer.ru).mp3" in vfs
ERROR WPSoundParser.cpp:178 audio file not found: sounds/Звуки природы - Шум дождя (www.hotplayer.ru).mp3
INFO audio Switch: loading 'sounds/aether-scotland-veela-valentine.mp3' (channels=2, sampleRate=48000)
INFO not found "/assets/sounds/aether-scotland-veela-valentine.mp3" in vfs
ERROR WPSoundParser.cpp:178 audio file not found: sounds/aether-scotland-veela-valentine.mp3
INFO audio Switch: loading 'sounds/Звуки природы - Шум дождя (www.hotplayer.ru).mp3' (channels=2, sampleRate=48000)
INFO not found "/assets/sounds/Звуки природы - Шум дождя (www.hotplayer.ru).mp3" in vfs
ERROR WPSoundParser.cpp:178 audio file not found: sounds/Звуки природы - Шум дождя (www.hotplayer.ru).mp3
INFO audio Switch: loading 'sounds/Veela and Irosa Rosali - Going Home (galamp3.com).mp3' (channels=2, sampleRate=48000)
INFO not found "/assets/sounds/Veela and Irosa Rosali - Going Home (galamp3.com).mp3" in vfs
ERROR WPSoundParser.cpp:178 audio file not found: sounds/Veela and Irosa Rosali - Going Home (galamp3.com).mp3
INFO audio Switch: loading 'sounds/Звуки природы - Шум дождя (www.hotplayer.ru).mp3' (channels=2, sampleRate=48000)
INFO not found "/assets/sounds/Звуки природы - Шум дождя (www.hotplayer.ru).mp3" in vfs
ERROR WPSoundParser.cpp:178 audio file not found: sounds/Звуки природы - Шум дождя (www.hotplayer.ru).mp3
INFO audio Switch: loading 'sounds/Veela and Irosa Rosali, Elsie - Closed (galamp3.com).mp3' (channels=2, sampleRate=48000)
INFO not found "/assets/sounds/Veela and Irosa Rosali, Elsie - Closed (galamp3.com).mp3" in vfs
ERROR WPSoundParser.cpp:178 audio file not found: sounds/Veela and Irosa Rosali, Elsie - Closed (galamp3.com).mp3
INFO audio Switch: loading 'sounds/Звуки природы - Шум дождя (www.hotplayer.ru).mp3' (channels=2, sampleRate=48000)
INFO not found "/assets/sounds/Звуки природы - Шум дождя (www.hotplayer.ru).mp3" in vfs
ERROR WPSoundParser.cpp:178 audio file not found: sounds/Звуки природы - Шум дождя (www.hotplayer.ru).mp3
INFO audio Switch: loading 'sounds/Veela and Kooma - Pointless (galamp3.com).mp3' (channels=2, sampleRate=48000)
INFO not found "/assets/sounds/Veela and Kooma - Pointless (galamp3.com).mp3" in vfs
ERROR WPSoundParser.cpp:178 audio file not found: sounds/Veela and Kooma - Pointless (galamp3.com).mp3
INFO audio Switch: loading 'sounds/Звуки природы - Шум дождя (www.hotplayer.ru).mp3' (channels=2, sampleRate=48000)
INFO not found "/assets/sounds/Звуки природы - Шум дождя (www.hotplayer.ru).mp3" in vfs
ERROR WPSoundParser.cpp:178 audio file not found: sounds/Звуки природы - Шум дождя (www.hotplayer.ru).mp3
INFO audio Switch: loading 'sounds/Veela and Kooma - Retrospect (galamp3.com).mp3' (channels=2, sampleRate=48000)
INFO not found "/assets/sounds/Veela and Kooma - Retrospect (galamp3.com).mp3" in vfs
ERROR WPSoundParser.cpp:178 audio file not found: sounds/Veela and Kooma - Retrospect (galamp3.com).mp3
INFO audio Switch: loading 'sounds/Звуки природы - Шум дождя (www.hotplayer.ru).mp3' (channels=2, sampleRate=48000)
INFO not found "/assets/sounds/Звуки природы - Шум дождя (www.hotplayer.ru).mp3" in vfs
ERROR WPSoundParser.cpp:178 audio file not found: sounds/Звуки природы - Шум дождя (www.hotplayer.ru).mp3
INFO audio Switch: loading 'sounds/Kooma & Veela - Oasis (256  kbps).mp3' (channels=2, sampleRate=48000)
INFO not found "/assets/sounds/Kooma & Veela - Oasis (256  kbps).mp3" in vfs
ERROR WPSoundParser.cpp:178 audio file not found: sounds/Kooma & Veela - Oasis (256  kbps).mp3
INFO audio Switch: loading 'sounds/Звуки природы - Шум дождя (www.hotplayer.ru).mp3' (channels=2, sampleRate=48000)
INFO not found "/assets/sounds/Звуки природы - Шум дождя (www.hotplayer.ru).mp3" in vfs
ERROR WPSoundParser.cpp:178 audio file not found: sounds/Звуки природы - Шум дождя (www.hotplayer.ru).mp3
INFO audio Switch: loading 'sounds/aether-scotland-veela-valentine.mp3' (channels=2, sampleRate=48000)
INFO not found "/assets/sounds/aether-scotland-veela-valentine.mp3" in vfs
ERROR WPSoundParser.cpp:178 audio file not found: sounds/aether-scotland-veela-valentine.mp3
INFO audio Switch: loading 'sounds/Звуки природы - Шум дождя (www.hotplayer.ru).mp3' (channels=2, sampleRate=48000)
INFO not found "/assets/sounds/Звуки природы - Шум дождя (www.hotplayer.ru).mp3" in vfs
ERROR WPSoundParser.cpp:178 audio file not found: sounds/Звуки природы - Шум дождя (www.hotplayer.ru).mp3
INFO audio Switch: loading 'sounds/Veela and Irosa Rosali - Going Home (galamp3.com).mp3' (channels=2, sampleRate=48000)
INFO not found "/assets/sounds/Veela and Irosa Rosali - Going Home (galamp3.com).mp3" in vfs
ERROR WPSoundParser.cpp:178 audio file not found: sounds/Veela and Irosa Rosali - Going Home (galamp3.com).mp3
INFO audio Switch: loading 'sounds/Звуки природы - Шум дождя (www.hotplayer.ru).mp3' (channels=2, sampleRate=48000)
INFO not found "/assets/sounds/Звуки природы - Шум дождя (www.hotplayer.ru).mp3" in vfs
ERROR WPSoundParser.cpp:178 audio file not found: sounds/Звуки природы - Шум дождя (www.hotplayer.ru).mp3
INFO audio Switch: loading 'sounds/Veela and Irosa Rosali, Elsie - Closed (galamp3.com).mp3' (channels=2, sampleRate=48000)
INFO not found "/assets/sounds/Veela and Irosa Rosali, Elsie - Closed (galamp3.com).mp3" in vfs
ERROR WPSoundParser.cpp:178 audio file not found: sounds/Veela and Irosa Rosali, Elsie - Closed (galamp3.com).mp3
INFO audio Switch: loading 'sounds/Звуки природы - Шум дождя (www.hotplayer.ru).mp3' (channels=2, sampleRate=48000)
INFO not found "/assets/sounds/Звуки природы - Шум дождя (www.hotplayer.ru).mp3" in vfs
ERROR WPSoundParser.cpp:178 audio file not found: sounds/Звуки природы - Шум дождя (www.hotplayer.ru).mp3
INFO audio Switch: loading 'sounds/Veela and Kooma - Pointless (galamp3.com).mp3' (channels=2, sampleRate=48000)
INFO not found "/assets/sounds/Veela and Kooma - Pointless (galamp3.com).mp3" in vfs
ERROR WPSoundParser.cpp:178 audio file not found: sounds/Veela and Kooma - Pointless (galamp3.com).mp3
INFO audio Switch: loading 'sounds/Звуки природы - Шум дождя (www.hotplayer.ru).mp3' (channels=2, sampleRate=48000)
INFO not found "/assets/sounds/Звуки природы - Шум дождя (www.hotplayer.ru).mp3" in vfs
ERROR WPSoundParser.cpp:178 audio file not found: sounds/Звуки природы - Шум дождя (www.hotplayer.ru).mp3
INFO audio Switch: loading 'sounds/Veela and Kooma - Retrospect (galamp3.com).mp3' (channels=2, sampleRate=48000)
INFO not found "/assets/sounds/Veela and Kooma - Retrospect (galamp3.com).mp3" in vfs
ERROR WPSoundParser.cpp:178 audio file not found: sounds/Veela and Kooma - Retrospect (galamp3.com).mp3
INFO audio Switch: loading 'sounds/Звуки природы - Шум дождя (www.hotplayer.ru).mp3' (channels=2, sampleRate=48000)
INFO not found "/assets/sounds/Звуки природы - Шум дождя (www.hotplayer.ru).mp3" in vfs
ERROR WPSoundParser.cpp:178 audio file not found: sounds/Звуки природы - Шум дождя (www.hotplayer.ru).mp3
INFO audio Switch: loading 'sounds/Kooma & Veela - Oasis (256  kbps).mp3' (channels=2, sampleRate=48000)
INFO not found "/assets/sounds/Kooma & Veela - Oasis (256  kbps).mp3" in vfs
ERROR WPSoundParser.cpp:178 audio file not found: sounds/Kooma & Veela - Oasis (256  kbps).mp3
INFO audio Switch: loading 'sounds/Звуки природы - Шум дождя (www.hotplayer.ru).mp3' (channels=2, sampleRate=48000)
INFO not found "/assets/sounds/Звуки природы - Шум дождя (www.hotplayer.ru).mp3" in vfs
ERROR WPSoundParser.cpp:178 audio file not found: sounds/Звуки природы - Шум дождя (www.hotplayer.ru).mp3
INFO audio Switch: loading 'sounds/aether-scotland-veela-valentine.mp3' (channels=2, sampleRate=48000)
INFO not found "/assets/sounds/aether-scotland-veela-valentine.mp3" in vfs
ERROR WPSoundParser.cpp:178 audio file not found: sounds/aether-scotland-veela-valentine.mp3
INFO audio Switch: loading 'sounds/Звуки природы - Шум дождя (www.hotplayer.ru).mp3' (channels=2, sampleRate=48000)
INFO not found "/assets/sounds/Звуки природы - Шум дождя (www.hotplayer.ru).mp3" in vfs
ERROR WPSoundParser.cpp:178 audio file not found: sounds/Звуки природы - Шум дождя (www.hotplayer.ru).mp3
INFO audio Switch: loading 'sounds/Veela and Irosa Rosali - Going Home (galamp3.com).mp3' (channels=2, sampleRate=48000)
INFO not found "/assets/sounds/Veela and Irosa Rosali - Going Home (galamp3.com).mp3" in vfs
ERROR WPSoundParser.cpp:178 audio file not found: sounds/Veela and Irosa Rosali - Going Home (galamp3.com).mp3
INFO audio Switch: loading 'sounds/Звуки природы - Шум дождя (www.hotplayer.ru).mp3' (channels=2, sampleRate=48000)
INFO not found "/assets/sounds/Звуки природы - Шум дождя (www.hotplayer.ru).mp3" in vfs
ERROR WPSoundParser.cpp:178 audio file not found: sounds/Звуки природы - Шум дождя (www.hotplayer.ru).mp3
INFO audio Switch: loading 'sounds/Veela and Irosa Rosali, Elsie - Closed (galamp3.com).mp3' (channels=2, sampleRate=48000)
INFO not found "/assets/sounds/Veela and Irosa Rosali, Elsie - Closed (galamp3.com).mp3" in vfs
ERROR WPSoundParser.cpp:178 audio file not found: sounds/Veela and Irosa Rosali, Elsie - Closed (galamp3.com).mp3
INFO audio Switch: loading 'sounds/Звуки природы - Шум дождя (www.hotplayer.ru).mp3' (channels=2, sampleRate=48000)
INFO not found "/assets/sounds/Звуки природы - Шум дождя (www.hotplayer.ru).mp3" in vfs
ERROR WPSoundParser.cpp:178 audio file not found: sounds/Звуки природы - Шум дождя (www.hotplayer.ru).mp3
INFO audio Switch: loading 'sounds/Veela and Kooma - Pointless (galamp3.com).mp3' (channels=2, sampleRate=48000)
INFO not found "/assets/sounds/Veela and Kooma - Pointless (galamp3.com).mp3" in vfs
ERROR WPSoundParser.cpp:178 audio file not found: sounds/Veela and Kooma - Pointless (galamp3.com).mp3
INFO audio Switch: loading 'sounds/Звуки природы - Шум дождя (www.hotplayer.ru).mp3' (channels=2, sampleRate=48000)
INFO not found "/assets/sounds/Звуки природы - Шум дождя (www.hotplayer.ru).mp3" in vfs
ERROR WPSoundParser.cpp:178 audio file not found: sounds/Звуки природы - Шум дождя (www.hotplayer.ru).mp3
INFO audio Switch: loading 'sounds/Veela and Kooma - Retrospect (galamp3.com).mp3' (channels=2, sampleRate=48000)
INFO not found "/assets/sounds/Veela and Kooma - Retrospect (galamp3.com).mp3" in vfs
ERROR WPSoundParser.cpp:178 audio file not found: sounds/Veela and Kooma - Retrospect (galamp3.com).mp3
INFO audio Switch: loading 'sounds/Звуки природы - Шум дождя (www.hotplayer.ru).mp3' (channels=2, sampleRate=48000)
INFO not found "/assets/sounds/Звуки природы - Шум дождя (www.hotplayer.ru).mp3" in vfs
ERROR WPSoundParser.cpp:178 audio file not found: sounds/Звуки природы - Шум дождя (www.hotplayer.ru).mp3
INFO audio Switch: loading 'sounds/Kooma & Veela - Oasis (256  kbps).mp3' (channels=2, sampleRate=48000)
INFO not found "/assets/sounds/Kooma & Veela - Oasis (256  kbps).mp3" in vfs
ERROR WPSoundParser.cpp:178 audio file not found: sounds/Kooma & Veela - Oasis (256  kbps).mp3
INFO audio Switch: loading 'sounds/Звуки природы - Шум дождя (www.hotplayer.ru).mp3' (channels=2, sampleRate=48000)
INFO not found "/assets/sounds/Звуки природы - Шум дождя (www.hotplayer.ru).mp3" in vfs
ERROR WPSoundParser.cpp:178 audio file not found: sounds/Звуки природы - Шум дождя (www.hotplayer.ru).mp3
INFO audio Switch: loading 'sounds/aether-scotland-veela-valentine.mp3' (channels=2, sampleRate=48000)
INFO not found "/assets/sounds/aether-scotland-veela-valentine.mp3" in vfs
ERROR WPSoundParser.cpp:178 audio file not found: sounds/aether-scotland-veela-valentine.mp3
INFO audio Switch: loading 'sounds/Звуки природы - Шум дождя (www.hotplayer.ru).mp3' (channels=2, sampleRate=48000)
INFO not found "/assets/sounds/Звуки природы - Шум дождя (www.hotplayer.ru).mp3" in vfs
ERROR WPSoundParser.cpp:178 audio file not found: sounds/Звуки природы - Шум дождя (www.hotplayer.ru).mp3
INFO audio Switch: loading 'sounds/Veela and Irosa Rosali - Going Home (galamp3.com).mp3' (channels=2, sampleRate=48000)
INFO not found "/assets/sounds/Veela and Irosa Rosali - Going Home (galamp3.com).mp3" in vfs
ERROR WPSoundParser.cpp:178 audio file not found: sounds/Veela and Irosa Rosali - Going Home (galamp3.com).mp3
INFO audio Switch: loading 'sounds/Звуки природы - Шум дождя (www.hotplayer.ru).mp3' (channels=2, sampleRate=48000)
INFO not found "/assets/sounds/Звуки природы - Шум дождя (www.hotplayer.ru).mp3" in vfs
ERROR WPSoundParser.cpp:178 audio file not found: sounds/Звуки природы - Шум дождя (www.hotplayer.ru).mp3
INFO audio Switch: loading 'sounds/Veela and Irosa Rosali, Elsie - Closed (galamp3.com).mp3' (channels=2, sampleRate=48000)
INFO not found "/assets/sounds/Veela and Irosa Rosali, Elsie - Closed (galamp3.com).mp3" in vfs
ERROR WPSoundParser.cpp:178 audio file not found: sounds/Veela and Irosa Rosali, Elsie - Closed (galamp3.com).mp3
INFO audio Switch: loading 'sounds/Звуки природы - Шум дождя (www.hotplayer.ru).mp3' (channels=2, sampleRate=48000)
INFO not found "/assets/sounds/Звуки природы - Шум дождя (www.hotplayer.ru).mp3" in vfs
ERROR WPSoundParser.cpp:178 audio file not found: sounds/Звуки природы - Шум дождя (www.hotplayer.ru).mp3
INFO audio Switch: loading 'sounds/Veela and Kooma - Pointless (galamp3.com).mp3' (channels=2, sampleRate=48000)
INFO not found "/assets/sounds/Veela and Kooma - Pointless (galamp3.com).mp3" in vfs
ERROR WPSoundParser.cpp:178 audio file not found: sounds/Veela and Kooma - Pointless (galamp3.com).mp3
INFO audio Switch: loading 'sounds/Звуки природы - Шум дождя (www.hotplayer.ru).mp3' (channels=2, sampleRate=48000)
INFO not found "/assets/sounds/Звуки природы - Шум дождя (www.hotplayer.ru).mp3" in vfs
ERROR WPSoundParser.cpp:178 audio file not found: sounds/Звуки природы - Шум дождя (www.hotplayer.ru).mp3
INFO audio Switch: loading 'sounds/Veela and Kooma - Retrospect (galamp3.com).mp3' (channels=2, sampleRate=48000)
INFO not found "/assets/sounds/Veela and Kooma - Retrospect (galamp3.com).mp3" in vfs
ERROR WPSoundParser.cpp:178 audio file not found: sounds/Veela and Kooma - Retrospect (galamp3.com).mp3
INFO audio Switch: loading 'sounds/Звуки природы - Шум дождя (www.hotplayer.ru).mp3' (channels=2, sampleRate=48000)
INFO not found "/assets/sounds/Звуки природы - Шум дождя (www.hotplayer.ru).mp3" in vfs
ERROR WPSoundParser.cpp:178 audio file not found: sounds/Звуки природы - Шум дождя (www.hotplayer.ru).mp3
INFO audio Switch: loading 'sounds/Kooma & Veela - Oasis (256  kbps).mp3' (channels=2, sampleRate=48000)
INFO not found "/assets/sounds/Kooma & Veela - Oasis (256  kbps).mp3" in vfs
ERROR WPSoundParser.cpp:178 audio file not found: sounds/Kooma & Veela - Oasis (256  kbps).mp3
INFO audio Switch: loading 'sounds/Звуки природы - Шум дождя (www.hotplayer.ru).mp3' (channels=2, sampleRate=48000)
INFO not found "/assets/sounds/Звуки природы - Шум дождя (www.hotplayer.ru).mp3" in vfs
ERROR WPSoundParser.cpp:178 audio file not found: sounds/Звуки природы - Шум дождя (www.hotplayer.ru).mp3
INFO audio Switch: loading 'sounds/aether-scotland-veela-valentine.mp3' (channels=2, sampleRate=48000)
INFO not found "/assets/sounds/aether-scotland-veela-valentine.mp3" in vfs
ERROR WPSoundParser.cpp:178 audio file not found: sounds/aether-scotland-veela-valentine.mp3
INFO audio Switch: loading 'sounds/Звуки природы - Шум дождя (www.hotplayer.ru).mp3' (channels=2, sampleRate=48000)
INFO not found "/assets/sounds/Звуки природы - Шум дождя (www.hotplayer.ru).mp3" in vfs
ERROR WPSoundParser.cpp:178 audio file not found: sounds/Звуки природы - Шум дождя (www.hotplayer.ru).mp3
INFO audio Switch: loading 'sounds/Veela and Irosa Rosali - Going Home (galamp3.com).mp3' (channels=2, sampleRate=48000)
INFO not found "/assets/sounds/Veela and Irosa Rosali - Going Home (galamp3.com).mp3" in vfs
ERROR WPSoundParser.cpp:178 audio file not found: sounds/Veela and Irosa Rosali - Going Home (galamp3.com).mp3
INFO audio Switch: loading 'sounds/Звуки природы - Шум дождя (www.hotplayer.ru).mp3' (channels=2, sampleRate=48000)
INFO not found "/assets/sounds/Звуки природы - Шум дождя (www.hotplayer.ru).mp3" in vfs
ERROR WPSoundParser.cpp:178 audio file not found: sounds/Звуки природы - Шум дождя (www.hotplayer.ru).mp3
INFO audio Switch: loading 'sounds/Veela and Irosa Rosali, Elsie - Closed (galamp3.com).mp3' (channels=2, sampleRate=48000)
INFO not found "/assets/sounds/Veela and Irosa Rosali, Elsie - Closed (galamp3.com).mp3" in vfs
ERROR WPSoundParser.cpp:178 audio file not found: sounds/Veela and Irosa Rosali, Elsie - Closed (galamp3.com).mp3
INFO audio Switch: loading 'sounds/Звуки природы - Шум дождя (www.hotplayer.ru).mp3' (channels=2, sampleRate=48000)
INFO not found "/assets/sounds/Звуки природы - Шум дождя (www.hotplayer.ru).mp3" in vfs
ERROR WPSoundParser.cpp:178 audio file not found: sounds/Звуки природы - Шум дождя (www.hotplayer.ru).mp3
INFO audio Switch: loading 'sounds/Veela and Kooma - Pointless (galamp3.com).mp3' (channels=2, sampleRate=48000)
INFO not found "/assets/sounds/Veela and Kooma - Pointless (galamp3.com).mp3" in vfs
ERROR WPSoundParser.cpp:178 audio file not found: sounds/Veela and Kooma - Pointless (galamp3.com).mp3
INFO audio Switch: loading 'sounds/Звуки природы - Шум дождя (www.hotplayer.ru).mp3' (channels=2, sampleRate=48000)
INFO not found "/assets/sounds/Звуки природы - Шум дождя (www.hotplayer.ru).mp3" in vfs
ERROR WPSoundParser.cpp:178 audio file not found: sounds/Звуки природы - Шум дождя (www.hotplayer.ru).mp3
INFO audio Switch: loading 'sounds/Veela and Kooma - Retrospect (galamp3.com).mp3' (channels=2, sampleRate=48000)
INFO not found "/assets/sounds/Veela and Kooma - Retrospect (galamp3.com).mp3" in vfs
ERROR WPSoundParser.cpp:178 audio file not found: sounds/Veela and Kooma - Retrospect (galamp3.com).mp3
INFO audio Switch: loading 'sounds/Звуки природы - Шум дождя (www.hotplayer.ru).mp3' (channels=2, sampleRate=48000)
INFO not found "/assets/sounds/Звуки природы - Шум дождя (www.hotplayer.ru).mp3" in vfs
ERROR WPSoundParser.cpp:178 audio file not found: sounds/Звуки природы - Шум дождя (www.hotplayer.ru).mp3
INFO audio Switch: loading 'sounds/Kooma & Veela - Oasis (256  kbps).mp3' (channels=2, sampleRate=48000)
INFO not found "/assets/sounds/Kooma & Veela - Oasis (256  kbps).mp3" in vfs
ERROR WPSoundParser.cpp:178 audio file not found: sounds/Kooma & Veela - Oasis (256  kbps).mp3
INFO audio Switch: loading 'sounds/Звуки природы - Шум дождя (www.hotplayer.ru).mp3' (channels=2, sampleRate=48000)
INFO not found "/assets/sounds/Звуки природы - Шум дождя (www.hotplayer.ru).mp3" in vfs
ERROR WPSoundParser.cpp:178 audio file not found: sounds/Звуки природы - Шум дождя (www.hotplayer.ru).mp3
INFO audio Switch: loading 'sounds/aether-scotland-veela-valentine.mp3' (channels=2, sampleRate=48000)
INFO not found "/assets/sounds/aether-scotland-veela-valentine.mp3" in vfs
ERROR WPSoundParser.cpp:178 audio file not found: sounds/aether-scotland-veela-valentine.mp3
INFO audio Switch: loading 'sounds/Звуки природы - Шум дождя (www.hotplayer.ru).mp3' (channels=2, sampleRate=48000)
INFO not found "/assets/sounds/Звуки природы - Шум дождя (www.hotplayer.ru).mp3" in vfs
ERROR WPSoundParser.cpp:178 audio file not found: sounds/Звуки природы - Шум дождя (www.hotplayer.ru).mp3
INFO audio Switch: loading 'sounds/Veela and Irosa Rosali - Going Home (galamp3.com).mp3' (channels=2, sampleRate=48000)
INFO not found "/assets/sounds/Veela and Irosa Rosali - Going Home (galamp3.com).mp3" in vfs
ERROR WPSoundParser.cpp:178 audio file not found: sounds/Veela and Irosa Rosali - Going Home (galamp3.com).mp3
INFO audio Switch: loading 'sounds/Звуки природы - Шум дождя (www.hotplayer.ru).mp3' (channels=2, sampleRate=48000)
INFO not found "/assets/sounds/Звуки природы - Шум дождя (www.hotplayer.ru).mp3" in vfs
ERROR WPSoundParser.cpp:178 audio file not found: sounds/Звуки природы - Шум дождя (www.hotplayer.ru).mp3
INFO audio Switch: loading 'sounds/Veela and Irosa Rosali, Elsie - Closed (galamp3.com).mp3' (channels=2, sampleRate=48000)
INFO not found "/assets/sounds/Veela and Irosa Rosali, Elsie - Closed (galamp3.com).mp3" in vfs
ERROR WPSoundParser.cpp:178 audio file not found: sounds/Veela and Irosa Rosali, Elsie - Closed (galamp3.com).mp3
INFO audio Switch: loading 'sounds/Звуки природы - Шум дождя (www.hotplayer.ru).mp3' (channels=2, sampleRate=48000)
INFO not found "/assets/sounds/Звуки природы - Шум дождя (www.hotplayer.ru).mp3" in vfs
ERROR WPSoundParser.cpp:178 audio file not found: sounds/Звуки природы - Шум дождя (www.hotplayer.ru).mp3
INFO audio Switch: loading 'sounds/Veela and Kooma - Pointless (galamp3.com).mp3' (channels=2, sampleRate=48000)
INFO not found "/assets/sounds/Veela and Kooma - Pointless (galamp3.com).mp3" in vfs
ERROR WPSoundParser.cpp:178 audio file not found: sounds/Veela and Kooma - Pointless (galamp3.com).mp3
INFO audio Switch: loading 'sounds/Звуки природы - Шум дождя (www.hotplayer.ru).mp3' (channels=2, sampleRate=48000)
INFO not found "/assets/sounds/Звуки природы - Шум дождя (www.hotplayer.ru).mp3" in vfs
ERROR WPSoundParser.cpp:178 audio file not found: sounds/Звуки природы - Шум дождя (www.hotplayer.ru).mp3
INFO audio Switch: loading 'sounds/Veela and Kooma - Retrospect (galamp3.com).mp3' (channels=2, sampleRate=48000)
INFO not found "/assets/sounds/Veela and Kooma - Retrospect (galamp3.com).mp3" in vfs
ERROR WPSoundParser.cpp:178 audio file not found: sounds/Veela and Kooma - Retrospect (galamp3.com).mp3
INFO audio Switch: loading 'sounds/Звуки природы - Шум дождя (www.hotplayer.ru).mp3' (channels=2, sampleRate=48000)
INFO not found "/assets/sounds/Звуки природы - Шум дождя (www.hotplayer.ru).mp3" in vfs
ERROR WPSoundParser.cpp:178 audio file not found: sounds/Звуки природы - Шум дождя (www.hotplayer.ru).mp3
INFO audio Switch: loading 'sounds/Kooma & Veela - Oasis (256  kbps).mp3' (channels=2, sampleRate=48000)
INFO not found "/assets/sounds/Kooma & Veela - Oasis (256  kbps).mp3" in vfs
ERROR WPSoundParser.cpp:178 audio file not found: sounds/Kooma & Veela - Oasis (256  kbps).mp3
INFO audio Switch: loading 'sounds/Звуки природы - Шум дождя (www.hotplayer.ru).mp3' (channels=2, sampleRate=48000)
INFO not found "/assets/sounds/Звуки природы - Шум дождя (www.hotplayer.ru).mp3" in vfs
ERROR WPSoundParser.cpp:178 audio file not found: sounds/Звуки природы - Шум дождя (www.hotplayer.ru).mp3
INFO audio Switch: loading 'sounds/aether-scotland-veela-valentine.mp3' (channels=2, sampleRate=48000)
INFO not found "/assets/sounds/aether-scotland-veela-valentine.mp3" in vfs
ERROR WPSoundParser.cpp:178 audio file not found: sounds/aether-scotland-veela-valentine.mp3
INFO audio Switch: loading 'sounds/Звуки природы - Шум дождя (www.hotplayer.ru).mp3' (channels=2, sampleRate=48000)
INFO not found "/assets/sounds/Звуки природы - Шум дождя (www.hotplayer.ru).mp3" in vfs
ERROR WPSoundParser.cpp:178 audio file not found: sounds/Звуки природы - Шум дождя (www.hotplayer.ru).mp3
INFO audio Switch: loading 'sounds/Veela and Irosa Rosali - Going Home (galamp3.com).mp3' (channels=2, sampleRate=48000)
INFO not found "/assets/sounds/Veela and Irosa Rosali - Going Home (galamp3.com).mp3" in vfs
ERROR WPSoundParser.cpp:178 audio file not found: sounds/Veela and Irosa Rosali - Going Home (galamp3.com).mp3
INFO audio Switch: loading 'sounds/Звуки природы - Шум дождя (www.hotplayer.ru).mp3' (channels=2, sampleRate=48000)
INFO not found "/assets/sounds/Звуки природы - Шум дождя (www.hotplayer.ru).mp3" in vfs
ERROR WPSoundParser.cpp:178 audio file not found: sounds/Звуки природы - Шум дождя (www.hotplayer.ru).mp3
INFO audio Switch: loading 'sounds/Veela and Irosa Rosali, Elsie - Closed (galamp3.com).mp3' (channels=2, sampleRate=48000)
INFO not found "/assets/sounds/Veela and Irosa Rosali, Elsie - Closed (galamp3.com).mp3" in vfs
ERROR WPSoundParser.cpp:178 audio file not found: sounds/Veela and Irosa Rosali, Elsie - Closed (galamp3.com).mp3
INFO audio Switch: loading 'sounds/Звуки природы - Шум дождя (www.hotplayer.ru).mp3' (channels=2, sampleRate=48000)
INFO not found "/assets/sounds/Звуки природы - Шум дождя (www.hotplayer.ru).mp3" in vfs
ERROR WPSoundParser.cpp:178 audio file not found: sounds/Звуки природы - Шум дождя (www.hotplayer.ru).mp3
INFO audio Switch: loading 'sounds/Veela and Kooma - Pointless (galamp3.com).mp3' (channels=2, sampleRate=48000)
INFO not found "/assets/sounds/Veela and Kooma - Pointless (galamp3.com).mp3" in vfs
ERROR WPSoundParser.cpp:178 audio file not found: sounds/Veela and Kooma - Pointless (galamp3.com).mp3
INFO audio Switch: loading 'sounds/Звуки природы - Шум дождя (www.hotplayer.ru).mp3' (channels=2, sampleRate=48000)
INFO not found "/assets/sounds/Звуки природы - Шум дождя (www.hotplayer.ru).mp3" in vfs
ERROR WPSoundParser.cpp:178 audio file not found: sounds/Звуки природы - Шум дождя (www.hotplayer.ru).mp3
INFO audio Switch: loading 'sounds/Veela and Kooma - Retrospect (galamp3.com).mp3' (channels=2, sampleRate=48000)
INFO not found "/assets/sounds/Veela and Kooma - Retrospect (galamp3.com).mp3" in vfs
ERROR WPSoundParser.cpp:178 audio file not found: sounds/Veela and Kooma - Retrospect (galamp3.com).mp3
INFO audio Switch: loading 'sounds/Звуки природы - Шум дождя (www.hotplayer.ru).mp3' (channels=2, sampleRate=48000)
INFO not found "/assets/sounds/Звуки природы - Шум дождя (www.hotplayer.ru).mp3" in vfs
ERROR WPSoundParser.cpp:178 audio file not found: sounds/Звуки природы - Шум дождя (www.hotplayer.ru).mp3
INFO audio Switch: loading 'sounds/Kooma & Veela - Oasis (256  kbps).mp3' (channels=2, sampleRate=48000)
INFO not found "/assets/sounds/Kooma & Veela - Oasis (256  kbps).mp3" in vfs
ERROR WPSoundParser.cpp:178 audio file not found: sounds/Kooma & Veela - Oasis (256  kbps).mp3
INFO audio Switch: loading 'sounds/Звуки природы - Шум дождя (www.hotplayer.ru).mp3' (channels=2, sampleRate=48000)
INFO not found "/assets/sounds/Звуки природы - Шум дождя (www.hotplayer.ru).mp3" in vfs
ERROR WPSoundParser.cpp:178 audio file not found: sounds/Звуки природы - Шум дождя (www.hotplayer.ru).mp3
INFO audio Switch: loading 'sounds/aether-scotland-veela-valentine.mp3' (channels=2, sampleRate=48000)
INFO not found "/assets/sounds/aether-scotland-veela-valentine.mp3" in vfs
ERROR WPSoundParser.cpp:178 audio file not found: sounds/aether-scotland-veela-valentine.mp3
INFO audio Switch: loading 'sounds/Звуки природы - Шум дождя (www.hotplayer.ru).mp3' (channels=2, sampleRate=48000)
INFO not found "/assets/sounds/Звуки природы - Шум дождя (www.hotplayer.ru).mp3" in vfs
ERROR WPSoundParser.cpp:178 audio file not found: sounds/Звуки природы - Шум дождя (www.hotplayer.ru).mp3
INFO audio Switch: loading 'sounds/Veela and Irosa Rosali - Going Home (galamp3.com).mp3' (channels=2, sampleRate=48000)
INFO not found "/assets/sounds/Veela and Irosa Rosali - Going Home (galamp3.com).mp3" in vfs
ERROR WPSoundParser.cpp:178 audio file not found: sounds/Veela and Irosa Rosali - Going Home (galamp3.com).mp3
INFO audio Switch: loading 'sounds/Звуки природы - Шум дождя (www.hotplayer.ru).mp3' (channels=2, sampleRate=48000)
INFO not found "/assets/sounds/Звуки природы - Шум дождя (www.hotplayer.ru).mp3" in vfs
ERROR WPSoundParser.cpp:178 audio file not found: sounds/Звуки природы - Шум дождя (www.hotplayer.ru).mp3
INFO audio Switch: loading 'sounds/Veela and Irosa Rosali, Elsie - Closed (galamp3.com).mp3' (channels=2, sampleRate=48000)
INFO not found "/assets/sounds/Veela and Irosa Rosali, Elsie - Closed (galamp3.com).mp3" in vfs
ERROR WPSoundParser.cpp:178 audio file not found: sounds/Veela and Irosa Rosali, Elsie - Closed (galamp3.com).mp3
INFO audio Switch: loading 'sounds/Звуки природы - Шум дождя (www.hotplayer.ru).mp3' (channels=2, sampleRate=48000)
INFO not found "/assets/sounds/Звуки природы - Шум дождя (www.hotplayer.ru).mp3" in vfs
ERROR WPSoundParser.cpp:178 audio file not found: sounds/Звуки природы - Шум дождя (www.hotplayer.ru).mp3
INFO audio Switch: loading 'sounds/Veela and Kooma - Pointless (galamp3.com).mp3' (channels=2, sampleRate=48000)
INFO not found "/assets/sounds/Veela and Kooma - Pointless (galamp3.com).mp3" in vfs
ERROR WPSoundParser.cpp:178 audio file not found: sounds/Veela and Kooma - Pointless (galamp3.com).mp3
INFO audio Switch: loading 'sounds/Звуки природы - Шум дождя (www.hotplayer.ru).mp3' (channels=2, sampleRate=48000)
INFO not found "/assets/sounds/Звуки природы - Шум дождя (www.hotplayer.ru).mp3" in vfs
ERROR WPSoundParser.cpp:178 audio file not found: sounds/Звуки природы - Шум дождя (www.hotplayer.ru).mp3
INFO audio Switch: loading 'sounds/Veela and Kooma - Retrospect (galamp3.com).mp3' (channels=2, sampleRate=48000)
INFO not found "/assets/sounds/Veela and Kooma - Retrospect (galamp3.com).mp3" in vfs
ERROR WPSoundParser.cpp:178 audio file not found: sounds/Veela and Kooma - Retrospect (galamp3.com).mp3
INFO audio Switch: loading 'sounds/Звуки природы - Шум дождя (www.hotplayer.ru).mp3' (channels=2, sampleRate=48000)
INFO not found "/assets/sounds/Звуки природы - Шум дождя (www.hotplayer.ru).mp3" in vfs
ERROR WPSoundParser.cpp:178 audio file not found: sounds/Звуки природы - Шум дождя (www.hotplayer.ru).mp3
INFO audio Switch: loading 'sounds/Kooma & Veela - Oasis (256  kbps).mp3' (channels=2, sampleRate=48000)
INFO not found "/assets/sounds/Kooma & Veela - Oasis (256  kbps).mp3" in vfs
ERROR WPSoundParser.cpp:178 audio file not found: sounds/Kooma & Veela - Oasis (256  kbps).mp3
INFO audio Switch: loading 'sounds/Звуки природы - Шум дождя (www.hotplayer.ru).mp3' (channels=2, sampleRate=48000)
INFO not found "/assets/sounds/Звуки природы - Шум дождя (www.hotplayer.ru).mp3" in vfs
ERROR WPSoundParser.cpp:178 audio file not found: sounds/Звуки природы - Шум дождя (www.hotplayer.ru).mp3
INFO audio Switch: loading 'sounds/aether-scotland-veela-valentine.mp3' (channels=2, sampleRate=48000)
INFO not found "/assets/sounds/aether-scotland-veela-valentine.mp3" in vfs
ERROR WPSoundParser.cpp:178 audio file not found: sounds/aether-scotland-veela-valentine.mp3
INFO audio Switch: loading 'sounds/Звуки природы - Шум дождя (www.hotplayer.ru).mp3' (channels=2, sampleRate=48000)
INFO not found "/assets/sounds/Звуки природы - Шум дождя (www.hotplayer.ru).mp3" in vfs
ERROR WPSoundParser.cpp:178 audio file not found: sounds/Звуки природы - Шум дождя (www.hotplayer.ru).mp3
INFO audio Switch: loading 'sounds/Veela and Irosa Rosali - Going Home (galamp3.com).mp3' (channels=2, sampleRate=48000)
INFO not found "/assets/sounds/Veela and Irosa Rosali - Going Home (galamp3.com).mp3" in vfs
ERROR WPSoundParser.cpp:178 audio file not found: sounds/Veela and Irosa Rosali - Going Home (galamp3.com).mp3
INFO audio Switch: loading 'sounds/Звуки природы - Шум дождя (www.hotplayer.ru).mp3' (channels=2, sampleRate=48000)
INFO not found "/assets/sounds/Звуки природы - Шум дождя (www.hotplayer.ru).mp3" in vfs
ERROR WPSoundParser.cpp:178 audio file not found: sounds/Звуки природы - Шум дождя (www.hotplayer.ru).mp3
INFO audio Switch: loading 'sounds/Veela and Irosa Rosali, Elsie - Closed (galamp3.com).mp3' (channels=2, sampleRate=48000)
INFO not found "/assets/sounds/Veela and Irosa Rosali, Elsie - Closed (galamp3.com).mp3" in vfs
ERROR WPSoundParser.cpp:178 audio file not found: sounds/Veela and Irosa Rosali, Elsie - Closed (galamp3.com).mp3
INFO audio Switch: loading 'sounds/Звуки природы - Шум дождя (www.hotplayer.ru).mp3' (channels=2, sampleRate=48000)
INFO not found "/assets/sounds/Звуки природы - Шум дождя (www.hotplayer.ru).mp3" in vfs
ERROR WPSoundParser.cpp:178 audio file not found: sounds/Звуки природы - Шум дождя (www.hotplayer.ru).mp3
INFO audio Switch: loading 'sounds/Veela and Kooma - Pointless (galamp3.com).mp3' (channels=2, sampleRate=48000)
INFO not found "/assets/sounds/Veela and Kooma - Pointless (galamp3.com).mp3" in vfs
ERROR WPSoundParser.cpp:178 audio file not found: sounds/Veela and Kooma - Pointless (galamp3.com).mp3
INFO audio Switch: loading 'sounds/Звуки природы - Шум дождя (www.hotplayer.ru).mp3' (channels=2, sampleRate=48000)
INFO not found "/assets/sounds/Звуки природы - Шум дождя (www.hotplayer.ru).mp3" in vfs
ERROR WPSoundParser.cpp:178 audio file not found: sounds/Звуки природы - Шум дождя (www.hotplayer.ru).mp3
INFO audio Switch: loading 'sounds/Veela and Kooma - Retrospect (galamp3.com).mp3' (channels=2, sampleRate=48000)
INFO not found "/assets/sounds/Veela and Kooma - Retrospect (galamp3.com).mp3" in vfs
ERROR WPSoundParser.cpp:178 audio file not found: sounds/Veela and Kooma - Retrospect (galamp3.com).mp3
INFO audio Switch: loading 'sounds/Звуки природы - Шум дождя (www.hotplayer.ru).mp3' (channels=2, sampleRate=48000)
INFO not found "/assets/sounds/Звуки природы - Шум дождя (www.hotplayer.ru).mp3" in vfs
ERROR WPSoundParser.cpp:178 audio file not found: sounds/Звуки природы - Шум дождя (www.hotplayer.ru).mp3
INFO audio Switch: loading 'sounds/Kooma & Veela - Oasis (256  kbps).mp3' (channels=2, sampleRate=48000)
INFO not found "/assets/sounds/Kooma & Veela - Oasis (256  kbps).mp3" in vfs
ERROR WPSoundParser.cpp:178 audio file not found: sounds/Kooma & Veela - Oasis (256  kbps).mp3
INFO audio Switch: loading 'sounds/Звуки природы - Шум дождя (www.hotplayer.ru).mp3' (channels=2, sampleRate=48000)
INFO not found "/assets/sounds/Звуки природы - Шум дождя (www.hotplayer.ru).mp3" in vfs
ERROR WPSoundParser.cpp:178 audio file not found: sounds/Звуки природы - Шум дождя (www.hotplayer.ru).mp3
INFO audio Switch: loading 'sounds/aether-scotland-veela-valentine.mp3' (channels=2, sampleRate=48000)
INFO not found "/assets/sounds/aether-scotland-veela-valentine.mp3" in vfs
ERROR WPSoundParser.cpp:178 audio file not found: sounds/aether-scotland-veela-valentine.mp3
INFO audio Switch: loading 'sounds/Звуки природы - Шум дождя (www.hotplayer.ru).mp3' (channels=2, sampleRate=48000)
INFO not found "/assets/sounds/Звуки природы - Шум дождя (www.hotplayer.ru).mp3" in vfs
ERROR WPSoundParser.cpp:178 audio file not found: sounds/Звуки природы - Шум дождя (www.hotplayer.ru).mp3
INFO audio Switch: loading 'sounds/Veela and Irosa Rosali - Going Home (galamp3.com).mp3' (channels=2, sampleRate=48000)
INFO not found "/assets/sounds/Veela and Irosa Rosali - Going Home (galamp3.com).mp3" in vfs
ERROR WPSoundParser.cpp:178 audio file not found: sounds/Veela and Irosa Rosali - Going Home (galamp3.com).mp3
INFO audio Switch: loading 'sounds/Звуки природы - Шум дождя (www.hotplayer.ru).mp3' (channels=2, sampleRate=48000)
INFO not found "/assets/sounds/Звуки природы - Шум дождя (www.hotplayer.ru).mp3" in vfs
ERROR WPSoundParser.cpp:178 audio file not found: sounds/Звуки природы - Шум дождя (www.hotplayer.ru).mp3
INFO audio Switch: loading 'sounds/Veela and Irosa Rosali, Elsie - Closed (galamp3.com).mp3' (channels=2, sampleRate=48000)
INFO not found "/assets/sounds/Veela and Irosa Rosali, Elsie - Closed (galamp3.com).mp3" in vfs
ERROR WPSoundParser.cpp:178 audio file not found: sounds/Veela and Irosa Rosali, Elsie - Closed (galamp3.com).mp3
INFO audio Switch: loading 'sounds/Звуки природы - Шум дождя (www.hotplayer.ru).mp3' (channels=2, sampleRate=48000)
INFO not found "/assets/sounds/Звуки природы - Шум дождя (www.hotplayer.ru).mp3" in vfs
ERROR WPSoundParser.cpp:178 audio file not found: sounds/Звуки природы - Шум дождя (www.hotplayer.ru).mp3
INFO audio Switch: loading 'sounds/Veela and Kooma - Pointless (galamp3.com).mp3' (channels=2, sampleRate=48000)
INFO not found "/assets/sounds/Veela and Kooma - Pointless (galamp3.com).mp3" in vfs
ERROR WPSoundParser.cpp:178 audio file not found: sounds/Veela and Kooma - Pointless (galamp3.com).mp3
INFO audio Switch: loading 'sounds/Звуки природы - Шум дождя (www.hotplayer.ru).mp3' (channels=2, sampleRate=48000)
INFO not found "/assets/sounds/Звуки природы - Шум дождя (www.hotplayer.ru).mp3" in vfs
ERROR WPSoundParser.cpp:178 audio file not found: sounds/Звуки природы - Шум дождя (www.hotplayer.ru).mp3
INFO audio Switch: loading 'sounds/Veela and Kooma - Retrospect (galamp3.com).mp3' (channels=2, sampleRate=48000)
INFO not found "/assets/sounds/Veela and Kooma - Retrospect (galamp3.com).mp3" in vfs
ERROR WPSoundParser.cpp:178 audio file not found: sounds/Veela and Kooma - Retrospect (galamp3.com).mp3
INFO audio Switch: loading 'sounds/Звуки природы - Шум дождя (www.hotplayer.ru).mp3' (channels=2, sampleRate=48000)
INFO not found "/assets/sounds/Звуки природы - Шум дождя (www.hotplayer.ru).mp3" in vfs
ERROR WPSoundParser.cpp:178 audio file not found: sounds/Звуки природы - Шум дождя (www.hotplayer.ru).mp3
INFO audio Switch: loading 'sounds/Kooma & Veela - Oasis (256  kbps).mp3' (channels=2, sampleRate=48000)
INFO not found "/assets/sounds/Kooma & Veela - Oasis (256  kbps).mp3" in vfs
ERROR WPSoundParser.cpp:178 audio file not found: sounds/Kooma & Veela - Oasis (256  kbps).mp3
INFO audio Switch: loading 'sounds/Звуки природы - Шум дождя (www.hotplayer.ru).mp3' (channels=2, sampleRate=48000)
INFO not found "/assets/sounds/Звуки природы - Шум дождя (www.hotplayer.ru).mp3" in vfs
ERROR WPSoundParser.cpp:178 audio file not found: sounds/Звуки природы - Шум дождя (www.hotplayer.ru).mp3
INFO audio Switch: loading 'sounds/aether-scotland-veela-valentine.mp3' (channels=2, sampleRate=48000)
INFO not found "/assets/sounds/aether-scotland-veela-valentine.mp3" in vfs
ERROR WPSoundParser.cpp:178 audio file not found: sounds/aether-scotland-veela-valentine.mp3
INFO audio Switch: loading 'sounds/Звуки природы - Шум дождя (www.hotplayer.ru).mp3' (channels=2, sampleRate=48000)
INFO not found "/assets/sounds/Звуки природы - Шум дождя (www.hotplayer.ru).mp3" in vfs
ERROR WPSoundParser.cpp:178 audio file not found: sounds/Звуки природы - Шум дождя (www.hotplayer.ru).mp3
INFO audio Switch: loading 'sounds/Veela and Irosa Rosali - Going Home (galamp3.com).mp3' (channels=2, sampleRate=48000)
INFO not found "/assets/sounds/Veela and Irosa Rosali - Going Home (galamp3.com).mp3" in vfs
ERROR WPSoundParser.cpp:178 audio file not found: sounds/Veela and Irosa Rosali - Going Home (galamp3.com).mp3
INFO audio Switch: loading 'sounds/Звуки природы - Шум дождя (www.hotplayer.ru).mp3' (channels=2, sampleRate=48000)
INFO not found "/assets/sounds/Звуки природы - Шум дождя (www.hotplayer.ru).mp3" in vfs
ERROR WPSoundParser.cpp:178 audio file not found: sounds/Звуки природы - Шум дождя (www.hotplayer.ru).mp3
INFO audio Switch: loading 'sounds/Veela and Irosa Rosali, Elsie - Closed (galamp3.com).mp3' (channels=2, sampleRate=48000)
INFO not found "/assets/sounds/Veela and Irosa Rosali, Elsie - Closed (galamp3.com).mp3" in vfs
ERROR WPSoundParser.cpp:178 audio file not found: sounds/Veela and Irosa Rosali, Elsie - Closed (galamp3.com).mp3
INFO audio Switch: loading 'sounds/Звуки природы - Шум дождя (www.hotplayer.ru).mp3' (channels=2, sampleRate=48000)
INFO not found "/assets/sounds/Звуки природы - Шум дождя (www.hotplayer.ru).mp3" in vfs
ERROR WPSoundParser.cpp:178 audio file not found: sounds/Звуки природы - Шум дождя (www.hotplayer.ru).mp3
INFO audio Switch: loading 'sounds/Veela and Kooma - Pointless (galamp3.com).mp3' (channels=2, sampleRate=48000)
INFO not found "/assets/sounds/Veela and Kooma - Pointless (galamp3.com).mp3" in vfs
ERROR WPSoundParser.cpp:178 audio file not found: sounds/Veela and Kooma - Pointless (galamp3.com).mp3
INFO audio Switch: loading 'sounds/Звуки природы - Шум дождя (www.hotplayer.ru).mp3' (channels=2, sampleRate=48000)
INFO not found "/assets/sounds/Звуки природы - Шум дождя (www.hotplayer.ru).mp3" in vfs
ERROR WPSoundParser.cpp:178 audio file not found: sounds/Звуки природы - Шум дождя (www.hotplayer.ru).mp3
INFO audio Switch: loading 'sounds/Veela and Kooma - Retrospect (galamp3.com).mp3' (channels=2, sampleRate=48000)
INFO not found "/assets/sounds/Veela and Kooma - Retrospect (galamp3.com).mp3" in vfs
ERROR WPSoundParser.cpp:178 audio file not found: sounds/Veela and Kooma - Retrospect (galamp3.com).mp3
INFO audio Switch: loading 'sounds/Звуки природы - Шум дождя (www.hotplayer.ru).mp3' (channels=2, sampleRate=48000)
INFO not found "/assets/sounds/Звуки природы - Шум дождя (www.hotplayer.ru).mp3" in vfs
ERROR WPSoundParser.cpp:178 audio file not found: sounds/Звуки природы - Шум дождя (www.hotplayer.ru).mp3
INFO audio Switch: loading 'sounds/Kooma & Veela - Oasis (256  kbps).mp3' (channels=2, sampleRate=48000)
INFO not found "/assets/sounds/Kooma & Veela - Oasis (256  kbps).mp3" in vfs
ERROR WPSoundParser.cpp:178 audio file not found: sounds/Kooma & Veela - Oasis (256  kbps).mp3
INFO audio Switch: loading 'sounds/Звуки природы - Шум дождя (www.hotplayer.ru).mp3' (channels=2, sampleRate=48000)
INFO not found "/assets/sounds/Звуки природы - Шум дождя (www.hotplayer.ru).mp3" in vfs
ERROR WPSoundParser.cpp:178 audio file not found: sounds/Звуки природы - Шум дождя (www.hotplayer.ru).mp3
INFO audio Switch: loading 'sounds/aether-scotland-veela-valentine.mp3' (channels=2, sampleRate=48000)
INFO not found "/assets/sounds/aether-scotland-veela-valentine.mp3" in vfs
ERROR WPSoundParser.cpp:178 audio file not found: sounds/aether-scotland-veela-valentine.mp3
INFO audio Switch: loading 'sounds/Звуки природы - Шум дождя (www.hotplayer.ru).mp3' (channels=2, sampleRate=48000)
INFO not found "/assets/sounds/Звуки природы - Шум дождя (www.hotplayer.ru).mp3" in vfs
ERROR WPSoundParser.cpp:178 audio file not found: sounds/Звуки природы - Шум дождя (www.hotplayer.ru).mp3
INFO audio Switch: loading 'sounds/Veela and Irosa Rosali - Going Home (galamp3.com).mp3' (channels=2, sampleRate=48000)
INFO not found "/assets/sounds/Veela and Irosa Rosali - Going Home (galamp3.com).mp3" in vfs
ERROR WPSoundParser.cpp:178 audio file not found: sounds/Veela and Irosa Rosali - Going Home (galamp3.com).mp3
INFO audio Switch: loading 'sounds/Звуки природы - Шум дождя (www.hotplayer.ru).mp3' (channels=2, sampleRate=48000)
INFO not found "/assets/sounds/Звуки природы - Шум дождя (www.hotplayer.ru).mp3" in vfs
ERROR WPSoundParser.cpp:178 audio file not found: sounds/Звуки природы - Шум дождя (www.hotplayer.ru).mp3
INFO audio Switch: loading 'sounds/Veela and Irosa Rosali, Elsie - Closed (galamp3.com).mp3' (channels=2, sampleRate=48000)
INFO not found "/assets/sounds/Veela and Irosa Rosali, Elsie - Closed (galamp3.com).mp3" in vfs
ERROR WPSoundParser.cpp:178 audio file not found: sounds/Veela and Irosa Rosali, Elsie - Closed (galamp3.com).mp3
INFO audio Switch: loading 'sounds/Звуки природы - Шум дождя (www.hotplayer.ru).mp3' (channels=2, sampleRate=48000)
INFO not found "/assets/sounds/Звуки природы - Шум дождя (www.hotplayer.ru).mp3" in vfs
ERROR WPSoundParser.cpp:178 audio file not found: sounds/Звуки природы - Шум дождя (www.hotplayer.ru).mp3
INFO audio Switch: loading 'sounds/Veela and Kooma - Pointless (galamp3.com).mp3' (channels=2, sampleRate=48000)
INFO not found "/assets/sounds/Veela and Kooma - Pointless (galamp3.com).mp3" in vfs
ERROR WPSoundParser.cpp:178 audio file not found: sounds/Veela and Kooma - Pointless (galamp3.com).mp3
INFO audio Switch: loading 'sounds/Звуки природы - Шум дождя (www.hotplayer.ru).mp3' (channels=2, sampleRate=48000)
INFO not found "/assets/sounds/Звуки природы - Шум дождя (www.hotplayer.ru).mp3" in vfs
ERROR WPSoundParser.cpp:178 audio file not found: sounds/Звуки природы - Шум дождя (www.hotplayer.ru).mp3
INFO audio Switch: loading 'sounds/Veela and Kooma - Retrospect (galamp3.com).mp3' (channels=2, sampleRate=48000)
INFO not found "/assets/sounds/Veela and Kooma - Retrospect (galamp3.com).mp3" in vfs
ERROR WPSoundParser.cpp:178 audio file not found: sounds/Veela and Kooma - Retrospect (galamp3.com).mp3
INFO audio Switch: loading 'sounds/Звуки природы - Шум дождя (www.hotplayer.ru).mp3' (channels=2, sampleRate=48000)
INFO not found "/assets/sounds/Звуки природы - Шум дождя (www.hotplayer.ru).mp3" in vfs
ERROR WPSoundParser.cpp:178 audio file not found: sounds/Звуки природы - Шум дождя (www.hotplayer.ru).mp3
INFO audio Switch: loading 'sounds/Kooma & Veela - Oasis (256  kbps).mp3' (channels=2, sampleRate=48000)
INFO not found "/assets/sounds/Kooma & Veela - Oasis (256  kbps).mp3" in vfs
ERROR WPSoundParser.cpp:178 audio file not found: sounds/Kooma & Veela - Oasis (256  kbps).mp3
INFO audio Switch: loading 'sounds/Звуки природы - Шум дождя (www.hotplayer.ru).mp3' (channels=2, sampleRate=48000)
INFO not found "/assets/sounds/Звуки природы - Шум дождя (www.hotplayer.ru).mp3" in vfs
ERROR WPSoundParser.cpp:178 audio file not found: sounds/Звуки природы - Шум дождя (www.hotplayer.ru).mp3
INFO audio Switch: loading 'sounds/aether-scotland-veela-valentine.mp3' (channels=2, sampleRate=48000)
INFO not found "/assets/sounds/aether-scotland-veela-valentine.mp3" in vfs
ERROR WPSoundParser.cpp:178 audio file not found: sounds/aether-scotland-veela-valentine.mp3
INFO audio Switch: loading 'sounds/Звуки природы - Шум дождя (www.hotplayer.ru).mp3' (channels=2, sampleRate=48000)
INFO not found "/assets/sounds/Звуки природы - Шум дождя (www.hotplayer.ru).mp3" in vfs
ERROR WPSoundParser.cpp:178 audio file not found: sounds/Звуки природы - Шум дождя (www.hotplayer.ru).mp3
INFO audio Switch: loading 'sounds/Veela and Irosa Rosali - Going Home (galamp3.com).mp3' (channels=2, sampleRate=48000)
INFO not found "/assets/sounds/Veela and Irosa Rosali - Going Home (galamp3.com).mp3" in vfs
ERROR WPSoundParser.cpp:178 audio file not found: sounds/Veela and Irosa Rosali - Going Home (galamp3.com).mp3
INFO audio Switch: loading 'sounds/Звуки природы - Шум дождя (www.hotplayer.ru).mp3' (channels=2, sampleRate=48000)
INFO not found "/assets/sounds/Звуки природы - Шум дождя (www.hotplayer.ru).mp3" in vfs
ERROR WPSoundParser.cpp:178 audio file not found: sounds/Звуки природы - Шум дождя (www.hotplayer.ru).mp3
INFO audio Switch: loading 'sounds/Veela and Irosa Rosali, Elsie - Closed (galamp3.com).mp3' (channels=2, sampleRate=48000)
INFO not found "/assets/sounds/Veela and Irosa Rosali, Elsie - Closed (galamp3.com).mp3" in vfs
ERROR WPSoundParser.cpp:178 audio file not found: sounds/Veela and Irosa Rosali, Elsie - Closed (galamp3.com).mp3
INFO audio Switch: loading 'sounds/Звуки природы - Шум дождя (www.hotplayer.ru).mp3' (channels=2, sampleRate=48000)
INFO not found "/assets/sounds/Звуки природы - Шум дождя (www.hotplayer.ru).mp3" in vfs
ERROR WPSoundParser.cpp:178 audio file not found: sounds/Звуки природы - Шум дождя (www.hotplayer.ru).mp3
INFO audio Switch: loading 'sounds/Veela and Kooma - Pointless (galamp3.com).mp3' (channels=2, sampleRate=48000)
INFO not found "/assets/sounds/Veela and Kooma - Pointless (galamp3.com).mp3" in vfs
ERROR WPSoundParser.cpp:178 audio file not found: sounds/Veela and Kooma - Pointless (galamp3.com).mp3
INFO audio Switch: loading 'sounds/Звуки природы - Шум дождя (www.hotplayer.ru).mp3' (channels=2, sampleRate=48000)
INFO not found "/assets/sounds/Звуки природы - Шум дождя (www.hotplayer.ru).mp3" in vfs
ERROR WPSoundParser.cpp:178 audio file not found: sounds/Звуки природы - Шум дождя (www.hotplayer.ru).mp3
INFO audio Switch: loading 'sounds/Veela and Kooma - Retrospect (galamp3.com).mp3' (channels=2, sampleRate=48000)
INFO not found "/assets/sounds/Veela and Kooma - Retrospect (galamp3.com).mp3" in vfs
ERROR WPSoundParser.cpp:178 audio file not found: sounds/Veela and Kooma - Retrospect (galamp3.com).mp3
INFO audio Switch: loading 'sounds/Звуки природы - Шум дождя (www.hotplayer.ru).mp3' (channels=2, sampleRate=48000)
INFO not found "/assets/sounds/Звуки природы - Шум дождя (www.hotplayer.ru).mp3" in vfs
ERROR WPSoundParser.cpp:178 audio file not found: sounds/Звуки природы - Шум дождя (www.hotplayer.ru).mp3
INFO audio Switch: loading 'sounds/Kooma & Veela - Oasis (256  kbps).mp3' (channels=2, sampleRate=48000)
INFO not found "/assets/sounds/Kooma & Veela - Oasis (256  kbps).mp3" in vfs
ERROR WPSoundParser.cpp:178 audio file not found: sounds/Kooma & Veela - Oasis (256  kbps).mp3
INFO audio Switch: loading 'sounds/Звуки природы - Шум дождя (www.hotplayer.ru).mp3' (channels=2, sampleRate=48000)
INFO not found "/assets/sounds/Звуки природы - Шум дождя (www.hotplayer.ru).mp3" in vfs
ERROR WPSoundParser.cpp:178 audio file not found: sounds/Звуки природы - Шум дождя (www.hotplayer.ru).mp3
INFO audio Switch: loading 'sounds/aether-scotland-veela-valentine.mp3' (channels=2, sampleRate=48000)
INFO not found "/assets/sounds/aether-scotland-veela-valentine.mp3" in vfs
ERROR WPSoundParser.cpp:178 audio file not found: sounds/aether-scotland-veela-valentine.mp3
INFO audio Switch: loading 'sounds/Звуки природы - Шум дождя (www.hotplayer.ru).mp3' (channels=2, sampleRate=48000)
INFO not found "/assets/sounds/Звуки природы - Шум дождя (www.hotplayer.ru).mp3" in vfs
ERROR WPSoundParser.cpp:178 audio file not found: sounds/Звуки природы - Шум дождя (www.hotplayer.ru).mp3
INFO audio Switch: loading 'sounds/Veela and Irosa Rosali - Going Home (galamp3.com).mp3' (channels=2, sampleRate=48000)
INFO not found "/assets/sounds/Veela and Irosa Rosali - Going Home (galamp3.com).mp3" in vfs
ERROR WPSoundParser.cpp:178 audio file not found: sounds/Veela and Irosa Rosali - Going Home (galamp3.com).mp3
INFO audio Switch: loading 'sounds/Звуки природы - Шум дождя (www.hotplayer.ru).mp3' (channels=2, sampleRate=48000)
INFO not found "/assets/sounds/Звуки природы - Шум дождя (www.hotplayer.ru).mp3" in vfs
ERROR WPSoundParser.cpp:178 audio file not found: sounds/Звуки природы - Шум дождя (www.hotplayer.ru).mp3
INFO audio Switch: loading 'sounds/Veela and Irosa Rosali, Elsie - Closed (galamp3.com).mp3' (channels=2, sampleRate=48000)
INFO not found "/assets/sounds/Veela and Irosa Rosali, Elsie - Closed (galamp3.com).mp3" in vfs
ERROR WPSoundParser.cpp:178 audio file not found: sounds/Veela and Irosa Rosali, Elsie - Closed (galamp3.com).mp3
INFO audio Switch: loading 'sounds/Звуки природы - Шум дождя (www.hotplayer.ru).mp3' (channels=2, sampleRate=48000)
INFO not found "/assets/sounds/Звуки природы - Шум дождя (www.hotplayer.ru).mp3" in vfs
ERROR WPSoundParser.cpp:178 audio file not found: sounds/Звуки природы - Шум дождя (www.hotplayer.ru).mp3
INFO audio Switch: loading 'sounds/Veela and Kooma - Pointless (galamp3.com).mp3' (channels=2, sampleRate=48000)
INFO not found "/assets/sounds/Veela and Kooma - Pointless (galamp3.com).mp3" in vfs
ERROR WPSoundParser.cpp:178 audio file not found: sounds/Veela and Kooma - Pointless (galamp3.com).mp3
INFO audio Switch: loading 'sounds/Звуки природы - Шум дождя (www.hotplayer.ru).mp3' (channels=2, sampleRate=48000)
INFO not found "/assets/sounds/Звуки природы - Шум дождя (www.hotplayer.ru).mp3" in vfs
ERROR WPSoundParser.cpp:178 audio file not found: sounds/Звуки природы - Шум дождя (www.hotplayer.ru).mp3
INFO audio Switch: loading 'sounds/Veela and Kooma - Retrospect (galamp3.com).mp3' (channels=2, sampleRate=48000)
INFO not found "/assets/sounds/Veela and Kooma - Retrospect (galamp3.com).mp3" in vfs
ERROR WPSoundParser.cpp:178 audio file not found: sounds/Veela and Kooma - Retrospect (galamp3.com).mp3
INFO audio Switch: loading 'sounds/Звуки природы - Шум дождя (www.hotplayer.ru).mp3' (channels=2, sampleRate=48000)
INFO not found "/assets/sounds/Звуки природы - Шум дождя (www.hotplayer.ru).mp3" in vfs
ERROR WPSoundParser.cpp:178 audio file not found: sounds/Звуки природы - Шум дождя (www.hotplayer.ru).mp3
INFO audio Switch: loading 'sounds/Kooma & Veela - Oasis (256  kbps).mp3' (channels=2, sampleRate=48000)
INFO not found "/assets/sounds/Kooma & Veela - Oasis (256  kbps).mp3" in vfs
ERROR WPSoundParser.cpp:178 audio file not found: sounds/Kooma & Veela - Oasis (256  kbps).mp3
INFO audio Switch: loading 'sounds/Звуки природы - Шум дождя (www.hotplayer.ru).mp3' (channels=2, sampleRate=48000)
INFO not found "/assets/sounds/Звуки природы - Шум дождя (www.hotplayer.ru).mp3" in vfs
ERROR WPSoundParser.cpp:178 audio file not found: sounds/Звуки природы - Шум дождя (www.hotplayer.ru).mp3
INFO audio Switch: loading 'sounds/aether-scotland-veela-valentine.mp3' (channels=2, sampleRate=48000)
INFO not found "/assets/sounds/aether-scotland-veela-valentine.mp3" in vfs
ERROR WPSoundParser.cpp:178 audio file not found: sounds/aether-scotland-veela-valentine.mp3
INFO audio Switch: loading 'sounds/Звуки природы - Шум дождя (www.hotplayer.ru).mp3' (channels=2, sampleRate=48000)
INFO not found "/assets/sounds/Звуки природы - Шум дождя (www.hotplayer.ru).mp3" in vfs
ERROR WPSoundParser.cpp:178 audio file not found: sounds/Звуки природы - Шум дождя (www.hotplayer.ru).mp3
INFO audio Switch: loading 'sounds/Veela and Irosa Rosali - Going Home (galamp3.com).mp3' (channels=2, sampleRate=48000)
INFO not found "/assets/sounds/Veela and Irosa Rosali - Going Home (galamp3.com).mp3" in vfs
ERROR WPSoundParser.cpp:178 audio file not found: sounds/Veela and Irosa Rosali - Going Home (galamp3.com).mp3
INFO audio Switch: loading 'sounds/Звуки природы - Шум дождя (www.hotplayer.ru).mp3' (channels=2, sampleRate=48000)
INFO not found "/assets/sounds/Звуки природы - Шум дождя (www.hotplayer.ru).mp3" in vfs
ERROR WPSoundParser.cpp:178 audio file not found: sounds/Звуки природы - Шум дождя (www.hotplayer.ru).mp3
INFO audio Switch: loading 'sounds/Veela and Irosa Rosali, Elsie - Closed (galamp3.com).mp3' (channels=2, sampleRate=48000)
INFO not found "/assets/sounds/Veela and Irosa Rosali, Elsie - Closed (galamp3.com).mp3" in vfs
ERROR WPSoundParser.cpp:178 audio file not found: sounds/Veela and Irosa Rosali, Elsie - Closed (galamp3.com).mp3
INFO audio Switch: loading 'sounds/Звуки природы - Шум дождя (www.hotplayer.ru).mp3' (channels=2, sampleRate=48000)
INFO not found "/assets/sounds/Звуки природы - Шум дождя (www.hotplayer.ru).mp3" in vfs
ERROR WPSoundParser.cpp:178 audio file not found: sounds/Звуки природы - Шум дождя (www.hotplayer.ru).mp3
INFO audio Switch: loading 'sounds/Veela and Kooma - Pointless (galamp3.com).mp3' (channels=2, sampleRate=48000)
INFO not found "/assets/sounds/Veela and Kooma - Pointless (galamp3.com).mp3" in vfs
ERROR WPSoundParser.cpp:178 audio file not found: sounds/Veela and Kooma - Pointless (galamp3.com).mp3
INFO audio Switch: loading 'sounds/Звуки природы - Шум дождя (www.hotplayer.ru).mp3' (channels=2, sampleRate=48000)
INFO not found "/assets/sounds/Звуки природы - Шум дождя (www.hotplayer.ru).mp3" in vfs
ERROR WPSoundParser.cpp:178 audio file not found: sounds/Звуки природы - Шум дождя (www.hotplayer.ru).mp3
INFO audio Switch: loading 'sounds/Veela and Kooma - Retrospect (galamp3.com).mp3' (channels=2, sampleRate=48000)
INFO not found "/assets/sounds/Veela and Kooma - Retrospect (galamp3.com).mp3" in vfs
ERROR WPSoundParser.cpp:178 audio file not found: sounds/Veela and Kooma - Retrospect (galamp3.com).mp3
INFO audio Switch: loading 'sounds/Звуки природы - Шум дождя (www.hotplayer.ru).mp3' (channels=2, sampleRate=48000)
INFO not found "/assets/sounds/Звуки природы - Шум дождя (www.hotplayer.ru).mp3" in vfs
ERROR WPSoundParser.cpp:178 audio file not found: sounds/Звуки природы - Шум дождя (www.hotplayer.ru).mp3
INFO audio Switch: loading 'sounds/Kooma & Veela - Oasis (256  kbps).mp3' (channels=2, sampleRate=48000)
INFO not found "/assets/sounds/Kooma & Veela - Oasis (256  kbps).mp3" in vfs
ERROR WPSoundParser.cpp:178 audio file not found: sounds/Kooma & Veela - Oasis (256  kbps).mp3
INFO audio Switch: loading 'sounds/Звуки природы - Шум дождя (www.hotplayer.ru).mp3' (channels=2, sampleRate=48000)
INFO not found "/assets/sounds/Звуки природы - Шум дождя (www.hotplayer.ru).mp3" in vfs
ERROR WPSoundParser.cpp:178 audio file not found: sounds/Звуки природы - Шум дождя (www.hotplayer.ru).mp3
INFO audio Switch: loading 'sounds/aether-scotland-veela-valentine.mp3' (channels=2, sampleRate=48000)
INFO not found "/assets/sounds/aether-scotland-veela-valentine.mp3" in vfs
ERROR WPSoundParser.cpp:178 audio file not found: sounds/aether-scotland-veela-valentine.mp3
INFO audio Switch: loading 'sounds/Звуки природы - Шум дождя (www.hotplayer.ru).mp3' (channels=2, sampleRate=48000)
INFO not found "/assets/sounds/Звуки природы - Шум дождя (www.hotplayer.ru).mp3" in vfs
ERROR WPSoundParser.cpp:178 audio file not found: sounds/Звуки природы - Шум дождя (www.hotplayer.ru).mp3
INFO audio Switch: loading 'sounds/Veela and Irosa Rosali - Going Home (galamp3.com).mp3' (channels=2, sampleRate=48000)
INFO not found "/assets/sounds/Veela and Irosa Rosali - Going Home (galamp3.com).mp3" in vfs
ERROR WPSoundParser.cpp:178 audio file not found: sounds/Veela and Irosa Rosali - Going Home (galamp3.com).mp3
INFO audio Switch: loading 'sounds/Звуки природы - Шум дождя (www.hotplayer.ru).mp3' (channels=2, sampleRate=48000)
INFO not found "/assets/sounds/Звуки природы - Шум дождя (www.hotplayer.ru).mp3" in vfs
ERROR WPSoundParser.cpp:178 audio file not found: sounds/Звуки природы - Шум дождя (www.hotplayer.ru).mp3
INFO audio Switch: loading 'sounds/Veela and Irosa Rosali, Elsie - Closed (galamp3.com).mp3' (channels=2, sampleRate=48000)
INFO not found "/assets/sounds/Veela and Irosa Rosali, Elsie - Closed (galamp3.com).mp3" in vfs
ERROR WPSoundParser.cpp:178 audio file not found: sounds/Veela and Irosa Rosali, Elsie - Closed (galamp3.com).mp3
INFO audio Switch: loading 'sounds/Звуки природы - Шум дождя (www.hotplayer.ru).mp3' (channels=2, sampleRate=48000)
INFO not found "/assets/sounds/Звуки природы - Шум дождя (www.hotplayer.ru).mp3" in vfs
ERROR WPSoundParser.cpp:178 audio file not found: sounds/Звуки природы - Шум дождя (www.hotplayer.ru).mp3
INFO audio Switch: loading 'sounds/Veela and Kooma - Pointless (galamp3.com).mp3' (channels=2, sampleRate=48000)
INFO not found "/assets/sounds/Veela and Kooma - Pointless (galamp3.com).mp3" in vfs
ERROR WPSoundParser.cpp:178 audio file not found: sounds/Veela and Kooma - Pointless (galamp3.com).mp3
INFO audio Switch: loading 'sounds/Звуки природы - Шум дождя (www.hotplayer.ru).mp3' (channels=2, sampleRate=48000)
INFO not found "/assets/sounds/Звуки природы - Шум дождя (www.hotplayer.ru).mp3" in vfs
ERROR WPSoundParser.cpp:178 audio file not found: sounds/Звуки природы - Шум дождя (www.hotplayer.ru).mp3
INFO audio Switch: loading 'sounds/Veela and Kooma - Retrospect (galamp3.com).mp3' (channels=2, sampleRate=48000)
INFO not found "/assets/sounds/Veela and Kooma - Retrospect (galamp3.com).mp3" in vfs
ERROR WPSoundParser.cpp:178 audio file not found: sounds/Veela and Kooma - Retrospect (galamp3.com).mp3
INFO audio Switch: loading 'sounds/Звуки природы - Шум дождя (www.hotplayer.ru).mp3' (channels=2, sampleRate=48000)
INFO not found "/assets/sounds/Звуки природы - Шум дождя (www.hotplayer.ru).mp3" in vfs
ERROR WPSoundParser.cpp:178 audio file not found: sounds/Звуки природы - Шум дождя (www.hotplayer.ru).mp3
INFO audio Switch: loading 'sounds/Kooma & Veela - Oasis (256  kbps).mp3' (channels=2, sampleRate=48000)
INFO not found "/assets/sounds/Kooma & Veela - Oasis (256  kbps).mp3" in vfs
ERROR WPSoundParser.cpp:178 audio file not found: sounds/Kooma & Veela - Oasis (256  kbps).mp3
INFO audio Switch: loading 'sounds/Звуки природы - Шум дождя (www.hotplayer.ru).mp3' (channels=2, sampleRate=48000)
INFO not found "/assets/sounds/Звуки природы - Шум дождя (www.hotplayer.ru).mp3" in vfs
ERROR WPSoundParser.cpp:178 audio file not found: sounds/Звуки природы - Шум дождя (www.hotplayer.ru).mp3
INFO audio Switch: loading 'sounds/aether-scotland-veela-valentine.mp3' (channels=2, sampleRate=48000)
INFO not found "/assets/sounds/aether-scotland-veela-valentine.mp3" in vfs
ERROR WPSoundParser.cpp:178 audio file not found: sounds/aether-scotland-veela-valentine.mp3
INFO audio Switch: loading 'sounds/Звуки природы - Шум дождя (www.hotplayer.ru).mp3' (channels=2, sampleRate=48000)
INFO not found "/assets/sounds/Звуки природы - Шум дождя (www.hotplayer.ru).mp3" in vfs
ERROR WPSoundParser.cpp:178 audio file not found: sounds/Звуки природы - Шум дождя (www.hotplayer.ru).mp3
INFO audio Switch: loading 'sounds/Veela and Irosa Rosali - Going Home (galamp3.com).mp3' (channels=2, sampleRate=48000)
INFO not found "/assets/sounds/Veela and Irosa Rosali - Going Home (galamp3.com).mp3" in vfs
ERROR WPSoundParser.cpp:178 audio file not found: sounds/Veela and Irosa Rosali - Going Home (galamp3.com).mp3
INFO audio Switch: loading 'sounds/Звуки природы - Шум дождя (www.hotplayer.ru).mp3' (channels=2, sampleRate=48000)
INFO not found "/assets/sounds/Звуки природы - Шум дождя (www.hotplayer.ru).mp3" in vfs
ERROR WPSoundParser.cpp:178 audio file not found: sounds/Звуки природы - Шум дождя (www.hotplayer.ru).mp3
INFO audio Switch: loading 'sounds/Veela and Irosa Rosali, Elsie - Closed (galamp3.com).mp3' (channels=2, sampleRate=48000)
INFO not found "/assets/sounds/Veela and Irosa Rosali, Elsie - Closed (galamp3.com).mp3" in vfs
ERROR WPSoundParser.cpp:178 audio file not found: sounds/Veela and Irosa Rosali, Elsie - Closed (galamp3.com).mp3
INFO audio Switch: loading 'sounds/Звуки природы - Шум дождя (www.hotplayer.ru).mp3' (channels=2, sampleRate=48000)
INFO not found "/assets/sounds/Звуки природы - Шум дождя (www.hotplayer.ru).mp3" in vfs
ERROR WPSoundParser.cpp:178 audio file not found: sounds/Звуки природы - Шум дождя (www.hotplayer.ru).mp3
INFO audio Switch: loading 'sounds/Veela and Kooma - Pointless (galamp3.com).mp3' (channels=2, sampleRate=48000)
INFO not found "/assets/sounds/Veela and Kooma - Pointless (galamp3.com).mp3" in vfs
ERROR WPSoundParser.cpp:178 audio file not found: sounds/Veela and Kooma - Pointless (galamp3.com).mp3
INFO audio Switch: loading 'sounds/Звуки природы - Шум дождя (www.hotplayer.ru).mp3' (channels=2, sampleRate=48000)
INFO not found "/assets/sounds/Звуки природы - Шум дождя (www.hotplayer.ru).mp3" in vfs
ERROR WPSoundParser.cpp:178 audio file not found: sounds/Звуки природы - Шум дождя (www.hotplayer.ru).mp3
INFO audio Switch: loading 'sounds/Veela and Kooma - Retrospect (galamp3.com).mp3' (channels=2, sampleRate=48000)
INFO not found "/assets/sounds/Veela and Kooma - Retrospect (galamp3.com).mp3" in vfs
ERROR WPSoundParser.cpp:178 audio file not found: sounds/Veela and Kooma - Retrospect (galamp3.com).mp3
INFO audio Switch: loading 'sounds/Звуки природы - Шум дождя (www.hotplayer.ru).mp3' (channels=2, sampleRate=48000)
INFO not found "/assets/sounds/Звуки природы - Шум дождя (www.hotplayer.ru).mp3" in vfs
ERROR WPSoundParser.cpp:178 audio file not found: sounds/Звуки природы - Шум дождя (www.hotplayer.ru).mp3
INFO audio Switch: loading 'sounds/Kooma & Veela - Oasis (256  kbps).mp3' (channels=2, sampleRate=48000)
INFO not found "/assets/sounds/Kooma & Veela - Oasis (256  kbps).mp3" in vfs
ERROR WPSoundParser.cpp:178 audio file not found: sounds/Kooma & Veela - Oasis (256  kbps).mp3
INFO audio Switch: loading 'sounds/Звуки природы - Шум дождя (www.hotplayer.ru).mp3' (channels=2, sampleRate=48000)
INFO not found "/assets/sounds/Звуки природы - Шум дождя (www.hotplayer.ru).mp3" in vfs
ERROR WPSoundParser.cpp:178 audio file not found: sounds/Звуки природы - Шум дождя (www.hotplayer.ru).mp3
INFO audio Switch: loading 'sounds/aether-scotland-veela-valentine.mp3' (channels=2, sampleRate=48000)
INFO not found "/assets/sounds/aether-scotland-veela-valentine.mp3" in vfs
ERROR WPSoundParser.cpp:178 audio file not found: sounds/aether-scotland-veela-valentine.mp3
INFO audio Switch: loading 'sounds/Звуки природы - Шум дождя (www.hotplayer.ru).mp3' (channels=2, sampleRate=48000)
INFO not found "/assets/sounds/Звуки природы - Шум дождя (www.hotplayer.ru).mp3" in vfs
ERROR WPSoundParser.cpp:178 audio file not found: sounds/Звуки природы - Шум дождя (www.hotplayer.ru).mp3
INFO audio Switch: loading 'sounds/Veela and Irosa Rosali - Going Home (galamp3.com).mp3' (channels=2, sampleRate=48000)
INFO not found "/assets/sounds/Veela and Irosa Rosali - Going Home (galamp3.com).mp3" in vfs
ERROR WPSoundParser.cpp:178 audio file not found: sounds/Veela and Irosa Rosali - Going Home (galamp3.com).mp3
INFO audio Switch: loading 'sounds/Звуки природы - Шум дождя (www.hotplayer.ru).mp3' (channels=2, sampleRate=48000)
INFO not found "/assets/sounds/Звуки природы - Шум дождя (www.hotplayer.ru).mp3" in vfs
ERROR WPSoundParser.cpp:178 audio file not found: sounds/Звуки природы - Шум дождя (www.hotplayer.ru).mp3
INFO audio Switch: loading 'sounds/Veela and Irosa Rosali, Elsie - Closed (galamp3.com).mp3' (channels=2, sampleRate=48000)
INFO not found "/assets/sounds/Veela and Irosa Rosali, Elsie - Closed (galamp3.com).mp3" in vfs
ERROR WPSoundParser.cpp:178 audio file not found: sounds/Veela and Irosa Rosali, Elsie - Closed (galamp3.com).mp3
INFO audio Switch: loading 'sounds/Звуки природы - Шум дождя (www.hotplayer.ru).mp3' (channels=2, sampleRate=48000)
INFO not found "/assets/sounds/Звуки природы - Шум дождя (www.hotplayer.ru).mp3" in vfs
ERROR WPSoundParser.cpp:178 audio file not found: sounds/Звуки природы - Шум дождя (www.hotplayer.ru).mp3
INFO audio Switch: loading 'sounds/Veela and Kooma - Pointless (galamp3.com).mp3' (channels=2, sampleRate=48000)
INFO not found "/assets/sounds/Veela and Kooma - Pointless (galamp3.com).mp3" in vfs
ERROR WPSoundParser.cpp:178 audio file not found: sounds/Veela and Kooma - Pointless (galamp3.com).mp3
INFO audio Switch: loading 'sounds/Звуки природы - Шум дождя (www.hotplayer.ru).mp3' (channels=2, sampleRate=48000)
INFO not found "/assets/sounds/Звуки природы - Шум дождя (www.hotplayer.ru).mp3" in vfs
ERROR WPSoundParser.cpp:178 audio file not found: sounds/Звуки природы - Шум дождя (www.hotplayer.ru).mp3
INFO audio Switch: loading 'sounds/Veela and Kooma - Retrospect (galamp3.com).mp3' (channels=2, sampleRate=48000)
INFO not found "/assets/sounds/Veela and Kooma - Retrospect (galamp3.com).mp3" in vfs
ERROR WPSoundParser.cpp:178 audio file not found: sounds/Veela and Kooma - Retrospect (galamp3.com).mp3
INFO audio Switch: loading 'sounds/Звуки природы - Шум дождя (www.hotplayer.ru).mp3' (channels=2, sampleRate=48000)
INFO not found "/assets/sounds/Звуки природы - Шум дождя (www.hotplayer.ru).mp3" in vfs
ERROR WPSoundParser.cpp:178 audio file not found: sounds/Звуки природы - Шум дождя (www.hotplayer.ru).mp3
INFO audio Switch: loading 'sounds/Kooma & Veela - Oasis (256  kbps).mp3' (channels=2, sampleRate=48000)
INFO not found "/assets/sounds/Kooma & Veela - Oasis (256  kbps).mp3" in vfs
ERROR WPSoundParser.cpp:178 audio file not found: sounds/Kooma & Veela - Oasis (256  kbps).mp3
INFO audio Switch: loading 'sounds/Звуки природы - Шум дождя (www.hotplayer.ru).mp3' (channels=2, sampleRate=48000)
INFO not found "/assets/sounds/Звуки природы - Шум дождя (www.hotplayer.ru).mp3" in vfs
ERROR WPSoundParser.cpp:178 audio file not found: sounds/Звуки природы - Шум дождя (www.hotplayer.ru).mp3
INFO audio Switch: loading 'sounds/aether-scotland-veela-valentine.mp3' (channels=2, sampleRate=48000)
INFO not found "/assets/sounds/aether-scotland-veela-valentine.mp3" in vfs
ERROR WPSoundParser.cpp:178 audio file not found: sounds/aether-scotland-veela-valentine.mp3
INFO audio Switch: loading 'sounds/Звуки природы - Шум дождя (www.hotplayer.ru).mp3' (channels=2, sampleRate=48000)
INFO not found "/assets/sounds/Звуки природы - Шум дождя (www.hotplayer.ru).mp3" in vfs
ERROR WPSoundParser.cpp:178 audio file not found: sounds/Звуки природы - Шум дождя (www.hotplayer.ru).mp3
INFO audio Switch: loading 'sounds/Veela and Irosa Rosali - Going Home (galamp3.com).mp3' (channels=2, sampleRate=48000)
INFO not found "/assets/sounds/Veela and Irosa Rosali - Going Home (galamp3.com).mp3" in vfs
ERROR WPSoundParser.cpp:178 audio file not found: sounds/Veela and Irosa Rosali - Going Home (galamp3.com).mp3
INFO audio Switch: loading 'sounds/Звуки природы - Шум дождя (www.hotplayer.ru).mp3' (channels=2, sampleRate=48000)
INFO not found "/assets/sounds/Звуки природы - Шум дождя (www.hotplayer.ru).mp3" in vfs
ERROR WPSoundParser.cpp:178 audio file not found: sounds/Звуки природы - Шум дождя (www.hotplayer.ru).mp3
INFO audio Switch: loading 'sounds/Veela and Irosa Rosali, Elsie - Closed (galamp3.com).mp3' (channels=2, sampleRate=48000)
INFO not found "/assets/sounds/Veela and Irosa Rosali, Elsie - Closed (galamp3.com).mp3" in vfs
ERROR WPSoundParser.cpp:178 audio file not found: sounds/Veela and Irosa Rosali, Elsie - Closed (galamp3.com).mp3
INFO audio Switch: loading 'sounds/Звуки природы - Шум дождя (www.hotplayer.ru).mp3' (channels=2, sampleRate=48000)
INFO not found "/assets/sounds/Звуки природы - Шум дождя (www.hotplayer.ru).mp3" in vfs
ERROR WPSoundParser.cpp:178 audio file not found: sounds/Звуки природы - Шум дождя (www.hotplayer.ru).mp3
INFO audio Switch: loading 'sounds/Veela and Kooma - Pointless (galamp3.com).mp3' (channels=2, sampleRate=48000)
INFO not found "/assets/sounds/Veela and Kooma - Pointless (galamp3.com).mp3" in vfs
ERROR WPSoundParser.cpp:178 audio file not found: sounds/Veela and Kooma - Pointless (galamp3.com).mp3
INFO audio Switch: loading 'sounds/Звуки природы - Шум дождя (www.hotplayer.ru).mp3' (channels=2, sampleRate=48000)
INFO not found "/assets/sounds/Звуки природы - Шум дождя (www.hotplayer.ru).mp3" in vfs
ERROR WPSoundParser.cpp:178 audio file not found: sounds/Звуки природы - Шум дождя (www.hotplayer.ru).mp3
INFO audio Switch: loading 'sounds/Veela and Kooma - Retrospect (galamp3.com).mp3' (channels=2, sampleRate=48000)
INFO not found "/assets/sounds/Veela and Kooma - Retrospect (galamp3.com).mp3" in vfs
ERROR WPSoundParser.cpp:178 audio file not found: sounds/Veela and Kooma - Retrospect (galamp3.com).mp3
INFO audio Switch: loading 'sounds/Звуки природы - Шум дождя (www.hotplayer.ru).mp3' (channels=2, sampleRate=48000)
INFO not found "/assets/sounds/Звуки природы - Шум дождя (www.hotplayer.ru).mp3" in vfs
ERROR WPSoundParser.cpp:178 audio file not found: sounds/Звуки природы - Шум дождя (www.hotplayer.ru).mp3
INFO audio Switch: loading 'sounds/Kooma & Veela - Oasis (256  kbps).mp3' (channels=2, sampleRate=48000)
INFO not found "/assets/sounds/Kooma & Veela - Oasis (256  kbps).mp3" in vfs
ERROR WPSoundParser.cpp:178 audio file not found: sounds/Kooma & Veela - Oasis (256  kbps).mp3
INFO audio Switch: loading 'sounds/Звуки природы - Шум дождя (www.hotplayer.ru).mp3' (channels=2, sampleRate=48000)
INFO not found "/assets/sounds/Звуки природы - Шум дождя (www.hotplayer.ru).mp3" in vfs
ERROR WPSoundParser.cpp:178 audio file not found: sounds/Звуки природы - Шум дождя (www.hotplayer.ru).mp3
INFO audio Switch: loading 'sounds/aether-scotland-veela-valentine.mp3' (channels=2, sampleRate=48000)
INFO not found "/assets/sounds/aether-scotland-veela-valentine.mp3" in vfs
ERROR WPSoundParser.cpp:178 audio file not found: sounds/aether-scotland-veela-valentine.mp3
INFO audio Switch: loading 'sounds/Звуки природы - Шум дождя (www.hotplayer.ru).mp3' (channels=2, sampleRate=48000)
INFO not found "/assets/sounds/Звуки природы - Шум дождя (www.hotplayer.ru).mp3" in vfs
ERROR WPSoundParser.cpp:178 audio file not found: sounds/Звуки природы - Шум дождя (www.hotplayer.ru).mp3
INFO audio Switch: loading 'sounds/Veela and Irosa Rosali - Going Home (galamp3.com).mp3' (channels=2, sampleRate=48000)
INFO not found "/assets/sounds/Veela and Irosa Rosali - Going Home (galamp3.com).mp3" in vfs
ERROR WPSoundParser.cpp:178 audio file not found: sounds/Veela and Irosa Rosali - Going Home (galamp3.com).mp3
INFO audio Switch: loading 'sounds/Звуки природы - Шум дождя (www.hotplayer.ru).mp3' (channels=2, sampleRate=48000)
INFO not found "/assets/sounds/Звуки природы - Шум дождя (www.hotplayer.ru).mp3" in vfs
ERROR WPSoundParser.cpp:178 audio file not found: sounds/Звуки природы - Шум дождя (www.hotplayer.ru).mp3
INFO audio Switch: loading 'sounds/Veela and Irosa Rosali, Elsie - Closed (galamp3.com).mp3' (channels=2, sampleRate=48000)
INFO not found "/assets/sounds/Veela and Irosa Rosali, Elsie - Closed (galamp3.com).mp3" in vfs
ERROR WPSoundParser.cpp:178 audio file not found: sounds/Veela and Irosa Rosali, Elsie - Closed (galamp3.com).mp3
INFO audio Switch: loading 'sounds/Звуки природы - Шум дождя (www.hotplayer.ru).mp3' (channels=2, sampleRate=48000)
INFO not found "/assets/sounds/Звуки природы - Шум дождя (www.hotplayer.ru).mp3" in vfs
ERROR WPSoundParser.cpp:178 audio file not found: sounds/Звуки природы - Шум дождя (www.hotplayer.ru).mp3
INFO audio Switch: loading 'sounds/Veela and Kooma - Pointless (galamp3.com).mp3' (channels=2, sampleRate=48000)
INFO not found "/assets/sounds/Veela and Kooma - Pointless (galamp3.com).mp3" in vfs
ERROR WPSoundParser.cpp:178 audio file not found: sounds/Veela and Kooma - Pointless (galamp3.com).mp3
INFO audio Switch: loading 'sounds/Звуки природы - Шум дождя (www.hotplayer.ru).mp3' (channels=2, sampleRate=48000)
INFO not found "/assets/sounds/Звуки природы - Шум дождя (www.hotplayer.ru).mp3" in vfs
ERROR WPSoundParser.cpp:178 audio file not found: sounds/Звуки природы - Шум дождя (www.hotplayer.ru).mp3
INFO audio Switch: loading 'sounds/Veela and Kooma - Retrospect (galamp3.com).mp3' (channels=2, sampleRate=48000)
INFO not found "/assets/sounds/Veela and Kooma - Retrospect (galamp3.com).mp3" in vfs
ERROR WPSoundParser.cpp:178 audio file not found: sounds/Veela and Kooma - Retrospect (galamp3.com).mp3
INFO audio Switch: loading 'sounds/Звуки природы - Шум дождя (www.hotplayer.ru).mp3' (channels=2, sampleRate=48000)
INFO not found "/assets/sounds/Звуки природы - Шум дождя (www.hotplayer.ru).mp3" in vfs
ERROR WPSoundParser.cpp:178 audio file not found: sounds/Звуки природы - Шум дождя (www.hotplayer.ru).mp3
INFO audio Switch: loading 'sounds/Kooma & Veela - Oasis (256  kbps).mp3' (channels=2, sampleRate=48000)
INFO not found "/assets/sounds/Kooma & Veela - Oasis (256  kbps).mp3" in vfs
ERROR WPSoundParser.cpp:178 audio file not found: sounds/Kooma & Veela - Oasis (256  kbps).mp3
INFO audio Switch: loading 'sounds/Звуки природы - Шум дождя (www.hotplayer.ru).mp3' (channels=2, sampleRate=48000)
INFO not found "/assets/sounds/Звуки природы - Шум дождя (www.hotplayer.ru).mp3" in vfs
ERROR WPSoundParser.cpp:178 audio file not found: sounds/Звуки природы - Шум дождя (www.hotplayer.ru).mp3
INFO audio Switch: loading 'sounds/aether-scotland-veela-valentine.mp3' (channels=2, sampleRate=48000)
INFO not found "/assets/sounds/aether-scotland-veela-valentine.mp3" in vfs
ERROR WPSoundParser.cpp:178 audio file not found: sounds/aether-scotland-veela-valentine.mp3
INFO audio Switch: loading 'sounds/Звуки природы - Шум дождя (www.hotplayer.ru).mp3' (channels=2, sampleRate=48000)
INFO not found "/assets/sounds/Звуки природы - Шум дождя (www.hotplayer.ru).mp3" in vfs
ERROR WPSoundParser.cpp:178 audio file not found: sounds/Звуки природы - Шум дождя (www.hotplayer.ru).mp3
INFO audio Switch: loading 'sounds/Veela and Irosa Rosali - Going Home (galamp3.com).mp3' (channels=2, sampleRate=48000)
INFO not found "/assets/sounds/Veela and Irosa Rosali - Going Home (galamp3.com).mp3" in vfs
ERROR WPSoundParser.cpp:178 audio file not found: sounds/Veela and Irosa Rosali - Going Home (galamp3.com).mp3
INFO audio Switch: loading 'sounds/Звуки природы - Шум дождя (www.hotplayer.ru).mp3' (channels=2, sampleRate=48000)
INFO not found "/assets/sounds/Звуки природы - Шум дождя (www.hotplayer.ru).mp3" in vfs
ERROR WPSoundParser.cpp:178 audio file not found: sounds/Звуки природы - Шум дождя (www.hotplayer.ru).mp3
INFO audio Switch: loading 'sounds/Veela and Irosa Rosali, Elsie - Closed (galamp3.com).mp3' (channels=2, sampleRate=48000)
INFO not found "/assets/sounds/Veela and Irosa Rosali, Elsie - Closed (galamp3.com).mp3" in vfs
ERROR WPSoundParser.cpp:178 audio file not found: sounds/Veela and Irosa Rosali, Elsie - Closed (galamp3.com).mp3
INFO audio Switch: loading 'sounds/Звуки природы - Шум дождя (www.hotplayer.ru).mp3' (channels=2, sampleRate=48000)
INFO not found "/assets/sounds/Звуки природы - Шум дождя (www.hotplayer.ru).mp3" in vfs
ERROR WPSoundParser.cpp:178 audio file not found: sounds/Звуки природы - Шум дождя (www.hotplayer.ru).mp3
INFO audio Switch: loading 'sounds/Veela and Kooma - Pointless (galamp3.com).mp3' (channels=2, sampleRate=48000)
INFO not found "/assets/sounds/Veela and Kooma - Pointless (galamp3.com).mp3" in vfs
ERROR WPSoundParser.cpp:178 audio file not found: sounds/Veela and Kooma - Pointless (galamp3.com).mp3
INFO audio Switch: loading 'sounds/Звуки природы - Шум дождя (www.hotplayer.ru).mp3' (channels=2, sampleRate=48000)
INFO not found "/assets/sounds/Звуки природы - Шум дождя (www.hotplayer.ru).mp3" in vfs
ERROR WPSoundParser.cpp:178 audio file not found: sounds/Звуки природы - Шум дождя (www.hotplayer.ru).mp3
INFO audio Switch: loading 'sounds/Veela and Kooma - Retrospect (galamp3.com).mp3' (channels=2, sampleRate=48000)
INFO not found "/assets/sounds/Veela and Kooma - Retrospect (galamp3.com).mp3" in vfs
ERROR WPSoundParser.cpp:178 audio file not found: sounds/Veela and Kooma - Retrospect (galamp3.com).mp3
INFO audio Switch: loading 'sounds/Звуки природы - Шум дождя (www.hotplayer.ru).mp3' (channels=2, sampleRate=48000)
INFO not found "/assets/sounds/Звуки природы - Шум дождя (www.hotplayer.ru).mp3" in vfs
ERROR WPSoundParser.cpp:178 audio file not found: sounds/Звуки природы - Шум дождя (www.hotplayer.ru).mp3
INFO audio Switch: loading 'sounds/Kooma & Veela - Oasis (256  kbps).mp3' (channels=2, sampleRate=48000)
INFO not found "/assets/sounds/Kooma & Veela - Oasis (256  kbps).mp3" in vfs
ERROR WPSoundParser.cpp:178 audio file not found: sounds/Kooma & Veela - Oasis (256  kbps).mp3
INFO audio Switch: loading 'sounds/Звуки природы - Шум дождя (www.hotplayer.ru).mp3' (channels=2, sampleRate=48000)
INFO not found "/assets/sounds/Звуки природы - Шум дождя (www.hotplayer.ru).mp3" in vfs
ERROR WPSoundParser.cpp:178 audio file not found: sounds/Звуки природы - Шум дождя (www.hotplayer.ru).mp3
INFO audio Switch: loading 'sounds/aether-scotland-veela-valentine.mp3' (channels=2, sampleRate=48000)
INFO not found "/assets/sounds/aether-scotland-veela-valentine.mp3" in vfs
ERROR WPSoundParser.cpp:178 audio file not found: sounds/aether-scotland-veela-valentine.mp3
INFO audio Switch: loading 'sounds/Звуки природы - Шум дождя (www.hotplayer.ru).mp3' (channels=2, sampleRate=48000)
INFO not found "/assets/sounds/Звуки природы - Шум дождя (www.hotplayer.ru).mp3" in vfs
ERROR WPSoundParser.cpp:178 audio file not found: sounds/Звуки природы - Шум дождя (www.hotplayer.ru).mp3
INFO audio Switch: loading 'sounds/Veela and Irosa Rosali - Going Home (galamp3.com).mp3' (channels=2, sampleRate=48000)
INFO not found "/assets/sounds/Veela and Irosa Rosali - Going Home (galamp3.com).mp3" in vfs
ERROR WPSoundParser.cpp:178 audio file not found: sounds/Veela and Irosa Rosali - Going Home (galamp3.com).mp3
INFO audio Switch: loading 'sounds/Звуки природы - Шум дождя (www.hotplayer.ru).mp3' (channels=2, sampleRate=48000)
INFO not found "/assets/sounds/Звуки природы - Шум дождя (www.hotplayer.ru).mp3" in vfs
ERROR WPSoundParser.cpp:178 audio file not found: sounds/Звуки природы - Шум дождя (www.hotplayer.ru).mp3
INFO audio Switch: loading 'sounds/Veela and Irosa Rosali, Elsie - Closed (galamp3.com).mp3' (channels=2, sampleRate=48000)
INFO not found "/assets/sounds/Veela and Irosa Rosali, Elsie - Closed (galamp3.com).mp3" in vfs
ERROR WPSoundParser.cpp:178 audio file not found: sounds/Veela and Irosa Rosali, Elsie - Closed (galamp3.com).mp3
INFO audio Switch: loading 'sounds/Звуки природы - Шум дождя (www.hotplayer.ru).mp3' (channels=2, sampleRate=48000)
INFO not found "/assets/sounds/Звуки природы - Шум дождя (www.hotplayer.ru).mp3" in vfs
ERROR WPSoundParser.cpp:178 audio file not found: sounds/Звуки природы - Шум дождя (www.hotplayer.ru).mp3
INFO audio Switch: loading 'sounds/Veela and Kooma - Pointless (galamp3.com).mp3' (channels=2, sampleRate=48000)
INFO not found "/assets/sounds/Veela and Kooma - Pointless (galamp3.com).mp3" in vfs
ERROR WPSoundParser.cpp:178 audio file not found: sounds/Veela and Kooma - Pointless (galamp3.com).mp3
INFO audio Switch: loading 'sounds/Звуки природы - Шум дождя (www.hotplayer.ru).mp3' (channels=2, sampleRate=48000)
INFO not found "/assets/sounds/Звуки природы - Шум дождя (www.hotplayer.ru).mp3" in vfs
ERROR WPSoundParser.cpp:178 audio file not found: sounds/Звуки природы - Шум дождя (www.hotplayer.ru).mp3
INFO audio Switch: loading 'sounds/Veela and Kooma - Retrospect (galamp3.com).mp3' (channels=2, sampleRate=48000)
INFO not found "/assets/sounds/Veela and Kooma - Retrospect (galamp3.com).mp3" in vfs
ERROR WPSoundParser.cpp:178 audio file not found: sounds/Veela and Kooma - Retrospect (galamp3.com).mp3
INFO audio Switch: loading 'sounds/Звуки природы - Шум дождя (www.hotplayer.ru).mp3' (channels=2, sampleRate=48000)
INFO not found "/assets/sounds/Звуки природы - Шум дождя (www.hotplayer.ru).mp3" in vfs
ERROR WPSoundParser.cpp:178 audio file not found: sounds/Звуки природы - Шум дождя (www.hotplayer.ru).mp3
INFO audio Switch: loading 'sounds/Kooma & Veela - Oasis (256  kbps).mp3' (channels=2, sampleRate=48000)
INFO not found "/assets/sounds/Kooma & Veela - Oasis (256  kbps).mp3" in vfs
ERROR WPSoundParser.cpp:178 audio file not found: sounds/Kooma & Veela - Oasis (256  kbps).mp3
INFO audio Switch: loading 'sounds/Звуки природы - Шум дождя (www.hotplayer.ru).mp3' (channels=2, sampleRate=48000)
INFO not found "/assets/sounds/Звуки природы - Шум дождя (www.hotplayer.ru).mp3" in vfs
ERROR WPSoundParser.cpp:178 audio file not found: sounds/Звуки природы - Шум дождя (www.hotplayer.ru).mp3
INFO audio Switch: loading 'sounds/aether-scotland-veela-valentine.mp3' (channels=2, sampleRate=48000)
INFO not found "/assets/sounds/aether-scotland-veela-valentine.mp3" in vfs
ERROR WPSoundParser.cpp:178 audio file not found: sounds/aether-scotland-veela-valentine.mp3
INFO audio Switch: loading 'sounds/Звуки природы - Шум дождя (www.hotplayer.ru).mp3' (channels=2, sampleRate=48000)
INFO not found "/assets/sounds/Звуки природы - Шум дождя (www.hotplayer.ru).mp3" in vfs
ERROR WPSoundParser.cpp:178 audio file not found: sounds/Звуки природы - Шум дождя (www.hotplayer.ru).mp3
INFO audio Switch: loading 'sounds/Veela and Irosa Rosali - Going Home (galamp3.com).mp3' (channels=2, sampleRate=48000)
INFO not found "/assets/sounds/Veela and Irosa Rosali - Going Home (galamp3.com).mp3" in vfs
ERROR WPSoundParser.cpp:178 audio file not found: sounds/Veela and Irosa Rosali - Going Home (galamp3.com).mp3
INFO audio Switch: loading 'sounds/Звуки природы - Шум дождя (www.hotplayer.ru).mp3' (channels=2, sampleRate=48000)
INFO not found "/assets/sounds/Звуки природы - Шум дождя (www.hotplayer.ru).mp3" in vfs
ERROR WPSoundParser.cpp:178 audio file not found: sounds/Звуки природы - Шум дождя (www.hotplayer.ru).mp3
INFO audio Switch: loading 'sounds/Veela and Irosa Rosali, Elsie - Closed (galamp3.com).mp3' (channels=2, sampleRate=48000)
INFO not found "/assets/sounds/Veela and Irosa Rosali, Elsie - Closed (galamp3.com).mp3" in vfs
ERROR WPSoundParser.cpp:178 audio file not found: sounds/Veela and Irosa Rosali, Elsie - Closed (galamp3.com).mp3
INFO audio Switch: loading 'sounds/Звуки природы - Шум дождя (www.hotplayer.ru).mp3' (channels=2, sampleRate=48000)
INFO not found "/assets/sounds/Звуки природы - Шум дождя (www.hotplayer.ru).mp3" in vfs
ERROR WPSoundParser.cpp:178 audio file not found: sounds/Звуки природы - Шум дождя (www.hotplayer.ru).mp3
INFO audio Switch: loading 'sounds/Veela and Kooma - Pointless (galamp3.com).mp3' (channels=2, sampleRate=48000)
INFO not found "/assets/sounds/Veela and Kooma - Pointless (galamp3.com).mp3" in vfs
ERROR WPSoundParser.cpp:178 audio file not found: sounds/Veela and Kooma - Pointless (galamp3.com).mp3
INFO audio Switch: loading 'sounds/Звуки природы - Шум дождя (www.hotplayer.ru).mp3' (channels=2, sampleRate=48000)
INFO not found "/assets/sounds/Звуки природы - Шум дождя (www.hotplayer.ru).mp3" in vfs
ERROR WPSoundParser.cpp:178 audio file not found: sounds/Звуки природы - Шум дождя (www.hotplayer.ru).mp3
INFO audio Switch: loading 'sounds/Veela and Kooma - Retrospect (galamp3.com).mp3' (channels=2, sampleRate=48000)
INFO not found "/assets/sounds/Veela and Kooma - Retrospect (galamp3.com).mp3" in vfs
ERROR WPSoundParser.cpp:178 audio file not found: sounds/Veela and Kooma - Retrospect (galamp3.com).mp3
INFO audio Switch: loading 'sounds/Звуки природы - Шум дождя (www.hotplayer.ru).mp3' (channels=2, sampleRate=48000)
INFO not found "/assets/sounds/Звуки природы - Шум дождя (www.hotplayer.ru).mp3" in vfs
ERROR WPSoundParser.cpp:178 audio file not found: sounds/Звуки природы - Шум дождя (www.hotplayer.ru).mp3
INFO audio Switch: loading 'sounds/Kooma & Veela - Oasis (256  kbps).mp3' (channels=2, sampleRate=48000)
INFO not found "/assets/sounds/Kooma & Veela - Oasis (256  kbps).mp3" in vfs
ERROR WPSoundParser.cpp:178 audio file not found: sounds/Kooma & Veela - Oasis (256  kbps).mp3
INFO audio Switch: loading 'sounds/Звуки природы - Шум дождя (www.hotplayer.ru).mp3' (channels=2, sampleRate=48000)
INFO not found "/assets/sounds/Звуки природы - Шум дождя (www.hotplayer.ru).mp3" in vfs
ERROR WPSoundParser.cpp:178 audio file not found: sounds/Звуки природы - Шум дождя (www.hotplayer.ru).mp3
INFO audio Switch: loading 'sounds/aether-scotland-veela-valentine.mp3' (channels=2, sampleRate=48000)
INFO not found "/assets/sounds/aether-scotland-veela-valentine.mp3" in vfs
ERROR WPSoundParser.cpp:178 audio file not found: sounds/aether-scotland-veela-valentine.mp3
INFO audio Switch: loading 'sounds/Звуки природы - Шум дождя (www.hotplayer.ru).mp3' (channels=2, sampleRate=48000)
INFO not found "/assets/sounds/Звуки природы - Шум дождя (www.hotplayer.ru).mp3" in vfs
ERROR WPSoundParser.cpp:178 audio file not found: sounds/Звуки природы - Шум дождя (www.hotplayer.ru).mp3
INFO audio Switch: loading 'sounds/Veela and Irosa Rosali - Going Home (galamp3.com).mp3' (channels=2, sampleRate=48000)
INFO not found "/assets/sounds/Veela and Irosa Rosali - Going Home (galamp3.com).mp3" in vfs
ERROR WPSoundParser.cpp:178 audio file not found: sounds/Veela and Irosa Rosali - Going Home (galamp3.com).mp3
INFO audio Switch: loading 'sounds/Звуки природы - Шум дождя (www.hotplayer.ru).mp3' (channels=2, sampleRate=48000)
INFO not found "/assets/sounds/Звуки природы - Шум дождя (www.hotplayer.ru).mp3" in vfs
ERROR WPSoundParser.cpp:178 audio file not found: sounds/Звуки природы - Шум дождя (www.hotplayer.ru).mp3
INFO audio Switch: loading 'sounds/Veela and Irosa Rosali, Elsie - Closed (galamp3.com).mp3' (channels=2, sampleRate=48000)
INFO not found "/assets/sounds/Veela and Irosa Rosali, Elsie - Closed (galamp3.com).mp3" in vfs
ERROR WPSoundParser.cpp:178 audio file not found: sounds/Veela and Irosa Rosali, Elsie - Closed (galamp3.com).mp3
INFO audio Switch: loading 'sounds/Звуки природы - Шум дождя (www.hotplayer.ru).mp3' (channels=2, sampleRate=48000)
INFO not found "/assets/sounds/Звуки природы - Шум дождя (www.hotplayer.ru).mp3" in vfs
ERROR WPSoundParser.cpp:178 audio file not found: sounds/Звуки природы - Шум дождя (www.hotplayer.ru).mp3
INFO audio Switch: loading 'sounds/Veela and Kooma - Pointless (galamp3.com).mp3' (channels=2, sampleRate=48000)
INFO not found "/assets/sounds/Veela and Kooma - Pointless (galamp3.com).mp3" in vfs
ERROR WPSoundParser.cpp:178 audio file not found: sounds/Veela and Kooma - Pointless (galamp3.com).mp3
INFO audio Switch: loading 'sounds/Звуки природы - Шум дождя (www.hotplayer.ru).mp3' (channels=2, sampleRate=48000)
INFO not found "/assets/sounds/Звуки природы - Шум дождя (www.hotplayer.ru).mp3" in vfs
ERROR WPSoundParser.cpp:178 audio file not found: sounds/Звуки природы - Шум дождя (www.hotplayer.ru).mp3
INFO audio Switch: loading 'sounds/Veela and Kooma - Retrospect (galamp3.com).mp3' (channels=2, sampleRate=48000)
INFO not found "/assets/sounds/Veela and Kooma - Retrospect (galamp3.com).mp3" in vfs
ERROR WPSoundParser.cpp:178 audio file not found: sounds/Veela and Kooma - Retrospect (galamp3.com).mp3
INFO audio Switch: loading 'sounds/Звуки природы - Шум дождя (www.hotplayer.ru).mp3' (channels=2, sampleRate=48000)
INFO not found "/assets/sounds/Звуки природы - Шум дождя (www.hotplayer.ru).mp3" in vfs
ERROR WPSoundParser.cpp:178 audio file not found: sounds/Звуки природы - Шум дождя (www.hotplayer.ru).mp3
INFO audio Switch: loading 'sounds/Kooma & Veela - Oasis (256  kbps).mp3' (channels=2, sampleRate=48000)
INFO not found "/assets/sounds/Kooma & Veela - Oasis (256  kbps).mp3" in vfs
ERROR WPSoundParser.cpp:178 audio file not found: sounds/Kooma & Veela - Oasis (256  kbps).mp3
INFO audio Switch: loading 'sounds/Звуки природы - Шум дождя (www.hotplayer.ru).mp3' (channels=2, sampleRate=48000)
INFO not found "/assets/sounds/Звуки природы - Шум дождя (www.hotplayer.ru).mp3" in vfs
ERROR WPSoundParser.cpp:178 audio file not found: sounds/Звуки природы - Шум дождя (www.hotplayer.ru).mp3
INFO audio Switch: loading 'sounds/aether-scotland-veela-valentine.mp3' (channels=2, sampleRate=48000)
INFO not found "/assets/sounds/aether-scotland-veela-valentine.mp3" in vfs
ERROR WPSoundParser.cpp:178 audio file not found: sounds/aether-scotland-veela-valentine.mp3
INFO audio Switch: loading 'sounds/Звуки природы - Шум дождя (www.hotplayer.ru).mp3' (channels=2, sampleRate=48000)
INFO not found "/assets/sounds/Звуки природы - Шум дождя (www.hotplayer.ru).mp3" in vfs
ERROR WPSoundParser.cpp:178 audio file not found: sounds/Звуки природы - Шум дождя (www.hotplayer.ru).mp3
INFO audio Switch: loading 'sounds/Veela and Irosa Rosali - Going Home (galamp3.com).mp3' (channels=2, sampleRate=48000)
INFO not found "/assets/sounds/Veela and Irosa Rosali - Going Home (galamp3.com).mp3" in vfs
ERROR WPSoundParser.cpp:178 audio file not found: sounds/Veela and Irosa Rosali - Going Home (galamp3.com).mp3
INFO audio Switch: loading 'sounds/Звуки природы - Шум дождя (www.hotplayer.ru).mp3' (channels=2, sampleRate=48000)
INFO not found "/assets/sounds/Звуки природы - Шум дождя (www.hotplayer.ru).mp3" in vfs
ERROR WPSoundParser.cpp:178 audio file not found: sounds/Звуки природы - Шум дождя (www.hotplayer.ru).mp3
INFO audio Switch: loading 'sounds/Veela and Irosa Rosali, Elsie - Closed (galamp3.com).mp3' (channels=2, sampleRate=48000)
INFO not found "/assets/sounds/Veela and Irosa Rosali, Elsie - Closed (galamp3.com).mp3" in vfs
ERROR WPSoundParser.cpp:178 audio file not found: sounds/Veela and Irosa Rosali, Elsie - Closed (galamp3.com).mp3
INFO audio Switch: loading 'sounds/Звуки природы - Шум дождя (www.hotplayer.ru).mp3' (channels=2, sampleRate=48000)
INFO not found "/assets/sounds/Звуки природы - Шум дождя (www.hotplayer.ru).mp3" in vfs
ERROR WPSoundParser.cpp:178 audio file not found: sounds/Звуки природы - Шум дождя (www.hotplayer.ru).mp3
INFO audio Switch: loading 'sounds/Veela and Kooma - Pointless (galamp3.com).mp3' (channels=2, sampleRate=48000)
INFO not found "/assets/sounds/Veela and Kooma - Pointless (galamp3.com).mp3" in vfs
ERROR WPSoundParser.cpp:178 audio file not found: sounds/Veela and Kooma - Pointless (galamp3.com).mp3
INFO audio Switch: loading 'sounds/Звуки природы - Шум дождя (www.hotplayer.ru).mp3' (channels=2, sampleRate=48000)
INFO not found "/assets/sounds/Звуки природы - Шум дождя (www.hotplayer.ru).mp3" in vfs
ERROR WPSoundParser.cpp:178 audio file not found: sounds/Звуки природы - Шум дождя (www.hotplayer.ru).mp3
INFO audio Switch: loading 'sounds/Veela and Kooma - Retrospect (galamp3.com).mp3' (channels=2, sampleRate=48000)
INFO not found "/assets/sounds/Veela and Kooma - Retrospect (galamp3.com).mp3" in vfs
ERROR WPSoundParser.cpp:178 audio file not found: sounds/Veela and Kooma - Retrospect (galamp3.com).mp3
INFO audio Switch: loading 'sounds/Звуки природы - Шум дождя (www.hotplayer.ru).mp3' (channels=2, sampleRate=48000)
INFO not found "/assets/sounds/Звуки природы - Шум дождя (www.hotplayer.ru).mp3" in vfs
ERROR WPSoundParser.cpp:178 audio file not found: sounds/Звуки природы - Шум дождя (www.hotplayer.ru).mp3
INFO audio Switch: loading 'sounds/Kooma & Veela - Oasis (256  kbps).mp3' (channels=2, sampleRate=48000)
INFO not found "/assets/sounds/Kooma & Veela - Oasis (256  kbps).mp3" in vfs
ERROR WPSoundParser.cpp:178 audio file not found: sounds/Kooma & Veela - Oasis (256  kbps).mp3
INFO audio Switch: loading 'sounds/Звуки природы - Шум дождя (www.hotplayer.ru).mp3' (channels=2, sampleRate=48000)
INFO not found "/assets/sounds/Звуки природы - Шум дождя (www.hotplayer.ru).mp3" in vfs
ERROR WPSoundParser.cpp:178 audio file not found: sounds/Звуки природы - Шум дождя (www.hotplayer.ru).mp3
INFO audio Switch: loading 'sounds/aether-scotland-veela-valentine.mp3' (channels=2, sampleRate=48000)
INFO not found "/assets/sounds/aether-scotland-veela-valentine.mp3" in vfs
ERROR WPSoundParser.cpp:178 audio file not found: sounds/aether-scotland-veela-valentine.mp3
INFO audio Switch: loading 'sounds/Звуки природы - Шум дождя (www.hotplayer.ru).mp3' (channels=2, sampleRate=48000)
INFO not found "/assets/sounds/Звуки природы - Шум дождя (www.hotplayer.ru).mp3" in vfs
ERROR WPSoundParser.cpp:178 audio file not found: sounds/Звуки природы - Шум дождя (www.hotplayer.ru).mp3
INFO audio Switch: loading 'sounds/Veela and Irosa Rosali - Going Home (galamp3.com).mp3' (channels=2, sampleRate=48000)
INFO not found "/assets/sounds/Veela and Irosa Rosali - Going Home (galamp3.com).mp3" in vfs
ERROR WPSoundParser.cpp:178 audio file not found: sounds/Veela and Irosa Rosali - Going Home (galamp3.com).mp3
INFO audio Switch: loading 'sounds/Звуки природы - Шум дождя (www.hotplayer.ru).mp3' (channels=2, sampleRate=48000)
INFO not found "/assets/sounds/Звуки природы - Шум дождя (www.hotplayer.ru).mp3" in vfs
ERROR WPSoundParser.cpp:178 audio file not found: sounds/Звуки природы - Шум дождя (www.hotplayer.ru).mp3
INFO audio Switch: loading 'sounds/Veela and Irosa Rosali, Elsie - Closed (galamp3.com).mp3' (channels=2, sampleRate=48000)
INFO not found "/assets/sounds/Veela and Irosa Rosali, Elsie - Closed (galamp3.com).mp3" in vfs
ERROR WPSoundParser.cpp:178 audio file not found: sounds/Veela and Irosa Rosali, Elsie - Closed (galamp3.com).mp3
INFO audio Switch: loading 'sounds/Звуки природы - Шум дождя (www.hotplayer.ru).mp3' (channels=2, sampleRate=48000)
INFO not found "/assets/sounds/Звуки природы - Шум дождя (www.hotplayer.ru).mp3" in vfs
ERROR WPSoundParser.cpp:178 audio file not found: sounds/Звуки природы - Шум дождя (www.hotplayer.ru).mp3
INFO audio Switch: loading 'sounds/Veela and Kooma - Pointless (galamp3.com).mp3' (channels=2, sampleRate=48000)
INFO not found "/assets/sounds/Veela and Kooma - Pointless (galamp3.com).mp3" in vfs
ERROR WPSoundParser.cpp:178 audio file not found: sounds/Veela and Kooma - Pointless (galamp3.com).mp3
INFO audio Switch: loading 'sounds/Звуки природы - Шум дождя (www.hotplayer.ru).mp3' (channels=2, sampleRate=48000)
INFO not found "/assets/sounds/Звуки природы - Шум дождя (www.hotplayer.ru).mp3" in vfs
ERROR WPSoundParser.cpp:178 audio file not found: sounds/Звуки природы - Шум дождя (www.hotplayer.ru).mp3
INFO audio Switch: loading 'sounds/Veela and Kooma - Retrospect (galamp3.com).mp3' (channels=2, sampleRate=48000)
INFO not found "/assets/sounds/Veela and Kooma - Retrospect (galamp3.com).mp3" in vfs
ERROR WPSoundParser.cpp:178 audio file not found: sounds/Veela and Kooma - Retrospect (galamp3.com).mp3
INFO audio Switch: loading 'sounds/Звуки природы - Шум дождя (www.hotplayer.ru).mp3' (channels=2, sampleRate=48000)
INFO not found "/assets/sounds/Звуки природы - Шум дождя (www.hotplayer.ru).mp3" in vfs
ERROR WPSoundParser.cpp:178 audio file not found: sounds/Звуки природы - Шум дождя (www.hotplayer.ru).mp3
INFO audio Switch: loading 'sounds/Kooma & Veela - Oasis (256  kbps).mp3' (channels=2, sampleRate=48000)
INFO not found "/assets/sounds/Kooma & Veela - Oasis (256  kbps).mp3" in vfs
ERROR WPSoundParser.cpp:178 audio file not found: sounds/Kooma & Veela - Oasis (256  kbps).mp3
INFO audio Switch: loading 'sounds/Звуки природы - Шум дождя (www.hotplayer.ru).mp3' (channels=2, sampleRate=48000)
INFO not found "/assets/sounds/Звуки природы - Шум дождя (www.hotplayer.ru).mp3" in vfs
ERROR WPSoundParser.cpp:178 audio file not found: sounds/Звуки природы - Шум дождя (www.hotplayer.ru).mp3
INFO audio Switch: loading 'sounds/aether-scotland-veela-valentine.mp3' (channels=2, sampleRate=48000)
INFO not found "/assets/sounds/aether-scotland-veela-valentine.mp3" in vfs
ERROR WPSoundParser.cpp:178 audio file not found: sounds/aether-scotland-veela-valentine.mp3
INFO audio Switch: loading 'sounds/Звуки природы - Шум дождя (www.hotplayer.ru).mp3' (channels=2, sampleRate=48000)
INFO not found "/assets/sounds/Звуки природы - Шум дождя (www.hotplayer.ru).mp3" in vfs
ERROR WPSoundParser.cpp:178 audio file not found: sounds/Звуки природы - Шум дождя (www.hotplayer.ru).mp3
INFO audio Switch: loading 'sounds/Veela and Irosa Rosali - Going Home (galamp3.com).mp3' (channels=2, sampleRate=48000)
INFO not found "/assets/sounds/Veela and Irosa Rosali - Going Home (galamp3.com).mp3" in vfs
ERROR WPSoundParser.cpp:178 audio file not found: sounds/Veela and Irosa Rosali - Going Home (galamp3.com).mp3
INFO audio Switch: loading 'sounds/Звуки природы - Шум дождя (www.hotplayer.ru).mp3' (channels=2, sampleRate=48000)
INFO not found "/assets/sounds/Звуки природы - Шум дождя (www.hotplayer.ru).mp3" in vfs
ERROR WPSoundParser.cpp:178 audio file not found: sounds/Звуки природы - Шум дождя (www.hotplayer.ru).mp3
INFO audio Switch: loading 'sounds/Veela and Irosa Rosali, Elsie - Closed (galamp3.com).mp3' (channels=2, sampleRate=48000)
INFO not found "/assets/sounds/Veela and Irosa Rosali, Elsie - Closed (galamp3.com).mp3" in vfs
ERROR WPSoundParser.cpp:178 audio file not found: sounds/Veela and Irosa Rosali, Elsie - Closed (galamp3.com).mp3
INFO audio Switch: loading 'sounds/Звуки природы - Шум дождя (www.hotplayer.ru).mp3' (channels=2, sampleRate=48000)
INFO not found "/assets/sounds/Звуки природы - Шум дождя (www.hotplayer.ru).mp3" in vfs
ERROR WPSoundParser.cpp:178 audio file not found: sounds/Звуки природы - Шум дождя (www.hotplayer.ru).mp3
INFO audio Switch: loading 'sounds/Veela and Kooma - Pointless (galamp3.com).mp3' (channels=2, sampleRate=48000)
INFO not found "/assets/sounds/Veela and Kooma - Pointless (galamp3.com).mp3" in vfs
ERROR WPSoundParser.cpp:178 audio file not found: sounds/Veela and Kooma - Pointless (galamp3.com).mp3
INFO audio Switch: loading 'sounds/Звуки природы - Шум дождя (www.hotplayer.ru).mp3' (channels=2, sampleRate=48000)
INFO not found "/assets/sounds/Звуки природы - Шум дождя (www.hotplayer.ru).mp3" in vfs
ERROR WPSoundParser.cpp:178 audio file not found: sounds/Звуки природы - Шум дождя (www.hotplayer.ru).mp3
INFO audio Switch: loading 'sounds/Veela and Kooma - Retrospect (galamp3.com).mp3' (channels=2, sampleRate=48000)
INFO not found "/assets/sounds/Veela and Kooma - Retrospect (galamp3.com).mp3" in vfs
ERROR WPSoundParser.cpp:178 audio file not found: sounds/Veela and Kooma - Retrospect (galamp3.com).mp3
INFO audio Switch: loading 'sounds/Звуки природы - Шум дождя (www.hotplayer.ru).mp3' (channels=2, sampleRate=48000)
INFO not found "/assets/sounds/Звуки природы - Шум дождя (www.hotplayer.ru).mp3" in vfs
ERROR WPSoundParser.cpp:178 audio file not found: sounds/Звуки природы - Шум дождя (www.hotplayer.ru).mp3
INFO audio Switch: loading 'sounds/Kooma & Veela - Oasis (256  kbps).mp3' (channels=2, sampleRate=48000)
INFO not found "/assets/sounds/Kooma & Veela - Oasis (256  kbps).mp3" in vfs
ERROR WPSoundParser.cpp:178 audio file not found: sounds/Kooma & Veela - Oasis (256  kbps).mp3
INFO audio Switch: loading 'sounds/Звуки природы - Шум дождя (www.hotplayer.ru).mp3' (channels=2, sampleRate=48000)
INFO not found "/assets/sounds/Звуки природы - Шум дождя (www.hotplayer.ru).mp3" in vfs
ERROR WPSoundParser.cpp:178 audio file not found: sounds/Звуки природы - Шум дождя (www.hotplayer.ru).mp3
INFO audio Switch: loading 'sounds/aether-scotland-veela-valentine.mp3' (channels=2, sampleRate=48000)
INFO not found "/assets/sounds/aether-scotland-veela-valentine.mp3" in vfs
ERROR WPSoundParser.cpp:178 audio file not found: sounds/aether-scotland-veela-valentine.mp3
INFO audio Switch: loading 'sounds/Звуки природы - Шум дождя (www.hotplayer.ru).mp3' (channels=2, sampleRate=48000)
INFO not found "/assets/sounds/Звуки природы - Шум дождя (www.hotplayer.ru).mp3" in vfs
ERROR WPSoundParser.cpp:178 audio file not found: sounds/Звуки природы - Шум дождя (www.hotplayer.ru).mp3
INFO audio Switch: loading 'sounds/Veela and Irosa Rosali - Going Home (galamp3.com).mp3' (channels=2, sampleRate=48000)
INFO not found "/assets/sounds/Veela and Irosa Rosali - Going Home (galamp3.com).mp3" in vfs
ERROR WPSoundParser.cpp:178 audio file not found: sounds/Veela and Irosa Rosali - Going Home (galamp3.com).mp3
INFO audio Switch: loading 'sounds/Звуки природы - Шум дождя (www.hotplayer.ru).mp3' (channels=2, sampleRate=48000)
INFO not found "/assets/sounds/Звуки природы - Шум дождя (www.hotplayer.ru).mp3" in vfs
ERROR WPSoundParser.cpp:178 audio file not found: sounds/Звуки природы - Шум дождя (www.hotplayer.ru).mp3
INFO audio Switch: loading 'sounds/Veela and Irosa Rosali, Elsie - Closed (galamp3.com).mp3' (channels=2, sampleRate=48000)
INFO not found "/assets/sounds/Veela and Irosa Rosali, Elsie - Closed (galamp3.com).mp3" in vfs
ERROR WPSoundParser.cpp:178 audio file not found: sounds/Veela and Irosa Rosali, Elsie - Closed (galamp3.com).mp3
INFO audio Switch: loading 'sounds/Звуки природы - Шум дождя (www.hotplayer.ru).mp3' (channels=2, sampleRate=48000)
INFO not found "/assets/sounds/Звуки природы - Шум дождя (www.hotplayer.ru).mp3" in vfs
ERROR WPSoundParser.cpp:178 audio file not found: sounds/Звуки природы - Шум дождя (www.hotplayer.ru).mp3
INFO audio Switch: loading 'sounds/Veela and Kooma - Pointless (galamp3.com).mp3' (channels=2, sampleRate=48000)
INFO not found "/assets/sounds/Veela and Kooma - Pointless (galamp3.com).mp3" in vfs
ERROR WPSoundParser.cpp:178 audio file not found: sounds/Veela and Kooma - Pointless (galamp3.com).mp3
INFO audio Switch: loading 'sounds/Звуки природы - Шум дождя (www.hotplayer.ru).mp3' (channels=2, sampleRate=48000)
INFO not found "/assets/sounds/Звуки природы - Шум дождя (www.hotplayer.ru).mp3" in vfs
ERROR WPSoundParser.cpp:178 audio file not found: sounds/Звуки природы - Шум дождя (www.hotplayer.ru).mp3
INFO audio Switch: loading 'sounds/Veela and Kooma - Retrospect (galamp3.com).mp3' (channels=2, sampleRate=48000)
INFO not found "/assets/sounds/Veela and Kooma - Retrospect (galamp3.com).mp3" in vfs
ERROR WPSoundParser.cpp:178 audio file not found: sounds/Veela and Kooma - Retrospect (galamp3.com).mp3
INFO audio Switch: loading 'sounds/Звуки природы - Шум дождя (www.hotplayer.ru).mp3' (channels=2, sampleRate=48000)
INFO not found "/assets/sounds/Звуки природы - Шум дождя (www.hotplayer.ru).mp3" in vfs
ERROR WPSoundParser.cpp:178 audio file not found: sounds/Звуки природы - Шум дождя (www.hotplayer.ru).mp3
INFO audio Switch: loading 'sounds/Kooma & Veela - Oasis (256  kbps).mp3' (channels=2, sampleRate=48000)
INFO not found "/assets/sounds/Kooma & Veela - Oasis (256  kbps).mp3" in vfs
ERROR WPSoundParser.cpp:178 audio file not found: sounds/Kooma & Veela - Oasis (256  kbps).mp3
INFO audio Switch: loading 'sounds/Звуки природы - Шум дождя (www.hotplayer.ru).mp3' (channels=2, sampleRate=48000)
INFO not found "/assets/sounds/Звуки природы - Шум дождя (www.hotplayer.ru).mp3" in vfs
ERROR WPSoundParser.cpp:178 audio file not found: sounds/Звуки природы - Шум дождя (www.hotplayer.ru).mp3
INFO audio Switch: loading 'sounds/aether-scotland-veela-valentine.mp3' (channels=2, sampleRate=48000)
INFO not found "/assets/sounds/aether-scotland-veela-valentine.mp3" in vfs
ERROR WPSoundParser.cpp:178 audio file not found: sounds/aether-scotland-veela-valentine.mp3
INFO audio Switch: loading 'sounds/Звуки природы - Шум дождя (www.hotplayer.ru).mp3' (channels=2, sampleRate=48000)
INFO not found "/assets/sounds/Звуки природы - Шум дождя (www.hotplayer.ru).mp3" in vfs
ERROR WPSoundParser.cpp:178 audio file not found: sounds/Звуки природы - Шум дождя (www.hotplayer.ru).mp3
INFO audio Switch: loading 'sounds/Veela and Irosa Rosali - Going Home (galamp3.com).mp3' (channels=2, sampleRate=48000)
INFO not found "/assets/sounds/Veela and Irosa Rosali - Going Home (galamp3.com).mp3" in vfs
ERROR WPSoundParser.cpp:178 audio file not found: sounds/Veela and Irosa Rosali - Going Home (galamp3.com).mp3
INFO audio Switch: loading 'sounds/Звуки природы - Шум дождя (www.hotplayer.ru).mp3' (channels=2, sampleRate=48000)
INFO not found "/assets/sounds/Звуки природы - Шум дождя (www.hotplayer.ru).mp3" in vfs
ERROR WPSoundParser.cpp:178 audio file not found: sounds/Звуки природы - Шум дождя (www.hotplayer.ru).mp3
INFO audio Switch: loading 'sounds/Veela and Irosa Rosali, Elsie - Closed (galamp3.com).mp3' (channels=2, sampleRate=48000)
INFO not found "/assets/sounds/Veela and Irosa Rosali, Elsie - Closed (galamp3.com).mp3" in vfs
ERROR WPSoundParser.cpp:178 audio file not found: sounds/Veela and Irosa Rosali, Elsie - Closed (galamp3.com).mp3
INFO audio Switch: loading 'sounds/Звуки природы - Шум дождя (www.hotplayer.ru).mp3' (channels=2, sampleRate=48000)
INFO not found "/assets/sounds/Звуки природы - Шум дождя (www.hotplayer.ru).mp3" in vfs
ERROR WPSoundParser.cpp:178 audio file not found: sounds/Звуки природы - Шум дождя (www.hotplayer.ru).mp3
INFO audio Switch: loading 'sounds/Veela and Kooma - Pointless (galamp3.com).mp3' (channels=2, sampleRate=48000)
INFO not found "/assets/sounds/Veela and Kooma - Pointless (galamp3.com).mp3" in vfs
ERROR WPSoundParser.cpp:178 audio file not found: sounds/Veela and Kooma - Pointless (galamp3.com).mp3
INFO audio Switch: loading 'sounds/Звуки природы - Шум дождя (www.hotplayer.ru).mp3' (channels=2, sampleRate=48000)
INFO not found "/assets/sounds/Звуки природы - Шум дождя (www.hotplayer.ru).mp3" in vfs
ERROR WPSoundParser.cpp:178 audio file not found: sounds/Звуки природы - Шум дождя (www.hotplayer.ru).mp3
INFO audio Switch: loading 'sounds/Veela and Kooma - Retrospect (galamp3.com).mp3' (channels=2, sampleRate=48000)
INFO not found "/assets/sounds/Veela and Kooma - Retrospect (galamp3.com).mp3" in vfs
ERROR WPSoundParser.cpp:178 audio file not found: sounds/Veela and Kooma - Retrospect (galamp3.com).mp3
INFO audio Switch: loading 'sounds/Звуки природы - Шум дождя (www.hotplayer.ru).mp3' (channels=2, sampleRate=48000)
INFO not found "/assets/sounds/Звуки природы - Шум дождя (www.hotplayer.ru).mp3" in vfs
ERROR WPSoundParser.cpp:178 audio file not found: sounds/Звуки природы - Шум дождя (www.hotplayer.ru).mp3
INFO audio Switch: loading 'sounds/Kooma & Veela - Oasis (256  kbps).mp3' (channels=2, sampleRate=48000)
INFO not found "/assets/sounds/Kooma & Veela - Oasis (256  kbps).mp3" in vfs
ERROR WPSoundParser.cpp:178 audio file not found: sounds/Kooma & Veela - Oasis (256  kbps).mp3
INFO audio Switch: loading 'sounds/Звуки природы - Шум дождя (www.hotplayer.ru).mp3' (channels=2, sampleRate=48000)
INFO not found "/assets/sounds/Звуки природы - Шум дождя (www.hotplayer.ru).mp3" in vfs
ERROR WPSoundParser.cpp:178 audio file not found: sounds/Звуки природы - Шум дождя (www.hotplayer.ru).mp3
INFO audio Switch: loading 'sounds/aether-scotland-veela-valentine.mp3' (channels=2, sampleRate=48000)
INFO not found "/assets/sounds/aether-scotland-veela-valentine.mp3" in vfs
ERROR WPSoundParser.cpp:178 audio file not found: sounds/aether-scotland-veela-valentine.mp3
INFO audio Switch: loading 'sounds/Звуки природы - Шум дождя (www.hotplayer.ru).mp3' (channels=2, sampleRate=48000)
INFO not found "/assets/sounds/Звуки природы - Шум дождя (www.hotplayer.ru).mp3" in vfs
ERROR WPSoundParser.cpp:178 audio file not found: sounds/Звуки природы - Шум дождя (www.hotplayer.ru).mp3
INFO audio Switch: loading 'sounds/Veela and Irosa Rosali - Going Home (galamp3.com).mp3' (channels=2, sampleRate=48000)
INFO not found "/assets/sounds/Veela and Irosa Rosali - Going Home (galamp3.com).mp3" in vfs
ERROR WPSoundParser.cpp:178 audio file not found: sounds/Veela and Irosa Rosali - Going Home (galamp3.com).mp3
INFO audio Switch: loading 'sounds/Звуки природы - Шум дождя (www.hotplayer.ru).mp3' (channels=2, sampleRate=48000)
INFO not found "/assets/sounds/Звуки природы - Шум дождя (www.hotplayer.ru).mp3" in vfs
ERROR WPSoundParser.cpp:178 audio file not found: sounds/Звуки природы - Шум дождя (www.hotplayer.ru).mp3
INFO audio Switch: loading 'sounds/Veela and Irosa Rosali, Elsie - Closed (galamp3.com).mp3' (channels=2, sampleRate=48000)
INFO not found "/assets/sounds/Veela and Irosa Rosali, Elsie - Closed (galamp3.com).mp3" in vfs
ERROR WPSoundParser.cpp:178 audio file not found: sounds/Veela and Irosa Rosali, Elsie - Closed (galamp3.com).mp3
INFO audio Switch: loading 'sounds/Звуки природы - Шум дождя (www.hotplayer.ru).mp3' (channels=2, sampleRate=48000)
INFO not found "/assets/sounds/Звуки природы - Шум дождя (www.hotplayer.ru).mp3" in vfs
ERROR WPSoundParser.cpp:178 audio file not found: sounds/Звуки природы - Шум дождя (www.hotplayer.ru).mp3
INFO audio Switch: loading 'sounds/Veela and Kooma - Pointless (galamp3.com).mp3' (channels=2, sampleRate=48000)
INFO not found "/assets/sounds/Veela and Kooma - Pointless (galamp3.com).mp3" in vfs
ERROR WPSoundParser.cpp:178 audio file not found: sounds/Veela and Kooma - Pointless (galamp3.com).mp3
INFO audio Switch: loading 'sounds/Звуки природы - Шум дождя (www.hotplayer.ru).mp3' (channels=2, sampleRate=48000)
INFO not found "/assets/sounds/Звуки природы - Шум дождя (www.hotplayer.ru).mp3" in vfs
ERROR WPSoundParser.cpp:178 audio file not found: sounds/Звуки природы - Шум дождя (www.hotplayer.ru).mp3
INFO audio Switch: loading 'sounds/Veela and Kooma - Retrospect (galamp3.com).mp3' (channels=2, sampleRate=48000)
INFO not found "/assets/sounds/Veela and Kooma - Retrospect (galamp3.com).mp3" in vfs
ERROR WPSoundParser.cpp:178 audio file not found: sounds/Veela and Kooma - Retrospect (galamp3.com).mp3
INFO audio Switch: loading 'sounds/Звуки природы - Шум дождя (www.hotplayer.ru).mp3' (channels=2, sampleRate=48000)
INFO not found "/assets/sounds/Звуки природы - Шум дождя (www.hotplayer.ru).mp3" in vfs
ERROR WPSoundParser.cpp:178 audio file not found: sounds/Звуки природы - Шум дождя (www.hotplayer.ru).mp3
INFO audio Switch: loading 'sounds/Kooma & Veela - Oasis (256  kbps).mp3' (channels=2, sampleRate=48000)
INFO not found "/assets/sounds/Kooma & Veela - Oasis (256  kbps).mp3" in vfs
ERROR WPSoundParser.cpp:178 audio file not found: sounds/Kooma & Veela - Oasis (256  kbps).mp3
INFO audio Switch: loading 'sounds/Звуки природы - Шум дождя (www.hotplayer.ru).mp3' (channels=2, sampleRate=48000)
INFO not found "/assets/sounds/Звуки природы - Шум дождя (www.hotplayer.ru).mp3" in vfs
ERROR WPSoundParser.cpp:178 audio file not found: sounds/Звуки природы - Шум дождя (www.hotplayer.ru).mp3
INFO audio Switch: loading 'sounds/aether-scotland-veela-valentine.mp3' (channels=2, sampleRate=48000)
INFO not found "/assets/sounds/aether-scotland-veela-valentine.mp3" in vfs
ERROR WPSoundParser.cpp:178 audio file not found: sounds/aether-scotland-veela-valentine.mp3
INFO audio Switch: loading 'sounds/Звуки природы - Шум дождя (www.hotplayer.ru).mp3' (channels=2, sampleRate=48000)
INFO not found "/assets/sounds/Звуки природы - Шум дождя (www.hotplayer.ru).mp3" in vfs
ERROR WPSoundParser.cpp:178 audio file not found: sounds/Звуки природы - Шум дождя (www.hotplayer.ru).mp3
INFO audio Switch: loading 'sounds/Veela and Irosa Rosali - Going Home (galamp3.com).mp3' (channels=2, sampleRate=48000)
INFO not found "/assets/sounds/Veela and Irosa Rosali - Going Home (galamp3.com).mp3" in vfs
ERROR WPSoundParser.cpp:178 audio file not found: sounds/Veela and Irosa Rosali - Going Home (galamp3.com).mp3
INFO audio Switch: loading 'sounds/Звуки природы - Шум дождя (www.hotplayer.ru).mp3' (channels=2, sampleRate=48000)
INFO not found "/assets/sounds/Звуки природы - Шум дождя (www.hotplayer.ru).mp3" in vfs
ERROR WPSoundParser.cpp:178 audio file not found: sounds/Звуки природы - Шум дождя (www.hotplayer.ru).mp3
INFO audio Switch: loading 'sounds/Veela and Irosa Rosali, Elsie - Closed (galamp3.com).mp3' (channels=2, sampleRate=48000)
INFO not found "/assets/sounds/Veela and Irosa Rosali, Elsie - Closed (galamp3.com).mp3" in vfs
ERROR WPSoundParser.cpp:178 audio file not found: sounds/Veela and Irosa Rosali, Elsie - Closed (galamp3.com).mp3
INFO audio Switch: loading 'sounds/Звуки природы - Шум дождя (www.hotplayer.ru).mp3' (channels=2, sampleRate=48000)
INFO not found "/assets/sounds/Звуки природы - Шум дождя (www.hotplayer.ru).mp3" in vfs
ERROR WPSoundParser.cpp:178 audio file not found: sounds/Звуки природы - Шум дождя (www.hotplayer.ru).mp3
INFO audio Switch: loading 'sounds/Veela and Kooma - Pointless (galamp3.com).mp3' (channels=2, sampleRate=48000)
INFO not found "/assets/sounds/Veela and Kooma - Pointless (galamp3.com).mp3" in vfs
ERROR WPSoundParser.cpp:178 audio file not found: sounds/Veela and Kooma - Pointless (galamp3.com).mp3
INFO audio Switch: loading 'sounds/Звуки природы - Шум дождя (www.hotplayer.ru).mp3' (channels=2, sampleRate=48000)
INFO not found "/assets/sounds/Звуки природы - Шум дождя (www.hotplayer.ru).mp3" in vfs
ERROR WPSoundParser.cpp:178 audio file not found: sounds/Звуки природы - Шум дождя (www.hotplayer.ru).mp3
INFO audio Switch: loading 'sounds/Veela and Kooma - Retrospect (galamp3.com).mp3' (channels=2, sampleRate=48000)
INFO not found "/assets/sounds/Veela and Kooma - Retrospect (galamp3.com).mp3" in vfs
ERROR WPSoundParser.cpp:178 audio file not found: sounds/Veela and Kooma - Retrospect (galamp3.com).mp3
INFO audio Switch: loading 'sounds/Звуки природы - Шум дождя (www.hotplayer.ru).mp3' (channels=2, sampleRate=48000)
INFO not found "/assets/sounds/Звуки природы - Шум дождя (www.hotplayer.ru).mp3" in vfs
ERROR WPSoundParser.cpp:178 audio file not found: sounds/Звуки природы - Шум дождя (www.hotplayer.ru).mp3
INFO audio Switch: loading 'sounds/Kooma & Veela - Oasis (256  kbps).mp3' (channels=2, sampleRate=48000)
INFO not found "/assets/sounds/Kooma & Veela - Oasis (256  kbps).mp3" in vfs
ERROR WPSoundParser.cpp:178 audio file not found: sounds/Kooma & Veela - Oasis (256  kbps).mp3
INFO audio Switch: loading 'sounds/Звуки природы - Шум дождя (www.hotplayer.ru).mp3' (channels=2, sampleRate=48000)
INFO not found "/assets/sounds/Звуки природы - Шум дождя (www.hotplayer.ru).mp3" in vfs
ERROR WPSoundParser.cpp:178 audio file not found: sounds/Звуки природы - Шум дождя (www.hotplayer.ru).mp3
INFO audio Switch: loading 'sounds/aether-scotland-veela-valentine.mp3' (channels=2, sampleRate=48000)
INFO not found "/assets/sounds/aether-scotland-veela-valentine.mp3" in vfs
ERROR WPSoundParser.cpp:178 audio file not found: sounds/aether-scotland-veela-valentine.mp3
INFO audio Switch: loading 'sounds/Звуки природы - Шум дождя (www.hotplayer.ru).mp3' (channels=2, sampleRate=48000)
INFO not found "/assets/sounds/Звуки природы - Шум дождя (www.hotplayer.ru).mp3" in vfs
ERROR WPSoundParser.cpp:178 audio file not found: sounds/Звуки природы - Шум дождя (www.hotplayer.ru).mp3
INFO audio Switch: loading 'sounds/Veela and Irosa Rosali - Going Home (galamp3.com).mp3' (channels=2, sampleRate=48000)
INFO not found "/assets/sounds/Veela and Irosa Rosali - Going Home (galamp3.com).mp3" in vfs
ERROR WPSoundParser.cpp:178 audio file not found: sounds/Veela and Irosa Rosali - Going Home (galamp3.com).mp3
INFO audio Switch: loading 'sounds/Звуки природы - Шум дождя (www.hotplayer.ru).mp3' (channels=2, sampleRate=48000)
INFO not found "/assets/sounds/Звуки природы - Шум дождя (www.hotplayer.ru).mp3" in vfs
ERROR WPSoundParser.cpp:178 audio file not found: sounds/Звуки природы - Шум дождя (www.hotplayer.ru).mp3
INFO audio Switch: loading 'sounds/Veela and Irosa Rosali, Elsie - Closed (galamp3.com).mp3' (channels=2, sampleRate=48000)
INFO not found "/assets/sounds/Veela and Irosa Rosali, Elsie - Closed (galamp3.com).mp3" in vfs
ERROR WPSoundParser.cpp:178 audio file not found: sounds/Veela and Irosa Rosali, Elsie - Closed (galamp3.com).mp3
INFO audio Switch: loading 'sounds/Звуки природы - Шум дождя (www.hotplayer.ru).mp3' (channels=2, sampleRate=48000)
INFO not found "/assets/sounds/Звуки природы - Шум дождя (www.hotplayer.ru).mp3" in vfs
ERROR WPSoundParser.cpp:178 audio file not found: sounds/Звуки природы - Шум дождя (www.hotplayer.ru).mp3
INFO audio Switch: loading 'sounds/Veela and Kooma - Pointless (galamp3.com).mp3' (channels=2, sampleRate=48000)
INFO not found "/assets/sounds/Veela and Kooma - Pointless (galamp3.com).mp3" in vfs
ERROR WPSoundParser.cpp:178 audio file not found: sounds/Veela and Kooma - Pointless (galamp3.com).mp3
INFO audio Switch: loading 'sounds/Звуки природы - Шум дождя (www.hotplayer.ru).mp3' (channels=2, sampleRate=48000)
INFO not found "/assets/sounds/Звуки природы - Шум дождя (www.hotplayer.ru).mp3" in vfs
ERROR WPSoundParser.cpp:178 audio file not found: sounds/Звуки природы - Шум дождя (www.hotplayer.ru).mp3
INFO audio Switch: loading 'sounds/Veela and Kooma - Retrospect (galamp3.com).mp3' (channels=2, sampleRate=48000)
INFO not found "/assets/sounds/Veela and Kooma - Retrospect (galamp3.com).mp3" in vfs
ERROR WPSoundParser.cpp:178 audio file not found: sounds/Veela and Kooma - Retrospect (galamp3.com).mp3
INFO audio Switch: loading 'sounds/Звуки природы - Шум дождя (www.hotplayer.ru).mp3' (channels=2, sampleRate=48000)
INFO not found "/assets/sounds/Звуки природы - Шум дождя (www.hotplayer.ru).mp3" in vfs
ERROR WPSoundParser.cpp:178 audio file not found: sounds/Звуки природы - Шум дождя (www.hotplayer.ru).mp3
INFO audio Switch: loading 'sounds/Kooma & Veela - Oasis (256  kbps).mp3' (channels=2, sampleRate=48000)
INFO not found "/assets/sounds/Kooma & Veela - Oasis (256  kbps).mp3" in vfs
ERROR WPSoundParser.cpp:178 audio file not found: sounds/Kooma & Veela - Oasis (256  kbps).mp3
INFO audio Switch: loading 'sounds/Звуки природы - Шум дождя (www.hotplayer.ru).mp3' (channels=2, sampleRate=48000)
INFO not found "/assets/sounds/Звуки природы - Шум дождя (www.hotplayer.ru).mp3" in vfs
ERROR WPSoundParser.cpp:178 audio file not found: sounds/Звуки природы - Шум дождя (www.hotplayer.ru).mp3
INFO audio Switch: loading 'sounds/aether-scotland-veela-valentine.mp3' (channels=2, sampleRate=48000)
INFO not found "/assets/sounds/aether-scotland-veela-valentine.mp3" in vfs
ERROR WPSoundParser.cpp:178 audio file not found: sounds/aether-scotland-veela-valentine.mp3
INFO audio Switch: loading 'sounds/Звуки природы - Шум дождя (www.hotplayer.ru).mp3' (channels=2, sampleRate=48000)
INFO not found "/assets/sounds/Звуки природы - Шум дождя (www.hotplayer.ru).mp3" in vfs
ERROR WPSoundParser.cpp:178 audio file not found: sounds/Звуки природы - Шум дождя (www.hotplayer.ru).mp3
INFO audio Switch: loading 'sounds/Veela and Irosa Rosali - Going Home (galamp3.com).mp3' (channels=2, sampleRate=48000)
INFO not found "/assets/sounds/Veela and Irosa Rosali - Going Home (galamp3.com).mp3" in vfs
ERROR WPSoundParser.cpp:178 audio file not found: sounds/Veela and Irosa Rosali - Going Home (galamp3.com).mp3
INFO audio Switch: loading 'sounds/Звуки природы - Шум дождя (www.hotplayer.ru).mp3' (channels=2, sampleRate=48000)
INFO not found "/assets/sounds/Звуки природы - Шум дождя (www.hotplayer.ru).mp3" in vfs
ERROR WPSoundParser.cpp:178 audio file not found: sounds/Звуки природы - Шум дождя (www.hotplayer.ru).mp3
INFO audio Switch: loading 'sounds/Veela and Irosa Rosali, Elsie - Closed (galamp3.com).mp3' (channels=2, sampleRate=48000)
INFO not found "/assets/sounds/Veela and Irosa Rosali, Elsie - Closed (galamp3.com).mp3" in vfs
ERROR WPSoundParser.cpp:178 audio file not found: sounds/Veela and Irosa Rosali, Elsie - Closed (galamp3.com).mp3
INFO audio Switch: loading 'sounds/Звуки природы - Шум дождя (www.hotplayer.ru).mp3' (channels=2, sampleRate=48000)
INFO not found "/assets/sounds/Звуки природы - Шум дождя (www.hotplayer.ru).mp3" in vfs
ERROR WPSoundParser.cpp:178 audio file not found: sounds/Звуки природы - Шум дождя (www.hotplayer.ru).mp3
INFO audio Switch: loading 'sounds/Veela and Kooma - Pointless (galamp3.com).mp3' (channels=2, sampleRate=48000)
INFO not found "/assets/sounds/Veela and Kooma - Pointless (galamp3.com).mp3" in vfs
ERROR WPSoundParser.cpp:178 audio file not found: sounds/Veela and Kooma - Pointless (galamp3.com).mp3
INFO audio Switch: loading 'sounds/Звуки природы - Шум дождя (www.hotplayer.ru).mp3' (channels=2, sampleRate=48000)
INFO not found "/assets/sounds/Звуки природы - Шум дождя (www.hotplayer.ru).mp3" in vfs
ERROR WPSoundParser.cpp:178 audio file not found: sounds/Звуки природы - Шум дождя (www.hotplayer.ru).mp3
INFO audio Switch: loading 'sounds/Veela and Kooma - Retrospect (galamp3.com).mp3' (channels=2, sampleRate=48000)
INFO not found "/assets/sounds/Veela and Kooma - Retrospect (galamp3.com).mp3" in vfs
ERROR WPSoundParser.cpp:178 audio file not found: sounds/Veela and Kooma - Retrospect (galamp3.com).mp3
INFO audio Switch: loading 'sounds/Звуки природы - Шум дождя (www.hotplayer.ru).mp3' (channels=2, sampleRate=48000)
INFO not found "/assets/sounds/Звуки природы - Шум дождя (www.hotplayer.ru).mp3" in vfs
ERROR WPSoundParser.cpp:178 audio file not found: sounds/Звуки природы - Шум дождя (www.hotplayer.ru).mp3
INFO audio Switch: loading 'sounds/Kooma & Veela - Oasis (256  kbps).mp3' (channels=2, sampleRate=48000)
INFO not found "/assets/sounds/Kooma & Veela - Oasis (256  kbps).mp3" in vfs
ERROR WPSoundParser.cpp:178 audio file not found: sounds/Kooma & Veela - Oasis (256  kbps).mp3
INFO audio Switch: loading 'sounds/Звуки природы - Шум дождя (www.hotplayer.ru).mp3' (channels=2, sampleRate=48000)
INFO not found "/assets/sounds/Звуки природы - Шум дождя (www.hotplayer.ru).mp3" in vfs
ERROR WPSoundParser.cpp:178 audio file not found: sounds/Звуки природы - Шум дождя (www.hotplayer.ru).mp3
INFO audio Switch: loading 'sounds/aether-scotland-veela-valentine.mp3' (channels=2, sampleRate=48000)
INFO not found "/assets/sounds/aether-scotland-veela-valentine.mp3" in vfs
ERROR WPSoundParser.cpp:178 audio file not found: sounds/aether-scotland-veela-valentine.mp3
INFO audio Switch: loading 'sounds/Звуки природы - Шум дождя (www.hotplayer.ru).mp3' (channels=2, sampleRate=48000)
INFO not found "/assets/sounds/Звуки природы - Шум дождя (www.hotplayer.ru).mp3" in vfs
ERROR WPSoundParser.cpp:178 audio file not found: sounds/Звуки природы - Шум дождя (www.hotplayer.ru).mp3
INFO audio Switch: loading 'sounds/Veela and Irosa Rosali - Going Home (galamp3.com).mp3' (channels=2, sampleRate=48000)
INFO not found "/assets/sounds/Veela and Irosa Rosali - Going Home (galamp3.com).mp3" in vfs
ERROR WPSoundParser.cpp:178 audio file not found: sounds/Veela and Irosa Rosali - Going Home (galamp3.com).mp3
INFO audio Switch: loading 'sounds/Звуки природы - Шум дождя (www.hotplayer.ru).mp3' (channels=2, sampleRate=48000)
INFO not found "/assets/sounds/Звуки природы - Шум дождя (www.hotplayer.ru).mp3" in vfs
ERROR WPSoundParser.cpp:178 audio file not found: sounds/Звуки природы - Шум дождя (www.hotplayer.ru).mp3
INFO audio Switch: loading 'sounds/Veela and Irosa Rosali, Elsie - Closed (galamp3.com).mp3' (channels=2, sampleRate=48000)
INFO not found "/assets/sounds/Veela and Irosa Rosali, Elsie - Closed (galamp3.com).mp3" in vfs
ERROR WPSoundParser.cpp:178 audio file not found: sounds/Veela and Irosa Rosali, Elsie - Closed (galamp3.com).mp3
INFO audio Switch: loading 'sounds/Звуки природы - Шум дождя (www.hotplayer.ru).mp3' (channels=2, sampleRate=48000)
INFO not found "/assets/sounds/Звуки природы - Шум дождя (www.hotplayer.ru).mp3" in vfs
ERROR WPSoundParser.cpp:178 audio file not found: sounds/Звуки природы - Шум дождя (www.hotplayer.ru).mp3
INFO audio Switch: loading 'sounds/Veela and Kooma - Pointless (galamp3.com).mp3' (channels=2, sampleRate=48000)
INFO not found "/assets/sounds/Veela and Kooma - Pointless (galamp3.com).mp3" in vfs
ERROR WPSoundParser.cpp:178 audio file not found: sounds/Veela and Kooma - Pointless (galamp3.com).mp3
INFO audio Switch: loading 'sounds/Звуки природы - Шум дождя (www.hotplayer.ru).mp3' (channels=2, sampleRate=48000)
INFO not found "/assets/sounds/Звуки природы - Шум дождя (www.hotplayer.ru).mp3" in vfs
ERROR WPSoundParser.cpp:178 audio file not found: sounds/Звуки природы - Шум дождя (www.hotplayer.ru).mp3
INFO audio Switch: loading 'sounds/Veela and Kooma - Retrospect (galamp3.com).mp3' (channels=2, sampleRate=48000)
INFO not found "/assets/sounds/Veela and Kooma - Retrospect (galamp3.com).mp3" in vfs
ERROR WPSoundParser.cpp:178 audio file not found: sounds/Veela and Kooma - Retrospect (galamp3.com).mp3
INFO audio Switch: loading 'sounds/Звуки природы - Шум дождя (www.hotplayer.ru).mp3' (channels=2, sampleRate=48000)
INFO not found "/assets/sounds/Звуки природы - Шум дождя (www.hotplayer.ru).mp3" in vfs
ERROR WPSoundParser.cpp:178 audio file not found: sounds/Звуки природы - Шум дождя (www.hotplayer.ru).mp3
INFO audio Switch: loading 'sounds/Kooma & Veela - Oasis (256  kbps).mp3' (channels=2, sampleRate=48000)
INFO not found "/assets/sounds/Kooma & Veela - Oasis (256  kbps).mp3" in vfs
ERROR WPSoundParser.cpp:178 audio file not found: sounds/Kooma & Veela - Oasis (256  kbps).mp3
INFO audio Switch: loading 'sounds/Звуки природы - Шум дождя (www.hotplayer.ru).mp3' (channels=2, sampleRate=48000)
INFO not found "/assets/sounds/Звуки природы - Шум дождя (www.hotplayer.ru).mp3" in vfs
ERROR WPSoundParser.cpp:178 audio file not found: sounds/Звуки природы - Шум дождя (www.hotplayer.ru).mp3
INFO audio Switch: loading 'sounds/aether-scotland-veela-valentine.mp3' (channels=2, sampleRate=48000)
INFO not found "/assets/sounds/aether-scotland-veela-valentine.mp3" in vfs
ERROR WPSoundParser.cpp:178 audio file not found: sounds/aether-scotland-veela-valentine.mp3
INFO audio Switch: loading 'sounds/Звуки природы - Шум дождя (www.hotplayer.ru).mp3' (channels=2, sampleRate=48000)
INFO not found "/assets/sounds/Звуки природы - Шум дождя (www.hotplayer.ru).mp3" in vfs
ERROR WPSoundParser.cpp:178 audio file not found: sounds/Звуки природы - Шум дождя (www.hotplayer.ru).mp3
INFO audio Switch: loading 'sounds/Veela and Irosa Rosali - Going Home (galamp3.com).mp3' (channels=2, sampleRate=48000)
INFO not found "/assets/sounds/Veela and Irosa Rosali - Going Home (galamp3.com).mp3" in vfs
ERROR WPSoundParser.cpp:178 audio file not found: sounds/Veela and Irosa Rosali - Going Home (galamp3.com).mp3
INFO audio Switch: loading 'sounds/Звуки природы - Шум дождя (www.hotplayer.ru).mp3' (channels=2, sampleRate=48000)
INFO not found "/assets/sounds/Звуки природы - Шум дождя (www.hotplayer.ru).mp3" in vfs
ERROR WPSoundParser.cpp:178 audio file not found: sounds/Звуки природы - Шум дождя (www.hotplayer.ru).mp3
INFO audio Switch: loading 'sounds/Veela and Irosa Rosali, Elsie - Closed (galamp3.com).mp3' (channels=2, sampleRate=48000)
INFO not found "/assets/sounds/Veela and Irosa Rosali, Elsie - Closed (galamp3.com).mp3" in vfs
ERROR WPSoundParser.cpp:178 audio file not found: sounds/Veela and Irosa Rosali, Elsie - Closed (galamp3.com).mp3
INFO audio Switch: loading 'sounds/Звуки природы - Шум дождя (www.hotplayer.ru).mp3' (channels=2, sampleRate=48000)
INFO not found "/assets/sounds/Звуки природы - Шум дождя (www.hotplayer.ru).mp3" in vfs
ERROR WPSoundParser.cpp:178 audio file not found: sounds/Звуки природы - Шум дождя (www.hotplayer.ru).mp3
INFO audio Switch: loading 'sounds/Veela and Kooma - Pointless (galamp3.com).mp3' (channels=2, sampleRate=48000)
INFO not found "/assets/sounds/Veela and Kooma - Pointless (galamp3.com).mp3" in vfs
ERROR WPSoundParser.cpp:178 audio file not found: sounds/Veela and Kooma - Pointless (galamp3.com).mp3
INFO audio Switch: loading 'sounds/Звуки природы - Шум дождя (www.hotplayer.ru).mp3' (channels=2, sampleRate=48000)
INFO not found "/assets/sounds/Звуки природы - Шум дождя (www.hotplayer.ru).mp3" in vfs
ERROR WPSoundParser.cpp:178 audio file not found: sounds/Звуки природы - Шум дождя (www.hotplayer.ru).mp3
INFO audio Switch: loading 'sounds/Veela and Kooma - Retrospect (galamp3.com).mp3' (channels=2, sampleRate=48000)
INFO not found "/assets/sounds/Veela and Kooma - Retrospect (galamp3.com).mp3" in vfs
ERROR WPSoundParser.cpp:178 audio file not found: sounds/Veela and Kooma - Retrospect (galamp3.com).mp3
INFO audio Switch: loading 'sounds/Звуки природы - Шум дождя (www.hotplayer.ru).mp3' (channels=2, sampleRate=48000)
INFO not found "/assets/sounds/Звуки природы - Шум дождя (www.hotplayer.ru).mp3" in vfs
ERROR WPSoundParser.cpp:178 audio file not found: sounds/Звуки природы - Шум дождя (www.hotplayer.ru).mp3
INFO audio Switch: loading 'sounds/Kooma & Veela - Oasis (256  kbps).mp3' (channels=2, sampleRate=48000)
INFO not found "/assets/sounds/Kooma & Veela - Oasis (256  kbps).mp3" in vfs
ERROR WPSoundParser.cpp:178 audio file not found: sounds/Kooma & Veela - Oasis (256  kbps).mp3
INFO audio Switch: loading 'sounds/Звуки природы - Шум дождя (www.hotplayer.ru).mp3' (channels=2, sampleRate=48000)
INFO not found "/assets/sounds/Звуки природы - Шум дождя (www.hotplayer.ru).mp3" in vfs
ERROR WPSoundParser.cpp:178 audio file not found: sounds/Звуки природы - Шум дождя (www.hotplayer.ru).mp3
INFO audio Switch: loading 'sounds/aether-scotland-veela-valentine.mp3' (channels=2, sampleRate=48000)
INFO not found "/assets/sounds/aether-scotland-veela-valentine.mp3" in vfs
ERROR WPSoundParser.cpp:178 audio file not found: sounds/aether-scotland-veela-valentine.mp3
INFO audio Switch: loading 'sounds/Звуки природы - Шум дождя (www.hotplayer.ru).mp3' (channels=2, sampleRate=48000)
INFO not found "/assets/sounds/Звуки природы - Шум дождя (www.hotplayer.ru).mp3" in vfs
ERROR WPSoundParser.cpp:178 audio file not found: sounds/Звуки природы - Шум дождя (www.hotplayer.ru).mp3
INFO audio Switch: loading 'sounds/Veela and Irosa Rosali - Going Home (galamp3.com).mp3' (channels=2, sampleRate=48000)
INFO not found "/assets/sounds/Veela and Irosa Rosali - Going Home (galamp3.com).mp3" in vfs
ERROR WPSoundParser.cpp:178 audio file not found: sounds/Veela and Irosa Rosali - Going Home (galamp3.com).mp3
INFO audio Switch: loading 'sounds/Звуки природы - Шум дождя (www.hotplayer.ru).mp3' (channels=2, sampleRate=48000)
INFO not found "/assets/sounds/Звуки природы - Шум дождя (www.hotplayer.ru).mp3" in vfs
ERROR WPSoundParser.cpp:178 audio file not found: sounds/Звуки природы - Шум дождя (www.hotplayer.ru).mp3
INFO audio Switch: loading 'sounds/Veela and Irosa Rosali, Elsie - Closed (galamp3.com).mp3' (channels=2, sampleRate=48000)
INFO not found "/assets/sounds/Veela and Irosa Rosali, Elsie - Closed (galamp3.com).mp3" in vfs
ERROR WPSoundParser.cpp:178 audio file not found: sounds/Veela and Irosa Rosali, Elsie - Closed (galamp3.com).mp3
INFO audio Switch: loading 'sounds/Звуки природы - Шум дождя (www.hotplayer.ru).mp3' (channels=2, sampleRate=48000)
INFO not found "/assets/sounds/Звуки природы - Шум дождя (www.hotplayer.ru).mp3" in vfs
ERROR WPSoundParser.cpp:178 audio file not found: sounds/Звуки природы - Шум дождя (www.hotplayer.ru).mp3
INFO audio Switch: loading 'sounds/Veela and Kooma - Pointless (galamp3.com).mp3' (channels=2, sampleRate=48000)
INFO not found "/assets/sounds/Veela and Kooma - Pointless (galamp3.com).mp3" in vfs
ERROR WPSoundParser.cpp:178 audio file not found: sounds/Veela and Kooma - Pointless (galamp3.com).mp3
INFO audio Switch: loading 'sounds/Звуки природы - Шум дождя (www.hotplayer.ru).mp3' (channels=2, sampleRate=48000)
INFO not found "/assets/sounds/Звуки природы - Шум дождя (www.hotplayer.ru).mp3" in vfs
ERROR WPSoundParser.cpp:178 audio file not found: sounds/Звуки природы - Шум дождя (www.hotplayer.ru).mp3
INFO audio Switch: loading 'sounds/Veela and Kooma - Retrospect (galamp3.com).mp3' (channels=2, sampleRate=48000)
INFO not found "/assets/sounds/Veela and Kooma - Retrospect (galamp3.com).mp3" in vfs
ERROR WPSoundParser.cpp:178 audio file not found: sounds/Veela and Kooma - Retrospect (galamp3.com).mp3
INFO audio Switch: loading 'sounds/Звуки природы - Шум дождя (www.hotplayer.ru).mp3' (channels=2, sampleRate=48000)
INFO not found "/assets/sounds/Звуки природы - Шум дождя (www.hotplayer.ru).mp3" in vfs
ERROR WPSoundParser.cpp:178 audio file not found: sounds/Звуки природы - Шум дождя (www.hotplayer.ru).mp3
INFO audio Switch: loading 'sounds/Kooma & Veela - Oasis (256  kbps).mp3' (channels=2, sampleRate=48000)
INFO not found "/assets/sounds/Kooma & Veela - Oasis (256  kbps).mp3" in vfs
ERROR WPSoundParser.cpp:178 audio file not found: sounds/Kooma & Veela - Oasis (256  kbps).mp3
INFO audio Switch: loading 'sounds/Звуки природы - Шум дождя (www.hotplayer.ru).mp3' (channels=2, sampleRate=48000)
INFO not found "/assets/sounds/Звуки природы - Шум дождя (www.hotplayer.ru).mp3" in vfs
ERROR WPSoundParser.cpp:178 audio file not found: sounds/Звуки природы - Шум дождя (www.hotplayer.ru).mp3
INFO audio Switch: loading 'sounds/aether-scotland-veela-valentine.mp3' (channels=2, sampleRate=48000)
INFO not found "/assets/sounds/aether-scotland-veela-valentine.mp3" in vfs
ERROR WPSoundParser.cpp:178 audio file not found: sounds/aether-scotland-veela-valentine.mp3
INFO audio Switch: loading 'sounds/Звуки природы - Шум дождя (www.hotplayer.ru).mp3' (channels=2, sampleRate=48000)
INFO not found "/assets/sounds/Звуки природы - Шум дождя (www.hotplayer.ru).mp3" in vfs
ERROR WPSoundParser.cpp:178 audio file not found: sounds/Звуки природы - Шум дождя (www.hotplayer.ru).mp3
INFO audio Switch: loading 'sounds/Veela and Irosa Rosali - Going Home (galamp3.com).mp3' (channels=2, sampleRate=48000)
INFO not found "/assets/sounds/Veela and Irosa Rosali - Going Home (galamp3.com).mp3" in vfs
ERROR WPSoundParser.cpp:178 audio file not found: sounds/Veela and Irosa Rosali - Going Home (galamp3.com).mp3
INFO audio Switch: loading 'sounds/Звуки природы - Шум дождя (www.hotplayer.ru).mp3' (channels=2, sampleRate=48000)
INFO not found "/assets/sounds/Звуки природы - Шум дождя (www.hotplayer.ru).mp3" in vfs
ERROR WPSoundParser.cpp:178 audio file not found: sounds/Звуки природы - Шум дождя (www.hotplayer.ru).mp3
INFO audio Switch: loading 'sounds/Veela and Irosa Rosali, Elsie - Closed (galamp3.com).mp3' (channels=2, sampleRate=48000)
INFO not found "/assets/sounds/Veela and Irosa Rosali, Elsie - Closed (galamp3.com).mp3" in vfs
ERROR WPSoundParser.cpp:178 audio file not found: sounds/Veela and Irosa Rosali, Elsie - Closed (galamp3.com).mp3
INFO audio Switch: loading 'sounds/Звуки природы - Шум дождя (www.hotplayer.ru).mp3' (channels=2, sampleRate=48000)
INFO not found "/assets/sounds/Звуки природы - Шум дождя (www.hotplayer.ru).mp3" in vfs
ERROR WPSoundParser.cpp:178 audio file not found: sounds/Звуки природы - Шум дождя (www.hotplayer.ru).mp3
INFO audio Switch: loading 'sounds/Veela and Kooma - Pointless (galamp3.com).mp3' (channels=2, sampleRate=48000)
INFO not found "/assets/sounds/Veela and Kooma - Pointless (galamp3.com).mp3" in vfs
ERROR WPSoundParser.cpp:178 audio file not found: sounds/Veela and Kooma - Pointless (galamp3.com).mp3
INFO audio Switch: loading 'sounds/Звуки природы - Шум дождя (www.hotplayer.ru).mp3' (channels=2, sampleRate=48000)
INFO not found "/assets/sounds/Звуки природы - Шум дождя (www.hotplayer.ru).mp3" in vfs
ERROR WPSoundParser.cpp:178 audio file not found: sounds/Звуки природы - Шум дождя (www.hotplayer.ru).mp3
INFO audio Switch: loading 'sounds/Veela and Kooma - Retrospect (galamp3.com).mp3' (channels=2, sampleRate=48000)
INFO not found "/assets/sounds/Veela and Kooma - Retrospect (galamp3.com).mp3" in vfs
ERROR WPSoundParser.cpp:178 audio file not found: sounds/Veela and Kooma - Retrospect (galamp3.com).mp3
INFO audio Switch: loading 'sounds/Звуки природы - Шум дождя (www.hotplayer.ru).mp3' (channels=2, sampleRate=48000)
INFO not found "/assets/sounds/Звуки природы - Шум дождя (www.hotplayer.ru).mp3" in vfs
ERROR WPSoundParser.cpp:178 audio file not found: sounds/Звуки природы - Шум дождя (www.hotplayer.ru).mp3
INFO audio Switch: loading 'sounds/Kooma & Veela - Oasis (256  kbps).mp3' (channels=2, sampleRate=48000)
INFO not found "/assets/sounds/Kooma & Veela - Oasis (256  kbps).mp3" in vfs
ERROR WPSoundParser.cpp:178 audio file not found: sounds/Kooma & Veela - Oasis (256  kbps).mp3
INFO audio Switch: loading 'sounds/Звуки природы - Шум дождя (www.hotplayer.ru).mp3' (channels=2, sampleRate=48000)
INFO not found "/assets/sounds/Звуки природы - Шум дождя (www.hotplayer.ru).mp3" in vfs
ERROR WPSoundParser.cpp:178 audio file not found: sounds/Звуки природы - Шум дождя (www.hotplayer.ru).mp3
INFO audio Switch: loading 'sounds/aether-scotland-veela-valentine.mp3' (channels=2, sampleRate=48000)
INFO not found "/assets/sounds/aether-scotland-veela-valentine.mp3" in vfs
ERROR WPSoundParser.cpp:178 audio file not found: sounds/aether-scotland-veela-valentine.mp3
INFO audio Switch: loading 'sounds/Звуки природы - Шум дождя (www.hotplayer.ru).mp3' (channels=2, sampleRate=48000)
INFO not found "/assets/sounds/Звуки природы - Шум дождя (www.hotplayer.ru).mp3" in vfs
ERROR WPSoundParser.cpp:178 audio file not found: sounds/Звуки природы - Шум дождя (www.hotplayer.ru).mp3
INFO audio Switch: loading 'sounds/Veela and Irosa Rosali - Going Home (galamp3.com).mp3' (channels=2, sampleRate=48000)
INFO not found "/assets/sounds/Veela and Irosa Rosali - Going Home (galamp3.com).mp3" in vfs
ERROR WPSoundParser.cpp:178 audio file not found: sounds/Veela and Irosa Rosali - Going Home (galamp3.com).mp3
INFO audio Switch: loading 'sounds/Звуки природы - Шум дождя (www.hotplayer.ru).mp3' (channels=2, sampleRate=48000)
INFO not found "/assets/sounds/Звуки природы - Шум дождя (www.hotplayer.ru).mp3" in vfs
ERROR WPSoundParser.cpp:178 audio file not found: sounds/Звуки природы - Шум дождя (www.hotplayer.ru).mp3
INFO audio Switch: loading 'sounds/Veela and Irosa Rosali, Elsie - Closed (galamp3.com).mp3' (channels=2, sampleRate=48000)
INFO not found "/assets/sounds/Veela and Irosa Rosali, Elsie - Closed (galamp3.com).mp3" in vfs
ERROR WPSoundParser.cpp:178 audio file not found: sounds/Veela and Irosa Rosali, Elsie - Closed (galamp3.com).mp3
INFO audio Switch: loading 'sounds/Звуки природы - Шум дождя (www.hotplayer.ru).mp3' (channels=2, sampleRate=48000)
INFO not found "/assets/sounds/Звуки природы - Шум дождя (www.hotplayer.ru).mp3" in vfs
ERROR WPSoundParser.cpp:178 audio file not found: sounds/Звуки природы - Шум дождя (www.hotplayer.ru).mp3
INFO audio Switch: loading 'sounds/Veela and Kooma - Pointless (galamp3.com).mp3' (channels=2, sampleRate=48000)
INFO not found "/assets/sounds/Veela and Kooma - Pointless (galamp3.com).mp3" in vfs
ERROR WPSoundParser.cpp:178 audio file not found: sounds/Veela and Kooma - Pointless (galamp3.com).mp3
INFO audio Switch: loading 'sounds/Звуки природы - Шум дождя (www.hotplayer.ru).mp3' (channels=2, sampleRate=48000)
INFO not found "/assets/sounds/Звуки природы - Шум дождя (www.hotplayer.ru).mp3" in vfs
ERROR WPSoundParser.cpp:178 audio file not found: sounds/Звуки природы - Шум дождя (www.hotplayer.ru).mp3
INFO audio Switch: loading 'sounds/Veela and Kooma - Retrospect (galamp3.com).mp3' (channels=2, sampleRate=48000)
INFO not found "/assets/sounds/Veela and Kooma - Retrospect (galamp3.com).mp3" in vfs
ERROR WPSoundParser.cpp:178 audio file not found: sounds/Veela and Kooma - Retrospect (galamp3.com).mp3
INFO audio Switch: loading 'sounds/Звуки природы - Шум дождя (www.hotplayer.ru).mp3' (channels=2, sampleRate=48000)
INFO not found "/assets/sounds/Звуки природы - Шум дождя (www.hotplayer.ru).mp3" in vfs
ERROR WPSoundParser.cpp:178 audio file not found: sounds/Звуки природы - Шум дождя (www.hotplayer.ru).mp3
INFO audio Switch: loading 'sounds/Kooma & Veela - Oasis (256  kbps).mp3' (channels=2, sampleRate=48000)
INFO not found "/assets/sounds/Kooma & Veela - Oasis (256  kbps).mp3" in vfs
ERROR WPSoundParser.cpp:178 audio file not found: sounds/Kooma & Veela - Oasis (256  kbps).mp3
INFO audio Switch: loading 'sounds/Звуки природы - Шум дождя (www.hotplayer.ru).mp3' (channels=2, sampleRate=48000)
INFO not found "/assets/sounds/Звуки природы - Шум дождя (www.hotplayer.ru).mp3" in vfs
ERROR WPSoundParser.cpp:178 audio file not found: sounds/Звуки природы - Шум дождя (www.hotplayer.ru).mp3
INFO audio Switch: loading 'sounds/aether-scotland-veela-valentine.mp3' (channels=2, sampleRate=48000)
INFO not found "/assets/sounds/aether-scotland-veela-valentine.mp3" in vfs
ERROR WPSoundParser.cpp:178 audio file not found: sounds/aether-scotland-veela-valentine.mp3
INFO audio Switch: loading 'sounds/Звуки природы - Шум дождя (www.hotplayer.ru).mp3' (channels=2, sampleRate=48000)
INFO not found "/assets/sounds/Звуки природы - Шум дождя (www.hotplayer.ru).mp3" in vfs
ERROR WPSoundParser.cpp:178 audio file not found: sounds/Звуки природы - Шум дождя (www.hotplayer.ru).mp3
INFO audio Switch: loading 'sounds/Veela and Irosa Rosali - Going Home (galamp3.com).mp3' (channels=2, sampleRate=48000)
INFO not found "/assets/sounds/Veela and Irosa Rosali - Going Home (galamp3.com).mp3" in vfs
ERROR WPSoundParser.cpp:178 audio file not found: sounds/Veela and Irosa Rosali - Going Home (galamp3.com).mp3
INFO audio Switch: loading 'sounds/Звуки природы - Шум дождя (www.hotplayer.ru).mp3' (channels=2, sampleRate=48000)
INFO not found "/assets/sounds/Звуки природы - Шум дождя (www.hotplayer.ru).mp3" in vfs
ERROR WPSoundParser.cpp:178 audio file not found: sounds/Звуки природы - Шум дождя (www.hotplayer.ru).mp3
INFO audio Switch: loading 'sounds/Veela and Irosa Rosali, Elsie - Closed (galamp3.com).mp3' (channels=2, sampleRate=48000)
INFO not found "/assets/sounds/Veela and Irosa Rosali, Elsie - Closed (galamp3.com).mp3" in vfs
ERROR WPSoundParser.cpp:178 audio file not found: sounds/Veela and Irosa Rosali, Elsie - Closed (galamp3.com).mp3
INFO audio Switch: loading 'sounds/Звуки природы - Шум дождя (www.hotplayer.ru).mp3' (channels=2, sampleRate=48000)
INFO not found "/assets/sounds/Звуки природы - Шум дождя (www.hotplayer.ru).mp3" in vfs
ERROR WPSoundParser.cpp:178 audio file not found: sounds/Звуки природы - Шум дождя (www.hotplayer.ru).mp3
INFO audio Switch: loading 'sounds/Veela and Kooma - Pointless (galamp3.com).mp3' (channels=2, sampleRate=48000)
INFO not found "/assets/sounds/Veela and Kooma - Pointless (galamp3.com).mp3" in vfs
ERROR WPSoundParser.cpp:178 audio file not found: sounds/Veela and Kooma - Pointless (galamp3.com).mp3
INFO audio Switch: loading 'sounds/Звуки природы - Шум дождя (www.hotplayer.ru).mp3' (channels=2, sampleRate=48000)
INFO not found "/assets/sounds/Звуки природы - Шум дождя (www.hotplayer.ru).mp3" in vfs
ERROR WPSoundParser.cpp:178 audio file not found: sounds/Звуки природы - Шум дождя (www.hotplayer.ru).mp3
INFO audio Switch: loading 'sounds/Veela and Kooma - Retrospect (galamp3.com).mp3' (channels=2, sampleRate=48000)
INFO not found "/assets/sounds/Veela and Kooma - Retrospect (galamp3.com).mp3" in vfs
ERROR WPSoundParser.cpp:178 audio file not found: sounds/Veela and Kooma - Retrospect (galamp3.com).mp3
INFO audio Switch: loading 'sounds/Звуки природы - Шум дождя (www.hotplayer.ru).mp3' (channels=2, sampleRate=48000)
INFO not found "/assets/sounds/Звуки природы - Шум дождя (www.hotplayer.ru).mp3" in vfs
ERROR WPSoundParser.cpp:178 audio file not found: sounds/Звуки природы - Шум дождя (www.hotplayer.ru).mp3
INFO audio Switch: loading 'sounds/Kooma & Veela - Oasis (256  kbps).mp3' (channels=2, sampleRate=48000)
INFO not found "/assets/sounds/Kooma & Veela - Oasis (256  kbps).mp3" in vfs
ERROR WPSoundParser.cpp:178 audio file not found: sounds/Kooma & Veela - Oasis (256  kbps).mp3
INFO audio Switch: loading 'sounds/Звуки природы - Шум дождя (www.hotplayer.ru).mp3' (channels=2, sampleRate=48000)
INFO not found "/assets/sounds/Звуки природы - Шум дождя (www.hotplayer.ru).mp3" in vfs
ERROR WPSoundParser.cpp:178 audio file not found: sounds/Звуки природы - Шум дождя (www.hotplayer.ru).mp3
INFO audio Switch: loading 'sounds/aether-scotland-veela-valentine.mp3' (channels=2, sampleRate=48000)
INFO not found "/assets/sounds/aether-scotland-veela-valentine.mp3" in vfs
ERROR WPSoundParser.cpp:178 audio file not found: sounds/aether-scotland-veela-valentine.mp3
INFO audio Switch: loading 'sounds/Звуки природы - Шум дождя (www.hotplayer.ru).mp3' (channels=2, sampleRate=48000)
INFO not found "/assets/sounds/Звуки природы - Шум дождя (www.hotplayer.ru).mp3" in vfs
ERROR WPSoundParser.cpp:178 audio file not found: sounds/Звуки природы - Шум дождя (www.hotplayer.ru).mp3
INFO audio Switch: loading 'sounds/Veela and Irosa Rosali - Going Home (galamp3.com).mp3' (channels=2, sampleRate=48000)
INFO not found "/assets/sounds/Veela and Irosa Rosali - Going Home (galamp3.com).mp3" in vfs
ERROR WPSoundParser.cpp:178 audio file not found: sounds/Veela and Irosa Rosali - Going Home (galamp3.com).mp3
INFO audio Switch: loading 'sounds/Звуки природы - Шум дождя (www.hotplayer.ru).mp3' (channels=2, sampleRate=48000)
INFO not found "/assets/sounds/Звуки природы - Шум дождя (www.hotplayer.ru).mp3" in vfs
ERROR WPSoundParser.cpp:178 audio file not found: sounds/Звуки природы - Шум дождя (www.hotplayer.ru).mp3
INFO audio Switch: loading 'sounds/Veela and Irosa Rosali, Elsie - Closed (galamp3.com).mp3' (channels=2, sampleRate=48000)
INFO not found "/assets/sounds/Veela and Irosa Rosali, Elsie - Closed (galamp3.com).mp3" in vfs
ERROR WPSoundParser.cpp:178 audio file not found: sounds/Veela and Irosa Rosali, Elsie - Closed (galamp3.com).mp3
INFO audio Switch: loading 'sounds/Звуки природы - Шум дождя (www.hotplayer.ru).mp3' (channels=2, sampleRate=48000)
INFO not found "/assets/sounds/Звуки природы - Шум дождя (www.hotplayer.ru).mp3" in vfs
ERROR WPSoundParser.cpp:178 audio file not found: sounds/Звуки природы - Шум дождя (www.hotplayer.ru).mp3
INFO audio Switch: loading 'sounds/Veela and Kooma - Pointless (galamp3.com).mp3' (channels=2, sampleRate=48000)
INFO not found "/assets/sounds/Veela and Kooma - Pointless (galamp3.com).mp3" in vfs
ERROR WPSoundParser.cpp:178 audio file not found: sounds/Veela and Kooma - Pointless (galamp3.com).mp3
INFO audio Switch: loading 'sounds/Звуки природы - Шум дождя (www.hotplayer.ru).mp3' (channels=2, sampleRate=48000)
INFO not found "/assets/sounds/Звуки природы - Шум дождя (www.hotplayer.ru).mp3" in vfs
ERROR WPSoundParser.cpp:178 audio file not found: sounds/Звуки природы - Шум дождя (www.hotplayer.ru).mp3
INFO audio Switch: loading 'sounds/Veela and Kooma - Retrospect (galamp3.com).mp3' (channels=2, sampleRate=48000)
INFO not found "/assets/sounds/Veela and Kooma - Retrospect (galamp3.com).mp3" in vfs
ERROR WPSoundParser.cpp:178 audio file not found: sounds/Veela and Kooma - Retrospect (galamp3.com).mp3
INFO audio Switch: loading 'sounds/Звуки природы - Шум дождя (www.hotplayer.ru).mp3' (channels=2, sampleRate=48000)
INFO not found "/assets/sounds/Звуки природы - Шум дождя (www.hotplayer.ru).mp3" in vfs
ERROR WPSoundParser.cpp:178 audio file not found: sounds/Звуки природы - Шум дождя (www.hotplayer.ru).mp3
INFO audio Switch: loading 'sounds/Kooma & Veela - Oasis (256  kbps).mp3' (channels=2, sampleRate=48000)
INFO not found "/assets/sounds/Kooma & Veela - Oasis (256  kbps).mp3" in vfs
ERROR WPSoundParser.cpp:178 audio file not found: sounds/Kooma & Veela - Oasis (256  kbps).mp3
INFO audio Switch: loading 'sounds/Звуки природы - Шум дождя (www.hotplayer.ru).mp3' (channels=2, sampleRate=48000)
INFO not found "/assets/sounds/Звуки природы - Шум дождя (www.hotplayer.ru).mp3" in vfs
ERROR WPSoundParser.cpp:178 audio file not found: sounds/Звуки природы - Шум дождя (www.hotplayer.ru).mp3
INFO audio Switch: loading 'sounds/aether-scotland-veela-valentine.mp3' (channels=2, sampleRate=48000)
INFO not found "/assets/sounds/aether-scotland-veela-valentine.mp3" in vfs
ERROR WPSoundParser.cpp:178 audio file not found: sounds/aether-scotland-veela-valentine.mp3
INFO audio Switch: loading 'sounds/Звуки природы - Шум дождя (www.hotplayer.ru).mp3' (channels=2, sampleRate=48000)
INFO not found "/assets/sounds/Звуки природы - Шум дождя (www.hotplayer.ru).mp3" in vfs
ERROR WPSoundParser.cpp:178 audio file not found: sounds/Звуки природы - Шум дождя (www.hotplayer.ru).mp3
INFO audio Switch: loading 'sounds/Veela and Irosa Rosali - Going Home (galamp3.com).mp3' (channels=2, sampleRate=48000)
INFO not found "/assets/sounds/Veela and Irosa Rosali - Going Home (galamp3.com).mp3" in vfs
ERROR WPSoundParser.cpp:178 audio file not found: sounds/Veela and Irosa Rosali - Going Home (galamp3.com).mp3
INFO audio Switch: loading 'sounds/Звуки природы - Шум дождя (www.hotplayer.ru).mp3' (channels=2, sampleRate=48000)
INFO not found "/assets/sounds/Звуки природы - Шум дождя (www.hotplayer.ru).mp3" in vfs
ERROR WPSoundParser.cpp:178 audio file not found: sounds/Звуки природы - Шум дождя (www.hotplayer.ru).mp3
INFO audio Switch: loading 'sounds/Veela and Irosa Rosali, Elsie - Closed (galamp3.com).mp3' (channels=2, sampleRate=48000)
INFO not found "/assets/sounds/Veela and Irosa Rosali, Elsie - Closed (galamp3.com).mp3" in vfs
ERROR WPSoundParser.cpp:178 audio file not found: sounds/Veela and Irosa Rosali, Elsie - Closed (galamp3.com).mp3
INFO audio Switch: loading 'sounds/Звуки природы - Шум дождя (www.hotplayer.ru).mp3' (channels=2, sampleRate=48000)
INFO not found "/assets/sounds/Звуки природы - Шум дождя (www.hotplayer.ru).mp3" in vfs
ERROR WPSoundParser.cpp:178 audio file not found: sounds/Звуки природы - Шум дождя (www.hotplayer.ru).mp3
INFO audio Switch: loading 'sounds/Veela and Kooma - Pointless (galamp3.com).mp3' (channels=2, sampleRate=48000)
INFO not found "/assets/sounds/Veela and Kooma - Pointless (galamp3.com).mp3" in vfs
ERROR WPSoundParser.cpp:178 audio file not found: sounds/Veela and Kooma - Pointless (galamp3.com).mp3
INFO audio Switch: loading 'sounds/Звуки природы - Шум дождя (www.hotplayer.ru).mp3' (channels=2, sampleRate=48000)
INFO not found "/assets/sounds/Звуки природы - Шум дождя (www.hotplayer.ru).mp3" in vfs
ERROR WPSoundParser.cpp:178 audio file not found: sounds/Звуки природы - Шум дождя (www.hotplayer.ru).mp3
INFO audio Switch: loading 'sounds/Veela and Kooma - Retrospect (galamp3.com).mp3' (channels=2, sampleRate=48000)
INFO not found "/assets/sounds/Veela and Kooma - Retrospect (galamp3.com).mp3" in vfs
ERROR WPSoundParser.cpp:178 audio file not found: sounds/Veela and Kooma - Retrospect (galamp3.com).mp3
INFO audio Switch: loading 'sounds/Звуки природы - Шум дождя (www.hotplayer.ru).mp3' (channels=2, sampleRate=48000)
INFO not found "/assets/sounds/Звуки природы - Шум дождя (www.hotplayer.ru).mp3" in vfs
ERROR WPSoundParser.cpp:178 audio file not found: sounds/Звуки природы - Шум дождя (www.hotplayer.ru).mp3
INFO audio Switch: loading 'sounds/Kooma & Veela - Oasis (256  kbps).mp3' (channels=2, sampleRate=48000)
INFO not found "/assets/sounds/Kooma & Veela - Oasis (256  kbps).mp3" in vfs
ERROR WPSoundParser.cpp:178 audio file not found: sounds/Kooma & Veela - Oasis (256  kbps).mp3
INFO audio Switch: loading 'sounds/Звуки природы - Шум дождя (www.hotplayer.ru).mp3' (channels=2, sampleRate=48000)
INFO not found "/assets/sounds/Звуки природы - Шум дождя (www.hotplayer.ru).mp3" in vfs
ERROR WPSoundParser.cpp:178 audio file not found: sounds/Звуки природы - Шум дождя (www.hotplayer.ru).mp3
INFO audio Switch: loading 'sounds/aether-scotland-veela-valentine.mp3' (channels=2, sampleRate=48000)
INFO not found "/assets/sounds/aether-scotland-veela-valentine.mp3" in vfs
ERROR WPSoundParser.cpp:178 audio file not found: sounds/aether-scotland-veela-valentine.mp3
INFO audio Switch: loading 'sounds/Звуки природы - Шум дождя (www.hotplayer.ru).mp3' (channels=2, sampleRate=48000)
INFO not found "/assets/sounds/Звуки природы - Шум дождя (www.hotplayer.ru).mp3" in vfs
ERROR WPSoundParser.cpp:178 audio file not found: sounds/Звуки природы - Шум дождя (www.hotplayer.ru).mp3
INFO audio Switch: loading 'sounds/Veela and Irosa Rosali - Going Home (galamp3.com).mp3' (channels=2, sampleRate=48000)
INFO not found "/assets/sounds/Veela and Irosa Rosali - Going Home (galamp3.com).mp3" in vfs
ERROR WPSoundParser.cpp:178 audio file not found: sounds/Veela and Irosa Rosali - Going Home (galamp3.com).mp3
INFO audio Switch: loading 'sounds/Звуки природы - Шум дождя (www.hotplayer.ru).mp3' (channels=2, sampleRate=48000)
INFO not found "/assets/sounds/Звуки природы - Шум дождя (www.hotplayer.ru).mp3" in vfs
ERROR WPSoundParser.cpp:178 audio file not found: sounds/Звуки природы - Шум дождя (www.hotplayer.ru).mp3
INFO audio Switch: loading 'sounds/Veela and Irosa Rosali, Elsie - Closed (galamp3.com).mp3' (channels=2, sampleRate=48000)
INFO not found "/assets/sounds/Veela and Irosa Rosali, Elsie - Closed (galamp3.com).mp3" in vfs
ERROR WPSoundParser.cpp:178 audio file not found: sounds/Veela and Irosa Rosali, Elsie - Closed (galamp3.com).mp3
INFO audio Switch: loading 'sounds/Звуки природы - Шум дождя (www.hotplayer.ru).mp3' (channels=2, sampleRate=48000)
INFO not found "/assets/sounds/Звуки природы - Шум дождя (www.hotplayer.ru).mp3" in vfs
ERROR WPSoundParser.cpp:178 audio file not found: sounds/Звуки природы - Шум дождя (www.hotplayer.ru).mp3
INFO audio Switch: loading 'sounds/Veela and Kooma - Pointless (galamp3.com).mp3' (channels=2, sampleRate=48000)
INFO not found "/assets/sounds/Veela and Kooma - Pointless (galamp3.com).mp3" in vfs
ERROR WPSoundParser.cpp:178 audio file not found: sounds/Veela and Kooma - Pointless (galamp3.com).mp3
INFO audio Switch: loading 'sounds/Звуки природы - Шум дождя (www.hotplayer.ru).mp3' (channels=2, sampleRate=48000)
INFO not found "/assets/sounds/Звуки природы - Шум дождя (www.hotplayer.ru).mp3" in vfs
ERROR WPSoundParser.cpp:178 audio file not found: sounds/Звуки природы - Шум дождя (www.hotplayer.ru).mp3
INFO audio Switch: loading 'sounds/Veela and Kooma - Retrospect (galamp3.com).mp3' (channels=2, sampleRate=48000)
INFO not found "/assets/sounds/Veela and Kooma - Retrospect (galamp3.com).mp3" in vfs
ERROR WPSoundParser.cpp:178 audio file not found: sounds/Veela and Kooma - Retrospect (galamp3.com).mp3
INFO audio Switch: loading 'sounds/Звуки природы - Шум дождя (www.hotplayer.ru).mp3' (channels=2, sampleRate=48000)
INFO not found "/assets/sounds/Звуки природы - Шум дождя (www.hotplayer.ru).mp3" in vfs
ERROR WPSoundParser.cpp:178 audio file not found: sounds/Звуки природы - Шум дождя (www.hotplayer.ru).mp3
INFO audio Switch: loading 'sounds/Kooma & Veela - Oasis (256  kbps).mp3' (channels=2, sampleRate=48000)
INFO not found "/assets/sounds/Kooma & Veela - Oasis (256  kbps).mp3" in vfs
ERROR WPSoundParser.cpp:178 audio file not found: sounds/Kooma & Veela - Oasis (256  kbps).mp3
INFO audio Switch: loading 'sounds/Звуки природы - Шум дождя (www.hotplayer.ru).mp3' (channels=2, sampleRate=48000)
INFO not found "/assets/sounds/Звуки природы - Шум дождя (www.hotplayer.ru).mp3" in vfs
ERROR WPSoundParser.cpp:178 audio file not found: sounds/Звуки природы - Шум дождя (www.hotplayer.ru).mp3
INFO audio Switch: loading 'sounds/aether-scotland-veela-valentine.mp3' (channels=2, sampleRate=48000)
INFO not found "/assets/sounds/aether-scotland-veela-valentine.mp3" in vfs
ERROR WPSoundParser.cpp:178 audio file not found: sounds/aether-scotland-veela-valentine.mp3
INFO audio Switch: loading 'sounds/Звуки природы - Шум дождя (www.hotplayer.ru).mp3' (channels=2, sampleRate=48000)
INFO not found "/assets/sounds/Звуки природы - Шум дождя (www.hotplayer.ru).mp3" in vfs
ERROR WPSoundParser.cpp:178 audio file not found: sounds/Звуки природы - Шум дождя (www.hotplayer.ru).mp3
INFO audio Switch: loading 'sounds/Veela and Irosa Rosali - Going Home (galamp3.com).mp3' (channels=2, sampleRate=48000)
INFO not found "/assets/sounds/Veela and Irosa Rosali - Going Home (galamp3.com).mp3" in vfs
ERROR WPSoundParser.cpp:178 audio file not found: sounds/Veela and Irosa Rosali - Going Home (galamp3.com).mp3
INFO audio Switch: loading 'sounds/Звуки природы - Шум дождя (www.hotplayer.ru).mp3' (channels=2, sampleRate=48000)
INFO not found "/assets/sounds/Звуки природы - Шум дождя (www.hotplayer.ru).mp3" in vfs
ERROR WPSoundParser.cpp:178 audio file not found: sounds/Звуки природы - Шум дождя (www.hotplayer.ru).mp3
INFO audio Switch: loading 'sounds/Veela and Irosa Rosali, Elsie - Closed (galamp3.com).mp3' (channels=2, sampleRate=48000)
INFO not found "/assets/sounds/Veela and Irosa Rosali, Elsie - Closed (galamp3.com).mp3" in vfs
ERROR WPSoundParser.cpp:178 audio file not found: sounds/Veela and Irosa Rosali, Elsie - Closed (galamp3.com).mp3
INFO audio Switch: loading 'sounds/Звуки природы - Шум дождя (www.hotplayer.ru).mp3' (channels=2, sampleRate=48000)
INFO not found "/assets/sounds/Звуки природы - Шум дождя (www.hotplayer.ru).mp3" in vfs
ERROR WPSoundParser.cpp:178 audio file not found: sounds/Звуки природы - Шум дождя (www.hotplayer.ru).mp3
INFO audio Switch: loading 'sounds/Veela and Kooma - Pointless (galamp3.com).mp3' (channels=2, sampleRate=48000)
INFO not found "/assets/sounds/Veela and Kooma - Pointless (galamp3.com).mp3" in vfs
ERROR WPSoundParser.cpp:178 audio file not found: sounds/Veela and Kooma - Pointless (galamp3.com).mp3
INFO audio Switch: loading 'sounds/Звуки природы - Шум дождя (www.hotplayer.ru).mp3' (channels=2, sampleRate=48000)
INFO not found "/assets/sounds/Звуки природы - Шум дождя (www.hotplayer.ru).mp3" in vfs
ERROR WPSoundParser.cpp:178 audio file not found: sounds/Звуки природы - Шум дождя (www.hotplayer.ru).mp3
INFO audio Switch: loading 'sounds/Veela and Kooma - Retrospect (galamp3.com).mp3' (channels=2, sampleRate=48000)
INFO not found "/assets/sounds/Veela and Kooma - Retrospect (galamp3.com).mp3" in vfs
ERROR WPSoundParser.cpp:178 audio file not found: sounds/Veela and Kooma - Retrospect (galamp3.com).mp3
INFO audio Switch: loading 'sounds/Звуки природы - Шум дождя (www.hotplayer.ru).mp3' (channels=2, sampleRate=48000)
INFO not found "/assets/sounds/Звуки природы - Шум дождя (www.hotplayer.ru).mp3" in vfs
ERROR WPSoundParser.cpp:178 audio file not found: sounds/Звуки природы - Шум дождя (www.hotplayer.ru).mp3
INFO audio Switch: loading 'sounds/Kooma & Veela - Oasis (256  kbps).mp3' (channels=2, sampleRate=48000)
INFO not found "/assets/sounds/Kooma & Veela - Oasis (256  kbps).mp3" in vfs
ERROR WPSoundParser.cpp:178 audio file not found: sounds/Kooma & Veela - Oasis (256  kbps).mp3
INFO audio Switch: loading 'sounds/Звуки природы - Шум дождя (www.hotplayer.ru).mp3' (channels=2, sampleRate=48000)
INFO not found "/assets/sounds/Звуки природы - Шум дождя (www.hotplayer.ru).mp3" in vfs
ERROR WPSoundParser.cpp:178 audio file not found: sounds/Звуки природы - Шум дождя (www.hotplayer.ru).mp3
INFO audio Switch: loading 'sounds/aether-scotland-veela-valentine.mp3' (channels=2, sampleRate=48000)
INFO not found "/assets/sounds/aether-scotland-veela-valentine.mp3" in vfs
ERROR WPSoundParser.cpp:178 audio file not found: sounds/aether-scotland-veela-valentine.mp3
INFO audio Switch: loading 'sounds/Звуки природы - Шум дождя (www.hotplayer.ru).mp3' (channels=2, sampleRate=48000)
INFO not found "/assets/sounds/Звуки природы - Шум дождя (www.hotplayer.ru).mp3" in vfs
ERROR WPSoundParser.cpp:178 audio file not found: sounds/Звуки природы - Шум дождя (www.hotplayer.ru).mp3
INFO audio Switch: loading 'sounds/Veela and Irosa Rosali - Going Home (galamp3.com).mp3' (channels=2, sampleRate=48000)
INFO not found "/assets/sounds/Veela and Irosa Rosali - Going Home (galamp3.com).mp3" in vfs
ERROR WPSoundParser.cpp:178 audio file not found: sounds/Veela and Irosa Rosali - Going Home (galamp3.com).mp3
INFO audio Switch: loading 'sounds/Звуки природы - Шум дождя (www.hotplayer.ru).mp3' (channels=2, sampleRate=48000)
INFO not found "/assets/sounds/Звуки природы - Шум дождя (www.hotplayer.ru).mp3" in vfs
ERROR WPSoundParser.cpp:178 audio file not found: sounds/Звуки природы - Шум дождя (www.hotplayer.ru).mp3
INFO audio Switch: loading 'sounds/Veela and Irosa Rosali, Elsie - Closed (galamp3.com).mp3' (channels=2, sampleRate=48000)
INFO not found "/assets/sounds/Veela and Irosa Rosali, Elsie - Closed (galamp3.com).mp3" in vfs
ERROR WPSoundParser.cpp:178 audio file not found: sounds/Veela and Irosa Rosali, Elsie - Closed (galamp3.com).mp3
INFO audio Switch: loading 'sounds/Звуки природы - Шум дождя (www.hotplayer.ru).mp3' (channels=2, sampleRate=48000)
INFO not found "/assets/sounds/Звуки природы - Шум дождя (www.hotplayer.ru).mp3" in vfs
ERROR WPSoundParser.cpp:178 audio file not found: sounds/Звуки природы - Шум дождя (www.hotplayer.ru).mp3
INFO audio Switch: loading 'sounds/Veela and Kooma - Pointless (galamp3.com).mp3' (channels=2, sampleRate=48000)
INFO not found "/assets/sounds/Veela and Kooma - Pointless (galamp3.com).mp3" in vfs
ERROR WPSoundParser.cpp:178 audio file not found: sounds/Veela and Kooma - Pointless (galamp3.com).mp3
INFO audio Switch: loading 'sounds/Звуки природы - Шум дождя (www.hotplayer.ru).mp3' (channels=2, sampleRate=48000)
INFO not found "/assets/sounds/Звуки природы - Шум дождя (www.hotplayer.ru).mp3" in vfs
ERROR WPSoundParser.cpp:178 audio file not found: sounds/Звуки природы - Шум дождя (www.hotplayer.ru).mp3
INFO audio Switch: loading 'sounds/Veela and Kooma - Retrospect (galamp3.com).mp3' (channels=2, sampleRate=48000)
INFO not found "/assets/sounds/Veela and Kooma - Retrospect (galamp3.com).mp3" in vfs
ERROR WPSoundParser.cpp:178 audio file not found: sounds/Veela and Kooma - Retrospect (galamp3.com).mp3
INFO audio Switch: loading 'sounds/Звуки природы - Шум дождя (www.hotplayer.ru).mp3' (channels=2, sampleRate=48000)
INFO not found "/assets/sounds/Звуки природы - Шум дождя (www.hotplayer.ru).mp3" in vfs
ERROR WPSoundParser.cpp:178 audio file not found: sounds/Звуки природы - Шум дождя (www.hotplayer.ru).mp3
INFO audio Switch: loading 'sounds/Kooma & Veela - Oasis (256  kbps).mp3' (channels=2, sampleRate=48000)
INFO not found "/assets/sounds/Kooma & Veela - Oasis (256  kbps).mp3" in vfs
ERROR WPSoundParser.cpp:178 audio file not found: sounds/Kooma & Veela - Oasis (256  kbps).mp3
INFO audio Switch: loading 'sounds/Звуки природы - Шум дождя (www.hotplayer.ru).mp3' (channels=2, sampleRate=48000)
INFO not found "/assets/sounds/Звуки природы - Шум дождя (www.hotplayer.ru).mp3" in vfs
ERROR WPSoundParser.cpp:178 audio file not found: sounds/Звуки природы - Шум дождя (www.hotplayer.ru).mp3
INFO audio Switch: loading 'sounds/aether-scotland-veela-valentine.mp3' (channels=2, sampleRate=48000)
INFO not found "/assets/sounds/aether-scotland-veela-valentine.mp3" in vfs
ERROR WPSoundParser.cpp:178 audio file not found: sounds/aether-scotland-veela-valentine.mp3
INFO audio Switch: loading 'sounds/Звуки природы - Шум дождя (www.hotplayer.ru).mp3' (channels=2, sampleRate=48000)
INFO not found "/assets/sounds/Звуки природы - Шум дождя (www.hotplayer.ru).mp3" in vfs
ERROR WPSoundParser.cpp:178 audio file not found: sounds/Звуки природы - Шум дождя (www.hotplayer.ru).mp3
INFO audio Switch: loading 'sounds/Veela and Irosa Rosali - Going Home (galamp3.com).mp3' (channels=2, sampleRate=48000)
INFO not found "/assets/sounds/Veela and Irosa Rosali - Going Home (galamp3.com).mp3" in vfs
ERROR WPSoundParser.cpp:178 audio file not found: sounds/Veela and Irosa Rosali - Going Home (galamp3.com).mp3
INFO audio Switch: loading 'sounds/Звуки природы - Шум дождя (www.hotplayer.ru).mp3' (channels=2, sampleRate=48000)
INFO not found "/assets/sounds/Звуки природы - Шум дождя (www.hotplayer.ru).mp3" in vfs
ERROR WPSoundParser.cpp:178 audio file not found: sounds/Звуки природы - Шум дождя (www.hotplayer.ru).mp3
INFO audio Switch: loading 'sounds/Veela and Irosa Rosali, Elsie - Closed (galamp3.com).mp3' (channels=2, sampleRate=48000)
INFO not found "/assets/sounds/Veela and Irosa Rosali, Elsie - Closed (galamp3.com).mp3" in vfs
ERROR WPSoundParser.cpp:178 audio file not found: sounds/Veela and Irosa Rosali, Elsie - Closed (galamp3.com).mp3
INFO audio Switch: loading 'sounds/Звуки природы - Шум дождя (www.hotplayer.ru).mp3' (channels=2, sampleRate=48000)
INFO not found "/assets/sounds/Звуки природы - Шум дождя (www.hotplayer.ru).mp3" in vfs
ERROR WPSoundParser.cpp:178 audio file not found: sounds/Звуки природы - Шум дождя (www.hotplayer.ru).mp3
INFO audio Switch: loading 'sounds/Veela and Kooma - Pointless (galamp3.com).mp3' (channels=2, sampleRate=48000)
INFO not found "/assets/sounds/Veela and Kooma - Pointless (galamp3.com).mp3" in vfs
ERROR WPSoundParser.cpp:178 audio file not found: sounds/Veela and Kooma - Pointless (galamp3.com).mp3
INFO audio Switch: loading 'sounds/Звуки природы - Шум дождя (www.hotplayer.ru).mp3' (channels=2, sampleRate=48000)
INFO not found "/assets/sounds/Звуки природы - Шум дождя (www.hotplayer.ru).mp3" in vfs
ERROR WPSoundParser.cpp:178 audio file not found: sounds/Звуки природы - Шум дождя (www.hotplayer.ru).mp3
INFO audio Switch: loading 'sounds/Veela and Kooma - Retrospect (galamp3.com).mp3' (channels=2, sampleRate=48000)
INFO not found "/assets/sounds/Veela and Kooma - Retrospect (galamp3.com).mp3" in vfs
ERROR WPSoundParser.cpp:178 audio file not found: sounds/Veela and Kooma - Retrospect (galamp3.com).mp3
INFO audio Switch: loading 'sounds/Звуки природы - Шум дождя (www.hotplayer.ru).mp3' (channels=2, sampleRate=48000)
INFO not found "/assets/sounds/Звуки природы - Шум дождя (www.hotplayer.ru).mp3" in vfs
ERROR WPSoundParser.cpp:178 audio file not found: sounds/Звуки природы - Шум дождя (www.hotplayer.ru).mp3
INFO audio Switch: loading 'sounds/Kooma & Veela - Oasis (256  kbps).mp3' (channels=2, sampleRate=48000)
INFO not found "/assets/sounds/Kooma & Veela - Oasis (256  kbps).mp3" in vfs
ERROR WPSoundParser.cpp:178 audio file not found: sounds/Kooma & Veela - Oasis (256  kbps).mp3
INFO audio Switch: loading 'sounds/Звуки природы - Шум дождя (www.hotplayer.ru).mp3' (channels=2, sampleRate=48000)
INFO not found "/assets/sounds/Звуки природы - Шум дождя (www.hotplayer.ru).mp3" in vfs
ERROR WPSoundParser.cpp:178 audio file not found: sounds/Звуки природы - Шум дождя (www.hotplayer.ru).mp3
INFO audio Switch: loading 'sounds/aether-scotland-veela-valentine.mp3' (channels=2, sampleRate=48000)
INFO not found "/assets/sounds/aether-scotland-veela-valentine.mp3" in vfs
ERROR WPSoundParser.cpp:178 audio file not found: sounds/aether-scotland-veela-valentine.mp3
INFO audio Switch: loading 'sounds/Звуки природы - Шум дождя (www.hotplayer.ru).mp3' (channels=2, sampleRate=48000)
INFO not found "/assets/sounds/Звуки природы - Шум дождя (www.hotplayer.ru).mp3" in vfs
ERROR WPSoundParser.cpp:178 audio file not found: sounds/Звуки природы - Шум дождя (www.hotplayer.ru).mp3
INFO audio Switch: loading 'sounds/Veela and Irosa Rosali - Going Home (galamp3.com).mp3' (channels=2, sampleRate=48000)
INFO not found "/assets/sounds/Veela and Irosa Rosali - Going Home (galamp3.com).mp3" in vfs
ERROR WPSoundParser.cpp:178 audio file not found: sounds/Veela and Irosa Rosali - Going Home (galamp3.com).mp3
INFO audio Switch: loading 'sounds/Звуки природы - Шум дождя (www.hotplayer.ru).mp3' (channels=2, sampleRate=48000)
INFO not found "/assets/sounds/Звуки природы - Шум дождя (www.hotplayer.ru).mp3" in vfs
ERROR WPSoundParser.cpp:178 audio file not found: sounds/Звуки природы - Шум дождя (www.hotplayer.ru).mp3
INFO audio Switch: loading 'sounds/Veela and Irosa Rosali, Elsie - Closed (galamp3.com).mp3' (channels=2, sampleRate=48000)
INFO not found "/assets/sounds/Veela and Irosa Rosali, Elsie - Closed (galamp3.com).mp3" in vfs
ERROR WPSoundParser.cpp:178 audio file not found: sounds/Veela and Irosa Rosali, Elsie - Closed (galamp3.com).mp3
INFO audio Switch: loading 'sounds/Звуки природы - Шум дождя (www.hotplayer.ru).mp3' (channels=2, sampleRate=48000)
INFO not found "/assets/sounds/Звуки природы - Шум дождя (www.hotplayer.ru).mp3" in vfs
ERROR WPSoundParser.cpp:178 audio file not found: sounds/Звуки природы - Шум дождя (www.hotplayer.ru).mp3
INFO audio Switch: loading 'sounds/Veela and Kooma - Pointless (galamp3.com).mp3' (channels=2, sampleRate=48000)
INFO not found "/assets/sounds/Veela and Kooma - Pointless (galamp3.com).mp3" in vfs
ERROR WPSoundParser.cpp:178 audio file not found: sounds/Veela and Kooma - Pointless (galamp3.com).mp3
INFO audio Switch: loading 'sounds/Звуки природы - Шум дождя (www.hotplayer.ru).mp3' (channels=2, sampleRate=48000)
INFO not found "/assets/sounds/Звуки природы - Шум дождя (www.hotplayer.ru).mp3" in vfs
ERROR WPSoundParser.cpp:178 audio file not found: sounds/Звуки природы - Шум дождя (www.hotplayer.ru).mp3
INFO audio Switch: loading 'sounds/Veela and Kooma - Retrospect (galamp3.com).mp3' (channels=2, sampleRate=48000)
INFO not found "/assets/sounds/Veela and Kooma - Retrospect (galamp3.com).mp3" in vfs
ERROR WPSoundParser.cpp:178 audio file not found: sounds/Veela and Kooma - Retrospect (galamp3.com).mp3
INFO audio Switch: loading 'sounds/Звуки природы - Шум дождя (www.hotplayer.ru).mp3' (channels=2, sampleRate=48000)
INFO not found "/assets/sounds/Звуки природы - Шум дождя (www.hotplayer.ru).mp3" in vfs
ERROR WPSoundParser.cpp:178 audio file not found: sounds/Звуки природы - Шум дождя (www.hotplayer.ru).mp3
INFO audio Switch: loading 'sounds/Kooma & Veela - Oasis (256  kbps).mp3' (channels=2, sampleRate=48000)
INFO not found "/assets/sounds/Kooma & Veela - Oasis (256  kbps).mp3" in vfs
ERROR WPSoundParser.cpp:178 audio file not found: sounds/Kooma & Veela - Oasis (256  kbps).mp3
INFO audio Switch: loading 'sounds/Звуки природы - Шум дождя (www.hotplayer.ru).mp3' (channels=2, sampleRate=48000)
INFO not found "/assets/sounds/Звуки природы - Шум дождя (www.hotplayer.ru).mp3" in vfs
ERROR WPSoundParser.cpp:178 audio file not found: sounds/Звуки природы - Шум дождя (www.hotplayer.ru).mp3
INFO audio Switch: loading 'sounds/aether-scotland-veela-valentine.mp3' (channels=2, sampleRate=48000)
INFO not found "/assets/sounds/aether-scotland-veela-valentine.mp3" in vfs
ERROR WPSoundParser.cpp:178 audio file not found: sounds/aether-scotland-veela-valentine.mp3
INFO audio Switch: loading 'sounds/Звуки природы - Шум дождя (www.hotplayer.ru).mp3' (channels=2, sampleRate=48000)
INFO not found "/assets/sounds/Звуки природы - Шум дождя (www.hotplayer.ru).mp3" in vfs
ERROR WPSoundParser.cpp:178 audio file not found: sounds/Звуки природы - Шум дождя (www.hotplayer.ru).mp3
INFO audio Switch: loading 'sounds/Veela and Irosa Rosali - Going Home (galamp3.com).mp3' (channels=2, sampleRate=48000)
INFO not found "/assets/sounds/Veela and Irosa Rosali - Going Home (galamp3.com).mp3" in vfs
ERROR WPSoundParser.cpp:178 audio file not found: sounds/Veela and Irosa Rosali - Going Home (galamp3.com).mp3
INFO audio Switch: loading 'sounds/Звуки природы - Шум дождя (www.hotplayer.ru).mp3' (channels=2, sampleRate=48000)
INFO not found "/assets/sounds/Звуки природы - Шум дождя (www.hotplayer.ru).mp3" in vfs
ERROR WPSoundParser.cpp:178 audio file not found: sounds/Звуки природы - Шум дождя (www.hotplayer.ru).mp3
INFO audio Switch: loading 'sounds/Veela and Irosa Rosali, Elsie - Closed (galamp3.com).mp3' (channels=2, sampleRate=48000)
INFO not found "/assets/sounds/Veela and Irosa Rosali, Elsie - Closed (galamp3.com).mp3" in vfs
ERROR WPSoundParser.cpp:178 audio file not found: sounds/Veela and Irosa Rosali, Elsie - Closed (galamp3.com).mp3
INFO audio Switch: loading 'sounds/Звуки природы - Шум дождя (www.hotplayer.ru).mp3' (channels=2, sampleRate=48000)
INFO not found "/assets/sounds/Звуки природы - Шум дождя (www.hotplayer.ru).mp3" in vfs
ERROR WPSoundParser.cpp:178 audio file not found: sounds/Звуки природы - Шум дождя (www.hotplayer.ru).mp3
INFO audio Switch: loading 'sounds/Veela and Kooma - Pointless (galamp3.com).mp3' (channels=2, sampleRate=48000)
INFO not found "/assets/sounds/Veela and Kooma - Pointless (galamp3.com).mp3" in vfs
ERROR WPSoundParser.cpp:178 audio file not found: sounds/Veela and Kooma - Pointless (galamp3.com).mp3
INFO audio Switch: loading 'sounds/Звуки природы - Шум дождя (www.hotplayer.ru).mp3' (channels=2, sampleRate=48000)
INFO not found "/assets/sounds/Звуки природы - Шум дождя (www.hotplayer.ru).mp3" in vfs
ERROR WPSoundParser.cpp:178 audio file not found: sounds/Звуки природы - Шум дождя (www.hotplayer.ru).mp3
INFO audio Switch: loading 'sounds/Veela and Kooma - Retrospect (galamp3.com).mp3' (channels=2, sampleRate=48000)
INFO not found "/assets/sounds/Veela and Kooma - Retrospect (galamp3.com).mp3" in vfs
ERROR WPSoundParser.cpp:178 audio file not found: sounds/Veela and Kooma - Retrospect (galamp3.com).mp3
INFO audio Switch: loading 'sounds/Звуки природы - Шум дождя (www.hotplayer.ru).mp3' (channels=2, sampleRate=48000)
INFO not found "/assets/sounds/Звуки природы - Шум дождя (www.hotplayer.ru).mp3" in vfs
ERROR WPSoundParser.cpp:178 audio file not found: sounds/Звуки природы - Шум дождя (www.hotplayer.ru).mp3
INFO audio Switch: loading 'sounds/Kooma & Veela - Oasis (256  kbps).mp3' (channels=2, sampleRate=48000)
INFO not found "/assets/sounds/Kooma & Veela - Oasis (256  kbps).mp3" in vfs
ERROR WPSoundParser.cpp:178 audio file not found: sounds/Kooma & Veela - Oasis (256  kbps).mp3
INFO audio Switch: loading 'sounds/Звуки природы - Шум дождя (www.hotplayer.ru).mp3' (channels=2, sampleRate=48000)
INFO not found "/assets/sounds/Звуки природы - Шум дождя (www.hotplayer.ru).mp3" in vfs
ERROR WPSoundParser.cpp:178 audio file not found: sounds/Звуки природы - Шум дождя (www.hotplayer.ru).mp3
INFO audio Switch: loading 'sounds/aether-scotland-veela-valentine.mp3' (channels=2, sampleRate=48000)
INFO not found "/assets/sounds/aether-scotland-veela-valentine.mp3" in vfs
ERROR WPSoundParser.cpp:178 audio file not found: sounds/aether-scotland-veela-valentine.mp3
INFO audio Switch: loading 'sounds/Звуки природы - Шум дождя (www.hotplayer.ru).mp3' (channels=2, sampleRate=48000)
INFO not found "/assets/sounds/Звуки природы - Шум дождя (www.hotplayer.ru).mp3" in vfs
ERROR WPSoundParser.cpp:178 audio file not found: sounds/Звуки природы - Шум дождя (www.hotplayer.ru).mp3
INFO audio Switch: loading 'sounds/Veela and Irosa Rosali - Going Home (galamp3.com).mp3' (channels=2, sampleRate=48000)
INFO not found "/assets/sounds/Veela and Irosa Rosali - Going Home (galamp3.com).mp3" in vfs
ERROR WPSoundParser.cpp:178 audio file not found: sounds/Veela and Irosa Rosali - Going Home (galamp3.com).mp3
INFO audio Switch: loading 'sounds/Звуки природы - Шум дождя (www.hotplayer.ru).mp3' (channels=2, sampleRate=48000)
INFO not found "/assets/sounds/Звуки природы - Шум дождя (www.hotplayer.ru).mp3" in vfs
ERROR WPSoundParser.cpp:178 audio file not found: sounds/Звуки природы - Шум дождя (www.hotplayer.ru).mp3
INFO audio Switch: loading 'sounds/Veela and Irosa Rosali, Elsie - Closed (galamp3.com).mp3' (channels=2, sampleRate=48000)
INFO not found "/assets/sounds/Veela and Irosa Rosali, Elsie - Closed (galamp3.com).mp3" in vfs
ERROR WPSoundParser.cpp:178 audio file not found: sounds/Veela and Irosa Rosali, Elsie - Closed (galamp3.com).mp3
INFO audio Switch: loading 'sounds/Звуки природы - Шум дождя (www.hotplayer.ru).mp3' (channels=2, sampleRate=48000)
INFO not found "/assets/sounds/Звуки природы - Шум дождя (www.hotplayer.ru).mp3" in vfs
ERROR WPSoundParser.cpp:178 audio file not found: sounds/Звуки природы - Шум дождя (www.hotplayer.ru).mp3
INFO audio Switch: loading 'sounds/Veela and Kooma - Pointless (galamp3.com).mp3' (channels=2, sampleRate=48000)
INFO not found "/assets/sounds/Veela and Kooma - Pointless (galamp3.com).mp3" in vfs
ERROR WPSoundParser.cpp:178 audio file not found: sounds/Veela and Kooma - Pointless (galamp3.com).mp3
INFO audio Switch: loading 'sounds/Звуки природы - Шум дождя (www.hotplayer.ru).mp3' (channels=2, sampleRate=48000)
INFO not found "/assets/sounds/Звуки природы - Шум дождя (www.hotplayer.ru).mp3" in vfs
ERROR WPSoundParser.cpp:178 audio file not found: sounds/Звуки природы - Шум дождя (www.hotplayer.ru).mp3
INFO audio Switch: loading 'sounds/Veela and Kooma - Retrospect (galamp3.com).mp3' (channels=2, sampleRate=48000)
INFO not found "/assets/sounds/Veela and Kooma - Retrospect (galamp3.com).mp3" in vfs
ERROR WPSoundParser.cpp:178 audio file not found: sounds/Veela and Kooma - Retrospect (galamp3.com).mp3
INFO audio Switch: loading 'sounds/Звуки природы - Шум дождя (www.hotplayer.ru).mp3' (channels=2, sampleRate=48000)
INFO not found "/assets/sounds/Звуки природы - Шум дождя (www.hotplayer.ru).mp3" in vfs
ERROR WPSoundParser.cpp:178 audio file not found: sounds/Звуки природы - Шум дождя (www.hotplayer.ru).mp3
INFO audio Switch: loading 'sounds/Kooma & Veela - Oasis (256  kbps).mp3' (channels=2, sampleRate=48000)
INFO not found "/assets/sounds/Kooma & Veela - Oasis (256  kbps).mp3" in vfs
ERROR WPSoundParser.cpp:178 audio file not found: sounds/Kooma & Veela - Oasis (256  kbps).mp3
INFO audio Switch: loading 'sounds/Звуки природы - Шум дождя (www.hotplayer.ru).mp3' (channels=2, sampleRate=48000)
INFO not found "/assets/sounds/Звуки природы - Шум дождя (www.hotplayer.ru).mp3" in vfs
ERROR WPSoundParser.cpp:178 audio file not found: sounds/Звуки природы - Шум дождя (www.hotplayer.ru).mp3
INFO audio Switch: loading 'sounds/aether-scotland-veela-valentine.mp3' (channels=2, sampleRate=48000)
INFO not found "/assets/sounds/aether-scotland-veela-valentine.mp3" in vfs
ERROR WPSoundParser.cpp:178 audio file not found: sounds/aether-scotland-veela-valentine.mp3
INFO audio Switch: loading 'sounds/Звуки природы - Шум дождя (www.hotplayer.ru).mp3' (channels=2, sampleRate=48000)
INFO not found "/assets/sounds/Звуки природы - Шум дождя (www.hotplayer.ru).mp3" in vfs
ERROR WPSoundParser.cpp:178 audio file not found: sounds/Звуки природы - Шум дождя (www.hotplayer.ru).mp3
INFO audio Switch: loading 'sounds/Veela and Irosa Rosali - Going Home (galamp3.com).mp3' (channels=2, sampleRate=48000)
INFO not found "/assets/sounds/Veela and Irosa Rosali - Going Home (galamp3.com).mp3" in vfs
ERROR WPSoundParser.cpp:178 audio file not found: sounds/Veela and Irosa Rosali - Going Home (galamp3.com).mp3
INFO audio Switch: loading 'sounds/Звуки природы - Шум дождя (www.hotplayer.ru).mp3' (channels=2, sampleRate=48000)
INFO not found "/assets/sounds/Звуки природы - Шум дождя (www.hotplayer.ru).mp3" in vfs
ERROR WPSoundParser.cpp:178 audio file not found: sounds/Звуки природы - Шум дождя (www.hotplayer.ru).mp3
INFO audio Switch: loading 'sounds/Veela and Irosa Rosali, Elsie - Closed (galamp3.com).mp3' (channels=2, sampleRate=48000)
INFO not found "/assets/sounds/Veela and Irosa Rosali, Elsie - Closed (galamp3.com).mp3" in vfs
ERROR WPSoundParser.cpp:178 audio file not found: sounds/Veela and Irosa Rosali, Elsie - Closed (galamp3.com).mp3
INFO audio Switch: loading 'sounds/Звуки природы - Шум дождя (www.hotplayer.ru).mp3' (channels=2, sampleRate=48000)
INFO not found "/assets/sounds/Звуки природы - Шум дождя (www.hotplayer.ru).mp3" in vfs
ERROR WPSoundParser.cpp:178 audio file not found: sounds/Звуки природы - Шум дождя (www.hotplayer.ru).mp3
INFO audio Switch: loading 'sounds/Veela and Kooma - Pointless (galamp3.com).mp3' (channels=2, sampleRate=48000)
INFO not found "/assets/sounds/Veela and Kooma - Pointless (galamp3.com).mp3" in vfs
ERROR WPSoundParser.cpp:178 audio file not found: sounds/Veela and Kooma - Pointless (galamp3.com).mp3
INFO audio Switch: loading 'sounds/Звуки природы - Шум дождя (www.hotplayer.ru).mp3' (channels=2, sampleRate=48000)
INFO not found "/assets/sounds/Звуки природы - Шум дождя (www.hotplayer.ru).mp3" in vfs
ERROR WPSoundParser.cpp:178 audio file not found: sounds/Звуки природы - Шум дождя (www.hotplayer.ru).mp3
INFO audio Switch: loading 'sounds/Veela and Kooma - Retrospect (galamp3.com).mp3' (channels=2, sampleRate=48000)
INFO not found "/assets/sounds/Veela and Kooma - Retrospect (galamp3.com).mp3" in vfs
ERROR WPSoundParser.cpp:178 audio file not found: sounds/Veela and Kooma - Retrospect (galamp3.com).mp3
INFO audio Switch: loading 'sounds/Звуки природы - Шум дождя (www.hotplayer.ru).mp3' (channels=2, sampleRate=48000)
INFO not found "/assets/sounds/Звуки природы - Шум дождя (www.hotplayer.ru).mp3" in vfs
ERROR WPSoundParser.cpp:178 audio file not found: sounds/Звуки природы - Шум дождя (www.hotplayer.ru).mp3
INFO audio Switch: loading 'sounds/Kooma & Veela - Oasis (256  kbps).mp3' (channels=2, sampleRate=48000)
INFO not found "/assets/sounds/Kooma & Veela - Oasis (256  kbps).mp3" in vfs
ERROR WPSoundParser.cpp:178 audio file not found: sounds/Kooma & Veela - Oasis (256  kbps).mp3
INFO audio Switch: loading 'sounds/Звуки природы - Шум дождя (www.hotplayer.ru).mp3' (channels=2, sampleRate=48000)
INFO not found "/assets/sounds/Звуки природы - Шум дождя (www.hotplayer.ru).mp3" in vfs
ERROR WPSoundParser.cpp:178 audio file not found: sounds/Звуки природы - Шум дождя (www.hotplayer.ru).mp3
INFO audio Switch: loading 'sounds/aether-scotland-veela-valentine.mp3' (channels=2, sampleRate=48000)
INFO not found "/assets/sounds/aether-scotland-veela-valentine.mp3" in vfs
ERROR WPSoundParser.cpp:178 audio file not found: sounds/aether-scotland-veela-valentine.mp3
INFO audio Switch: loading 'sounds/Звуки природы - Шум дождя (www.hotplayer.ru).mp3' (channels=2, sampleRate=48000)
INFO not found "/assets/sounds/Звуки природы - Шум дождя (www.hotplayer.ru).mp3" in vfs
ERROR WPSoundParser.cpp:178 audio file not found: sounds/Звуки природы - Шум дождя (www.hotplayer.ru).mp3
INFO audio Switch: loading 'sounds/Veela and Irosa Rosali - Going Home (galamp3.com).mp3' (channels=2, sampleRate=48000)
INFO not found "/assets/sounds/Veela and Irosa Rosali - Going Home (galamp3.com).mp3" in vfs
ERROR WPSoundParser.cpp:178 audio file not found: sounds/Veela and Irosa Rosali - Going Home (galamp3.com).mp3
INFO audio Switch: loading 'sounds/Звуки природы - Шум дождя (www.hotplayer.ru).mp3' (channels=2, sampleRate=48000)
INFO not found "/assets/sounds/Звуки природы - Шум дождя (www.hotplayer.ru).mp3" in vfs
ERROR WPSoundParser.cpp:178 audio file not found: sounds/Звуки природы - Шум дождя (www.hotplayer.ru).mp3
INFO audio Switch: loading 'sounds/Veela and Irosa Rosali, Elsie - Closed (galamp3.com).mp3' (channels=2, sampleRate=48000)
INFO not found "/assets/sounds/Veela and Irosa Rosali, Elsie - Closed (galamp3.com).mp3" in vfs
ERROR WPSoundParser.cpp:178 audio file not found: sounds/Veela and Irosa Rosali, Elsie - Closed (galamp3.com).mp3
INFO audio Switch: loading 'sounds/Звуки природы - Шум дождя (www.hotplayer.ru).mp3' (channels=2, sampleRate=48000)
INFO not found "/assets/sounds/Звуки природы - Шум дождя (www.hotplayer.ru).mp3" in vfs
ERROR WPSoundParser.cpp:178 audio file not found: sounds/Звуки природы - Шум дождя (www.hotplayer.ru).mp3
INFO audio Switch: loading 'sounds/Veela and Kooma - Pointless (galamp3.com).mp3' (channels=2, sampleRate=48000)
INFO not found "/assets/sounds/Veela and Kooma - Pointless (galamp3.com).mp3" in vfs
ERROR WPSoundParser.cpp:178 audio file not found: sounds/Veela and Kooma - Pointless (galamp3.com).mp3
INFO audio Switch: loading 'sounds/Звуки природы - Шум дождя (www.hotplayer.ru).mp3' (channels=2, sampleRate=48000)
INFO not found "/assets/sounds/Звуки природы - Шум дождя (www.hotplayer.ru).mp3" in vfs
ERROR WPSoundParser.cpp:178 audio file not found: sounds/Звуки природы - Шум дождя (www.hotplayer.ru).mp3
INFO audio Switch: loading 'sounds/Veela and Kooma - Retrospect (galamp3.com).mp3' (channels=2, sampleRate=48000)
INFO not found "/assets/sounds/Veela and Kooma - Retrospect (galamp3.com).mp3" in vfs
ERROR WPSoundParser.cpp:178 audio file not found: sounds/Veela and Kooma - Retrospect (galamp3.com).mp3
INFO audio Switch: loading 'sounds/Звуки природы - Шум дождя (www.hotplayer.ru).mp3' (channels=2, sampleRate=48000)
INFO not found "/assets/sounds/Звуки природы - Шум дождя (www.hotplayer.ru).mp3" in vfs
ERROR WPSoundParser.cpp:178 audio file not found: sounds/Звуки природы - Шум дождя (www.hotplayer.ru).mp3
INFO audio Switch: loading 'sounds/Kooma & Veela - Oasis (256  kbps).mp3' (channels=2, sampleRate=48000)
INFO not found "/assets/sounds/Kooma & Veela - Oasis (256  kbps).mp3" in vfs
ERROR WPSoundParser.cpp:178 audio file not found: sounds/Kooma & Veela - Oasis (256  kbps).mp3
INFO audio Switch: loading 'sounds/Звуки природы - Шум дождя (www.hotplayer.ru).mp3' (channels=2, sampleRate=48000)
INFO not found "/assets/sounds/Звуки природы - Шум дождя (www.hotplayer.ru).mp3" in vfs
ERROR WPSoundParser.cpp:178 audio file not found: sounds/Звуки природы - Шум дождя (www.hotplayer.ru).mp3
INFO audio Switch: loading 'sounds/aether-scotland-veela-valentine.mp3' (channels=2, sampleRate=48000)
INFO not found "/assets/sounds/aether-scotland-veela-valentine.mp3" in vfs
ERROR WPSoundParser.cpp:178 audio file not found: sounds/aether-scotland-veela-valentine.mp3
INFO audio Switch: loading 'sounds/Звуки природы - Шум дождя (www.hotplayer.ru).mp3' (channels=2, sampleRate=48000)
INFO not found "/assets/sounds/Звуки природы - Шум дождя (www.hotplayer.ru).mp3" in vfs
ERROR WPSoundParser.cpp:178 audio file not found: sounds/Звуки природы - Шум дождя (www.hotplayer.ru).mp3
INFO audio Switch: loading 'sounds/Veela and Irosa Rosali - Going Home (galamp3.com).mp3' (channels=2, sampleRate=48000)
INFO not found "/assets/sounds/Veela and Irosa Rosali - Going Home (galamp3.com).mp3" in vfs
ERROR WPSoundParser.cpp:178 audio file not found: sounds/Veela and Irosa Rosali - Going Home (galamp3.com).mp3
INFO audio Switch: loading 'sounds/Звуки природы - Шум дождя (www.hotplayer.ru).mp3' (channels=2, sampleRate=48000)
INFO not found "/assets/sounds/Звуки природы - Шум дождя (www.hotplayer.ru).mp3" in vfs
ERROR WPSoundParser.cpp:178 audio file not found: sounds/Звуки природы - Шум дождя (www.hotplayer.ru).mp3
INFO audio Switch: loading 'sounds/Veela and Irosa Rosali, Elsie - Closed (galamp3.com).mp3' (channels=2, sampleRate=48000)
INFO not found "/assets/sounds/Veela and Irosa Rosali, Elsie - Closed (galamp3.com).mp3" in vfs
ERROR WPSoundParser.cpp:178 audio file not found: sounds/Veela and Irosa Rosali, Elsie - Closed (galamp3.com).mp3
INFO audio Switch: loading 'sounds/Звуки природы - Шум дождя (www.hotplayer.ru).mp3' (channels=2, sampleRate=48000)
INFO not found "/assets/sounds/Звуки природы - Шум дождя (www.hotplayer.ru).mp3" in vfs
ERROR WPSoundParser.cpp:178 audio file not found: sounds/Звуки природы - Шум дождя (www.hotplayer.ru).mp3
INFO audio Switch: loading 'sounds/Veela and Kooma - Pointless (galamp3.com).mp3' (channels=2, sampleRate=48000)
INFO not found "/assets/sounds/Veela and Kooma - Pointless (galamp3.com).mp3" in vfs
ERROR WPSoundParser.cpp:178 audio file not found: sounds/Veela and Kooma - Pointless (galamp3.com).mp3
INFO audio Switch: loading 'sounds/Звуки природы - Шум дождя (www.hotplayer.ru).mp3' (channels=2, sampleRate=48000)
INFO not found "/assets/sounds/Звуки природы - Шум дождя (www.hotplayer.ru).mp3" in vfs
ERROR WPSoundParser.cpp:178 audio file not found: sounds/Звуки природы - Шум дождя (www.hotplayer.ru).mp3
INFO audio Switch: loading 'sounds/Veela and Kooma - Retrospect (galamp3.com).mp3' (channels=2, sampleRate=48000)
INFO not found "/assets/sounds/Veela and Kooma - Retrospect (galamp3.com).mp3" in vfs
ERROR WPSoundParser.cpp:178 audio file not found: sounds/Veela and Kooma - Retrospect (galamp3.com).mp3
INFO audio Switch: loading 'sounds/Звуки природы - Шум дождя (www.hotplayer.ru).mp3' (channels=2, sampleRate=48000)
INFO not found "/assets/sounds/Звуки природы - Шум дождя (www.hotplayer.ru).mp3" in vfs
ERROR WPSoundParser.cpp:178 audio file not found: sounds/Звуки природы - Шум дождя (www.hotplayer.ru).mp3
INFO audio Switch: loading 'sounds/Kooma & Veela - Oasis (256  kbps).mp3' (channels=2, sampleRate=48000)
INFO not found "/assets/sounds/Kooma & Veela - Oasis (256  kbps).mp3" in vfs
ERROR WPSoundParser.cpp:178 audio file not found: sounds/Kooma & Veela - Oasis (256  kbps).mp3
INFO audio Switch: loading 'sounds/Звуки природы - Шум дождя (www.hotplayer.ru).mp3' (channels=2, sampleRate=48000)
INFO not found "/assets/sounds/Звуки природы - Шум дождя (www.hotplayer.ru).mp3" in vfs
ERROR WPSoundParser.cpp:178 audio file not found: sounds/Звуки природы - Шум дождя (www.hotplayer.ru).mp3
INFO audio Switch: loading 'sounds/aether-scotland-veela-valentine.mp3' (channels=2, sampleRate=48000)
INFO not found "/assets/sounds/aether-scotland-veela-valentine.mp3" in vfs
ERROR WPSoundParser.cpp:178 audio file not found: sounds/aether-scotland-veela-valentine.mp3
INFO audio Switch: loading 'sounds/Звуки природы - Шум дождя (www.hotplayer.ru).mp3' (channels=2, sampleRate=48000)
INFO not found "/assets/sounds/Звуки природы - Шум дождя (www.hotplayer.ru).mp3" in vfs
ERROR WPSoundParser.cpp:178 audio file not found: sounds/Звуки природы - Шум дождя (www.hotplayer.ru).mp3
INFO audio Switch: loading 'sounds/Veela and Irosa Rosali - Going Home (galamp3.com).mp3' (channels=2, sampleRate=48000)
INFO not found "/assets/sounds/Veela and Irosa Rosali - Going Home (galamp3.com).mp3" in vfs
ERROR WPSoundParser.cpp:178 audio file not found: sounds/Veela and Irosa Rosali - Going Home (galamp3.com).mp3
INFO audio Switch: loading 'sounds/Звуки природы - Шум дождя (www.hotplayer.ru).mp3' (channels=2, sampleRate=48000)
INFO not found "/assets/sounds/Звуки природы - Шум дождя (www.hotplayer.ru).mp3" in vfs
ERROR WPSoundParser.cpp:178 audio file not found: sounds/Звуки природы - Шум дождя (www.hotplayer.ru).mp3
INFO audio Switch: loading 'sounds/Veela and Irosa Rosali, Elsie - Closed (galamp3.com).mp3' (channels=2, sampleRate=48000)
INFO not found "/assets/sounds/Veela and Irosa Rosali, Elsie - Closed (galamp3.com).mp3" in vfs
ERROR WPSoundParser.cpp:178 audio file not found: sounds/Veela and Irosa Rosali, Elsie - Closed (galamp3.com).mp3
INFO audio Switch: loading 'sounds/Звуки природы - Шум дождя (www.hotplayer.ru).mp3' (channels=2, sampleRate=48000)
INFO not found "/assets/sounds/Звуки природы - Шум дождя (www.hotplayer.ru).mp3" in vfs
ERROR WPSoundParser.cpp:178 audio file not found: sounds/Звуки природы - Шум дождя (www.hotplayer.ru).mp3
INFO audio Switch: loading 'sounds/Veela and Kooma - Pointless (galamp3.com).mp3' (channels=2, sampleRate=48000)
INFO not found "/assets/sounds/Veela and Kooma - Pointless (galamp3.com).mp3" in vfs
ERROR WPSoundParser.cpp:178 audio file not found: sounds/Veela and Kooma - Pointless (galamp3.com).mp3
INFO audio Switch: loading 'sounds/Звуки природы - Шум дождя (www.hotplayer.ru).mp3' (channels=2, sampleRate=48000)
INFO not found "/assets/sounds/Звуки природы - Шум дождя (www.hotplayer.ru).mp3" in vfs
ERROR WPSoundParser.cpp:178 audio file not found: sounds/Звуки природы - Шум дождя (www.hotplayer.ru).mp3
INFO audio Switch: loading 'sounds/Veela and Kooma - Retrospect (galamp3.com).mp3' (channels=2, sampleRate=48000)
INFO not found "/assets/sounds/Veela and Kooma - Retrospect (galamp3.com).mp3" in vfs
ERROR WPSoundParser.cpp:178 audio file not found: sounds/Veela and Kooma - Retrospect (galamp3.com).mp3
INFO audio Switch: loading 'sounds/Звуки природы - Шум дождя (www.hotplayer.ru).mp3' (channels=2, sampleRate=48000)
INFO not found "/assets/sounds/Звуки природы - Шум дождя (www.hotplayer.ru).mp3" in vfs
ERROR WPSoundParser.cpp:178 audio file not found: sounds/Звуки природы - Шум дождя (www.hotplayer.ru).mp3
INFO audio Switch: loading 'sounds/Kooma & Veela - Oasis (256  kbps).mp3' (channels=2, sampleRate=48000)
INFO not found "/assets/sounds/Kooma & Veela - Oasis (256  kbps).mp3" in vfs
ERROR WPSoundParser.cpp:178 audio file not found: sounds/Kooma & Veela - Oasis (256  kbps).mp3
INFO audio Switch: loading 'sounds/Звуки природы - Шум дождя (www.hotplayer.ru).mp3' (channels=2, sampleRate=48000)
INFO not found "/assets/sounds/Звуки природы - Шум дождя (www.hotplayer.ru).mp3" in vfs
ERROR WPSoundParser.cpp:178 audio file not found: sounds/Звуки природы - Шум дождя (www.hotplayer.ru).mp3
INFO audio Switch: loading 'sounds/aether-scotland-veela-valentine.mp3' (channels=2, sampleRate=48000)
INFO not found "/assets/sounds/aether-scotland-veela-valentine.mp3" in vfs
ERROR WPSoundParser.cpp:178 audio file not found: sounds/aether-scotland-veela-valentine.mp3
INFO audio Switch: loading 'sounds/Звуки природы - Шум дождя (www.hotplayer.ru).mp3' (channels=2, sampleRate=48000)
INFO not found "/assets/sounds/Звуки природы - Шум дождя (www.hotplayer.ru).mp3" in vfs
ERROR WPSoundParser.cpp:178 audio file not found: sounds/Звуки природы - Шум дождя (www.hotplayer.ru).mp3
INFO audio Switch: loading 'sounds/Veela and Irosa Rosali - Going Home (galamp3.com).mp3' (channels=2, sampleRate=48000)
INFO not found "/assets/sounds/Veela and Irosa Rosali - Going Home (galamp3.com).mp3" in vfs
ERROR WPSoundParser.cpp:178 audio file not found: sounds/Veela and Irosa Rosali - Going Home (galamp3.com).mp3
INFO audio Switch: loading 'sounds/Звуки природы - Шум дождя (www.hotplayer.ru).mp3' (channels=2, sampleRate=48000)
INFO not found "/assets/sounds/Звуки природы - Шум дождя (www.hotplayer.ru).mp3" in vfs
ERROR WPSoundParser.cpp:178 audio file not found: sounds/Звуки природы - Шум дождя (www.hotplayer.ru).mp3
INFO audio Switch: loading 'sounds/Veela and Irosa Rosali, Elsie - Closed (galamp3.com).mp3' (channels=2, sampleRate=48000)
INFO not found "/assets/sounds/Veela and Irosa Rosali, Elsie - Closed (galamp3.com).mp3" in vfs
ERROR WPSoundParser.cpp:178 audio file not found: sounds/Veela and Irosa Rosali, Elsie - Closed (galamp3.com).mp3
INFO audio Switch: loading 'sounds/Звуки природы - Шум дождя (www.hotplayer.ru).mp3' (channels=2, sampleRate=48000)
INFO not found "/assets/sounds/Звуки природы - Шум дождя (www.hotplayer.ru).mp3" in vfs
ERROR WPSoundParser.cpp:178 audio file not found: sounds/Звуки природы - Шум дождя (www.hotplayer.ru).mp3
INFO audio Switch: loading 'sounds/Veela and Kooma - Pointless (galamp3.com).mp3' (channels=2, sampleRate=48000)
INFO not found "/assets/sounds/Veela and Kooma - Pointless (galamp3.com).mp3" in vfs
ERROR WPSoundParser.cpp:178 audio file not found: sounds/Veela and Kooma - Pointless (galamp3.com).mp3
INFO audio Switch: loading 'sounds/Звуки природы - Шум дождя (www.hotplayer.ru).mp3' (channels=2, sampleRate=48000)
INFO not found "/assets/sounds/Звуки природы - Шум дождя (www.hotplayer.ru).mp3" in vfs
ERROR WPSoundParser.cpp:178 audio file not found: sounds/Звуки природы - Шум дождя (www.hotplayer.ru).mp3
INFO audio Switch: loading 'sounds/Veela and Kooma - Retrospect (galamp3.com).mp3' (channels=2, sampleRate=48000)
INFO not found "/assets/sounds/Veela and Kooma - Retrospect (galamp3.com).mp3" in vfs
ERROR WPSoundParser.cpp:178 audio file not found: sounds/Veela and Kooma - Retrospect (galamp3.com).mp3
INFO audio Switch: loading 'sounds/Звуки природы - Шум дождя (www.hotplayer.ru).mp3' (channels=2, sampleRate=48000)
INFO not found "/assets/sounds/Звуки природы - Шум дождя (www.hotplayer.ru).mp3" in vfs
ERROR WPSoundParser.cpp:178 audio file not found: sounds/Звуки природы - Шум дождя (www.hotplayer.ru).mp3
INFO audio Switch: loading 'sounds/Kooma & Veela - Oasis (256  kbps).mp3' (channels=2, sampleRate=48000)
INFO not found "/assets/sounds/Kooma & Veela - Oasis (256  kbps).mp3" in vfs
ERROR WPSoundParser.cpp:178 audio file not found: sounds/Kooma & Veela - Oasis (256  kbps).mp3
INFO audio Switch: loading 'sounds/Звуки природы - Шум дождя (www.hotplayer.ru).mp3' (channels=2, sampleRate=48000)
INFO not found "/assets/sounds/Звуки природы - Шум дождя (www.hotplayer.ru).mp3" in vfs
ERROR WPSoundParser.cpp:178 audio file not found: sounds/Звуки природы - Шум дождя (www.hotplayer.ru).mp3
INFO audio Switch: loading 'sounds/aether-scotland-veela-valentine.mp3' (channels=2, sampleRate=48000)
INFO not found "/assets/sounds/aether-scotland-veela-valentine.mp3" in vfs
ERROR WPSoundParser.cpp:178 audio file not found: sounds/aether-scotland-veela-valentine.mp3
INFO audio Switch: loading 'sounds/Звуки природы - Шум дождя (www.hotplayer.ru).mp3' (channels=2, sampleRate=48000)
INFO not found "/assets/sounds/Звуки природы - Шум дождя (www.hotplayer.ru).mp3" in vfs
ERROR WPSoundParser.cpp:178 audio file not found: sounds/Звуки природы - Шум дождя (www.hotplayer.ru).mp3
INFO audio Switch: loading 'sounds/Veela and Irosa Rosali - Going Home (galamp3.com).mp3' (channels=2, sampleRate=48000)
INFO not found "/assets/sounds/Veela and Irosa Rosali - Going Home (galamp3.com).mp3" in vfs
ERROR WPSoundParser.cpp:178 audio file not found: sounds/Veela and Irosa Rosali - Going Home (galamp3.com).mp3
INFO audio Switch: loading 'sounds/Звуки природы - Шум дождя (www.hotplayer.ru).mp3' (channels=2, sampleRate=48000)
INFO not found "/assets/sounds/Звуки природы - Шум дождя (www.hotplayer.ru).mp3" in vfs
ERROR WPSoundParser.cpp:178 audio file not found: sounds/Звуки природы - Шум дождя (www.hotplayer.ru).mp3
INFO audio Switch: loading 'sounds/Veela and Irosa Rosali, Elsie - Closed (galamp3.com).mp3' (channels=2, sampleRate=48000)
INFO not found "/assets/sounds/Veela and Irosa Rosali, Elsie - Closed (galamp3.com).mp3" in vfs
ERROR WPSoundParser.cpp:178 audio file not found: sounds/Veela and Irosa Rosali, Elsie - Closed (galamp3.com).mp3
INFO audio Switch: loading 'sounds/Звуки природы - Шум дождя (www.hotplayer.ru).mp3' (channels=2, sampleRate=48000)
INFO not found "/assets/sounds/Звуки природы - Шум дождя (www.hotplayer.ru).mp3" in vfs
ERROR WPSoundParser.cpp:178 audio file not found: sounds/Звуки природы - Шум дождя (www.hotplayer.ru).mp3
INFO audio Switch: loading 'sounds/Veela and Kooma - Pointless (galamp3.com).mp3' (channels=2, sampleRate=48000)
INFO not found "/assets/sounds/Veela and Kooma - Pointless (galamp3.com).mp3" in vfs
ERROR WPSoundParser.cpp:178 audio file not found: sounds/Veela and Kooma - Pointless (galamp3.com).mp3
INFO audio Switch: loading 'sounds/Звуки природы - Шум дождя (www.hotplayer.ru).mp3' (channels=2, sampleRate=48000)
INFO not found "/assets/sounds/Звуки природы - Шум дождя (www.hotplayer.ru).mp3" in vfs
ERROR WPSoundParser.cpp:178 audio file not found: sounds/Звуки природы - Шум дождя (www.hotplayer.ru).mp3
INFO audio Switch: loading 'sounds/Veela and Kooma - Retrospect (galamp3.com).mp3' (channels=2, sampleRate=48000)
INFO not found "/assets/sounds/Veela and Kooma - Retrospect (galamp3.com).mp3" in vfs
ERROR WPSoundParser.cpp:178 audio file not found: sounds/Veela and Kooma - Retrospect (galamp3.com).mp3
INFO audio Switch: loading 'sounds/Звуки природы - Шум дождя (www.hotplayer.ru).mp3' (channels=2, sampleRate=48000)
INFO not found "/assets/sounds/Звуки природы - Шум дождя (www.hotplayer.ru).mp3" in vfs
ERROR WPSoundParser.cpp:178 audio file not found: sounds/Звуки природы - Шум дождя (www.hotplayer.ru).mp3
INFO audio Switch: loading 'sounds/Kooma & Veela - Oasis (256  kbps).mp3' (channels=2, sampleRate=48000)
INFO not found "/assets/sounds/Kooma & Veela - Oasis (256  kbps).mp3" in vfs
ERROR WPSoundParser.cpp:178 audio file not found: sounds/Kooma & Veela - Oasis (256  kbps).mp3
INFO audio Switch: loading 'sounds/Звуки природы - Шум дождя (www.hotplayer.ru).mp3' (channels=2, sampleRate=48000)
INFO not found "/assets/sounds/Звуки природы - Шум дождя (www.hotplayer.ru).mp3" in vfs
ERROR WPSoundParser.cpp:178 audio file not found: sounds/Звуки природы - Шум дождя (www.hotplayer.ru).mp3
INFO audio Switch: loading 'sounds/aether-scotland-veela-valentine.mp3' (channels=2, sampleRate=48000)
INFO not found "/assets/sounds/aether-scotland-veela-valentine.mp3" in vfs
ERROR WPSoundParser.cpp:178 audio file not found: sounds/aether-scotland-veela-valentine.mp3
INFO audio Switch: loading 'sounds/Звуки природы - Шум дождя (www.hotplayer.ru).mp3' (channels=2, sampleRate=48000)
INFO not found "/assets/sounds/Звуки природы - Шум дождя (www.hotplayer.ru).mp3" in vfs
ERROR WPSoundParser.cpp:178 audio file not found: sounds/Звуки природы - Шум дождя (www.hotplayer.ru).mp3
INFO audio Switch: loading 'sounds/Veela and Irosa Rosali - Going Home (galamp3.com).mp3' (channels=2, sampleRate=48000)
INFO not found "/assets/sounds/Veela and Irosa Rosali - Going Home (galamp3.com).mp3" in vfs
ERROR WPSoundParser.cpp:178 audio file not found: sounds/Veela and Irosa Rosali - Going Home (galamp3.com).mp3
INFO audio Switch: loading 'sounds/Звуки природы - Шум дождя (www.hotplayer.ru).mp3' (channels=2, sampleRate=48000)
INFO not found "/assets/sounds/Звуки природы - Шум дождя (www.hotplayer.ru).mp3" in vfs
ERROR WPSoundParser.cpp:178 audio file not found: sounds/Звуки природы - Шум дождя (www.hotplayer.ru).mp3
INFO audio Switch: loading 'sounds/Veela and Irosa Rosali, Elsie - Closed (galamp3.com).mp3' (channels=2, sampleRate=48000)
INFO not found "/assets/sounds/Veela and Irosa Rosali, Elsie - Closed (galamp3.com).mp3" in vfs
ERROR WPSoundParser.cpp:178 audio file not found: sounds/Veela and Irosa Rosali, Elsie - Closed (galamp3.com).mp3
INFO audio Switch: loading 'sounds/Звуки природы - Шум дождя (www.hotplayer.ru).mp3' (channels=2, sampleRate=48000)
INFO not found "/assets/sounds/Звуки природы - Шум дождя (www.hotplayer.ru).mp3" in vfs
ERROR WPSoundParser.cpp:178 audio file not found: sounds/Звуки природы - Шум дождя (www.hotplayer.ru).mp3
INFO audio Switch: loading 'sounds/Veela and Kooma - Pointless (galamp3.com).mp3' (channels=2, sampleRate=48000)
INFO not found "/assets/sounds/Veela and Kooma - Pointless (galamp3.com).mp3" in vfs
ERROR WPSoundParser.cpp:178 audio file not found: sounds/Veela and Kooma - Pointless (galamp3.com).mp3
INFO audio Switch: loading 'sounds/Звуки природы - Шум дождя (www.hotplayer.ru).mp3' (channels=2, sampleRate=48000)
INFO not found "/assets/sounds/Звуки природы - Шум дождя (www.hotplayer.ru).mp3" in vfs
ERROR WPSoundParser.cpp:178 audio file not found: sounds/Звуки природы - Шум дождя (www.hotplayer.ru).mp3
INFO audio Switch: loading 'sounds/Veela and Kooma - Retrospect (galamp3.com).mp3' (channels=2, sampleRate=48000)
INFO not found "/assets/sounds/Veela and Kooma - Retrospect (galamp3.com).mp3" in vfs
ERROR WPSoundParser.cpp:178 audio file not found: sounds/Veela and Kooma - Retrospect (galamp3.com).mp3
INFO audio Switch: loading 'sounds/Звуки природы - Шум дождя (www.hotplayer.ru).mp3' (channels=2, sampleRate=48000)
INFO not found "/assets/sounds/Звуки природы - Шум дождя (www.hotplayer.ru).mp3" in vfs
ERROR WPSoundParser.cpp:178 audio file not found: sounds/Звуки природы - Шум дождя (www.hotplayer.ru).mp3
INFO audio Switch: loading 'sounds/Kooma & Veela - Oasis (256  kbps).mp3' (channels=2, sampleRate=48000)
INFO not found "/assets/sounds/Kooma & Veela - Oasis (256  kbps).mp3" in vfs
ERROR WPSoundParser.cpp:178 audio file not found: sounds/Kooma & Veela - Oasis (256  kbps).mp3
INFO audio Switch: loading 'sounds/Звуки природы - Шум дождя (www.hotplayer.ru).mp3' (channels=2, sampleRate=48000)
INFO not found "/assets/sounds/Звуки природы - Шум дождя (www.hotplayer.ru).mp3" in vfs
ERROR WPSoundParser.cpp:178 audio file not found: sounds/Звуки природы - Шум дождя (www.hotplayer.ru).mp3
INFO audio Switch: loading 'sounds/aether-scotland-veela-valentine.mp3' (channels=2, sampleRate=48000)
INFO not found "/assets/sounds/aether-scotland-veela-valentine.mp3" in vfs
ERROR WPSoundParser.cpp:178 audio file not found: sounds/aether-scotland-veela-valentine.mp3
INFO audio Switch: loading 'sounds/Звуки природы - Шум дождя (www.hotplayer.ru).mp3' (channels=2, sampleRate=48000)
INFO not found "/assets/sounds/Звуки природы - Шум дождя (www.hotplayer.ru).mp3" in vfs
ERROR WPSoundParser.cpp:178 audio file not found: sounds/Звуки природы - Шум дождя (www.hotplayer.ru).mp3
INFO audio Switch: loading 'sounds/Veela and Irosa Rosali - Going Home (galamp3.com).mp3' (channels=2, sampleRate=48000)
INFO not found "/assets/sounds/Veela and Irosa Rosali - Going Home (galamp3.com).mp3" in vfs
ERROR WPSoundParser.cpp:178 audio file not found: sounds/Veela and Irosa Rosali - Going Home (galamp3.com).mp3
INFO audio Switch: loading 'sounds/Звуки природы - Шум дождя (www.hotplayer.ru).mp3' (channels=2, sampleRate=48000)
INFO not found "/assets/sounds/Звуки природы - Шум дождя (www.hotplayer.ru).mp3" in vfs
ERROR WPSoundParser.cpp:178 audio file not found: sounds/Звуки природы - Шум дождя (www.hotplayer.ru).mp3
INFO audio Switch: loading 'sounds/Veela and Irosa Rosali, Elsie - Closed (galamp3.com).mp3' (channels=2, sampleRate=48000)
INFO not found "/assets/sounds/Veela and Irosa Rosali, Elsie - Closed (galamp3.com).mp3" in vfs
ERROR WPSoundParser.cpp:178 audio file not found: sounds/Veela and Irosa Rosali, Elsie - Closed (galamp3.com).mp3
INFO audio Switch: loading 'sounds/Звуки природы - Шум дождя (www.hotplayer.ru).mp3' (channels=2, sampleRate=48000)
INFO not found "/assets/sounds/Звуки природы - Шум дождя (www.hotplayer.ru).mp3" in vfs
ERROR WPSoundParser.cpp:178 audio file not found: sounds/Звуки природы - Шум дождя (www.hotplayer.ru).mp3
INFO audio Switch: loading 'sounds/Veela and Kooma - Pointless (galamp3.com).mp3' (channels=2, sampleRate=48000)
INFO not found "/assets/sounds/Veela and Kooma - Pointless (galamp3.com).mp3" in vfs
ERROR WPSoundParser.cpp:178 audio file not found: sounds/Veela and Kooma - Pointless (galamp3.com).mp3
INFO audio Switch: loading 'sounds/Звуки природы - Шум дождя (www.hotplayer.ru).mp3' (channels=2, sampleRate=48000)
INFO not found "/assets/sounds/Звуки природы - Шум дождя (www.hotplayer.ru).mp3" in vfs
ERROR WPSoundParser.cpp:178 audio file not found: sounds/Звуки природы - Шум дождя (www.hotplayer.ru).mp3
INFO audio Switch: loading 'sounds/Veela and Kooma - Retrospect (galamp3.com).mp3' (channels=2, sampleRate=48000)
INFO not found "/assets/sounds/Veela and Kooma - Retrospect (galamp3.com).mp3" in vfs
ERROR WPSoundParser.cpp:178 audio file not found: sounds/Veela and Kooma - Retrospect (galamp3.com).mp3
INFO audio Switch: loading 'sounds/Звуки природы - Шум дождя (www.hotplayer.ru).mp3' (channels=2, sampleRate=48000)
INFO not found "/assets/sounds/Звуки природы - Шум дождя (www.hotplayer.ru).mp3" in vfs
ERROR WPSoundParser.cpp:178 audio file not found: sounds/Звуки природы - Шум дождя (www.hotplayer.ru).mp3
INFO audio Switch: loading 'sounds/Kooma & Veela - Oasis (256  kbps).mp3' (channels=2, sampleRate=48000)
INFO not found "/assets/sounds/Kooma & Veela - Oasis (256  kbps).mp3" in vfs
ERROR WPSoundParser.cpp:178 audio file not found: sounds/Kooma & Veela - Oasis (256  kbps).mp3
INFO audio Switch: loading 'sounds/Звуки природы - Шум дождя (www.hotplayer.ru).mp3' (channels=2, sampleRate=48000)
INFO not found "/assets/sounds/Звуки природы - Шум дождя (www.hotplayer.ru).mp3" in vfs
ERROR WPSoundParser.cpp:178 audio file not found: sounds/Звуки природы - Шум дождя (www.hotplayer.ru).mp3
INFO audio Switch: loading 'sounds/aether-scotland-veela-valentine.mp3' (channels=2, sampleRate=48000)
INFO not found "/assets/sounds/aether-scotland-veela-valentine.mp3" in vfs
ERROR WPSoundParser.cpp:178 audio file not found: sounds/aether-scotland-veela-valentine.mp3
INFO audio Switch: loading 'sounds/Звуки природы - Шум дождя (www.hotplayer.ru).mp3' (channels=2, sampleRate=48000)
INFO not found "/assets/sounds/Звуки природы - Шум дождя (www.hotplayer.ru).mp3" in vfs
ERROR WPSoundParser.cpp:178 audio file not found: sounds/Звуки природы - Шум дождя (www.hotplayer.ru).mp3
INFO audio Switch: loading 'sounds/Veela and Irosa Rosali - Going Home (galamp3.com).mp3' (channels=2, sampleRate=48000)
INFO not found "/assets/sounds/Veela and Irosa Rosali - Going Home (galamp3.com).mp3" in vfs
ERROR WPSoundParser.cpp:178 audio file not found: sounds/Veela and Irosa Rosali - Going Home (galamp3.com).mp3
INFO audio Switch: loading 'sounds/Звуки природы - Шум дождя (www.hotplayer.ru).mp3' (channels=2, sampleRate=48000)
INFO not found "/assets/sounds/Звуки природы - Шум дождя (www.hotplayer.ru).mp3" in vfs
ERROR WPSoundParser.cpp:178 audio file not found: sounds/Звуки природы - Шум дождя (www.hotplayer.ru).mp3
INFO audio Switch: loading 'sounds/Veela and Irosa Rosali, Elsie - Closed (galamp3.com).mp3' (channels=2, sampleRate=48000)
INFO not found "/assets/sounds/Veela and Irosa Rosali, Elsie - Closed (galamp3.com).mp3" in vfs
ERROR WPSoundParser.cpp:178 audio file not found: sounds/Veela and Irosa Rosali, Elsie - Closed (galamp3.com).mp3
INFO audio Switch: loading 'sounds/Звуки природы - Шум дождя (www.hotplayer.ru).mp3' (channels=2, sampleRate=48000)
INFO not found "/assets/sounds/Звуки природы - Шум дождя (www.hotplayer.ru).mp3" in vfs
ERROR WPSoundParser.cpp:178 audio file not found: sounds/Звуки природы - Шум дождя (www.hotplayer.ru).mp3
INFO audio Switch: loading 'sounds/Veela and Kooma - Pointless (galamp3.com).mp3' (channels=2, sampleRate=48000)
INFO not found "/assets/sounds/Veela and Kooma - Pointless (galamp3.com).mp3" in vfs
ERROR WPSoundParser.cpp:178 audio file not found: sounds/Veela and Kooma - Pointless (galamp3.com).mp3
INFO audio Switch: loading 'sounds/Звуки природы - Шум дождя (www.hotplayer.ru).mp3' (channels=2, sampleRate=48000)
INFO not found "/assets/sounds/Звуки природы - Шум дождя (www.hotplayer.ru).mp3" in vfs
ERROR WPSoundParser.cpp:178 audio file not found: sounds/Звуки природы - Шум дождя (www.hotplayer.ru).mp3
INFO audio Switch: loading 'sounds/Veela and Kooma - Retrospect (galamp3.com).mp3' (channels=2, sampleRate=48000)
INFO not found "/assets/sounds/Veela and Kooma - Retrospect (galamp3.com).mp3" in vfs
ERROR WPSoundParser.cpp:178 audio file not found: sounds/Veela and Kooma - Retrospect (galamp3.com).mp3
INFO audio Switch: loading 'sounds/Звуки природы - Шум дождя (www.hotplayer.ru).mp3' (channels=2, sampleRate=48000)
INFO not found "/assets/sounds/Звуки природы - Шум дождя (www.hotplayer.ru).mp3" in vfs
ERROR WPSoundParser.cpp:178 audio file not found: sounds/Звуки природы - Шум дождя (www.hotplayer.ru).mp3
INFO audio Switch: loading 'sounds/Kooma & Veela - Oasis (256  kbps).mp3' (channels=2, sampleRate=48000)
INFO not found "/assets/sounds/Kooma & Veela - Oasis (256  kbps).mp3" in vfs
ERROR WPSoundParser.cpp:178 audio file not found: sounds/Kooma & Veela - Oasis (256  kbps).mp3
INFO audio Switch: loading 'sounds/Звуки природы - Шум дождя (www.hotplayer.ru).mp3' (channels=2, sampleRate=48000)
INFO not found "/assets/sounds/Звуки природы - Шум дождя (www.hotplayer.ru).mp3" in vfs
ERROR WPSoundParser.cpp:178 audio file not found: sounds/Звуки природы - Шум дождя (www.hotplayer.ru).mp3
INFO audio Switch: loading 'sounds/aether-scotland-veela-valentine.mp3' (channels=2, sampleRate=48000)
INFO not found "/assets/sounds/aether-scotland-veela-valentine.mp3" in vfs
ERROR WPSoundParser.cpp:178 audio file not found: sounds/aether-scotland-veela-valentine.mp3
INFO audio Switch: loading 'sounds/Звуки природы - Шум дождя (www.hotplayer.ru).mp3' (channels=2, sampleRate=48000)
INFO not found "/assets/sounds/Звуки природы - Шум дождя (www.hotplayer.ru).mp3" in vfs
ERROR WPSoundParser.cpp:178 audio file not found: sounds/Звуки природы - Шум дождя (www.hotplayer.ru).mp3
INFO audio Switch: loading 'sounds/Veela and Irosa Rosali - Going Home (galamp3.com).mp3' (channels=2, sampleRate=48000)
INFO not found "/assets/sounds/Veela and Irosa Rosali - Going Home (galamp3.com).mp3" in vfs
ERROR WPSoundParser.cpp:178 audio file not found: sounds/Veela and Irosa Rosali - Going Home (galamp3.com).mp3
INFO audio Switch: loading 'sounds/Звуки природы - Шум дождя (www.hotplayer.ru).mp3' (channels=2, sampleRate=48000)
INFO not found "/assets/sounds/Звуки природы - Шум дождя (www.hotplayer.ru).mp3" in vfs
ERROR WPSoundParser.cpp:178 audio file not found: sounds/Звуки природы - Шум дождя (www.hotplayer.ru).mp3
INFO audio Switch: loading 'sounds/Veela and Irosa Rosali, Elsie - Closed (galamp3.com).mp3' (channels=2, sampleRate=48000)
INFO not found "/assets/sounds/Veela and Irosa Rosali, Elsie - Closed (galamp3.com).mp3" in vfs
ERROR WPSoundParser.cpp:178 audio file not found: sounds/Veela and Irosa Rosali, Elsie - Closed (galamp3.com).mp3
INFO audio Switch: loading 'sounds/Звуки природы - Шум дождя (www.hotplayer.ru).mp3' (channels=2, sampleRate=48000)
INFO not found "/assets/sounds/Звуки природы - Шум дождя (www.hotplayer.ru).mp3" in vfs
ERROR WPSoundParser.cpp:178 audio file not found: sounds/Звуки природы - Шум дождя (www.hotplayer.ru).mp3
INFO audio Switch: loading 'sounds/Veela and Kooma - Pointless (galamp3.com).mp3' (channels=2, sampleRate=48000)
INFO not found "/assets/sounds/Veela and Kooma - Pointless (galamp3.com).mp3" in vfs
ERROR WPSoundParser.cpp:178 audio file not found: sounds/Veela and Kooma - Pointless (galamp3.com).mp3
INFO audio Switch: loading 'sounds/Звуки природы - Шум дождя (www.hotplayer.ru).mp3' (channels=2, sampleRate=48000)
INFO not found "/assets/sounds/Звуки природы - Шум дождя (www.hotplayer.ru).mp3" in vfs
ERROR WPSoundParser.cpp:178 audio file not found: sounds/Звуки природы - Шум дождя (www.hotplayer.ru).mp3
INFO audio Switch: loading 'sounds/Veela and Kooma - Retrospect (galamp3.com).mp3' (channels=2, sampleRate=48000)
INFO not found "/assets/sounds/Veela and Kooma - Retrospect (galamp3.com).mp3" in vfs
ERROR WPSoundParser.cpp:178 audio file not found: sounds/Veela and Kooma - Retrospect (galamp3.com).mp3
INFO audio Switch: loading 'sounds/Звуки природы - Шум дождя (www.hotplayer.ru).mp3' (channels=2, sampleRate=48000)
INFO not found "/assets/sounds/Звуки природы - Шум дождя (www.hotplayer.ru).mp3" in vfs
ERROR WPSoundParser.cpp:178 audio file not found: sounds/Звуки природы - Шум дождя (www.hotplayer.ru).mp3
INFO audio Switch: loading 'sounds/Kooma & Veela - Oasis (256  kbps).mp3' (channels=2, sampleRate=48000)
INFO not found "/assets/sounds/Kooma & Veela - Oasis (256  kbps).mp3" in vfs
ERROR WPSoundParser.cpp:178 audio file not found: sounds/Kooma & Veela - Oasis (256  kbps).mp3
INFO audio Switch: loading 'sounds/Звуки природы - Шум дождя (www.hotplayer.ru).mp3' (channels=2, sampleRate=48000)
INFO not found "/assets/sounds/Звуки природы - Шум дождя (www.hotplayer.ru).mp3" in vfs
ERROR WPSoundParser.cpp:178 audio file not found: sounds/Звуки природы - Шум дождя (www.hotplayer.ru).mp3
INFO audio Switch: loading 'sounds/aether-scotland-veela-valentine.mp3' (channels=2, sampleRate=48000)
INFO not found "/assets/sounds/aether-scotland-veela-valentine.mp3" in vfs
ERROR WPSoundParser.cpp:178 audio file not found: sounds/aether-scotland-veela-valentine.mp3
INFO audio Switch: loading 'sounds/Звуки природы - Шум дождя (www.hotplayer.ru).mp3' (channels=2, sampleRate=48000)
INFO not found "/assets/sounds/Звуки природы - Шум дождя (www.hotplayer.ru).mp3" in vfs
ERROR WPSoundParser.cpp:178 audio file not found: sounds/Звуки природы - Шум дождя (www.hotplayer.ru).mp3
INFO audio Switch: loading 'sounds/Veela and Irosa Rosali - Going Home (galamp3.com).mp3' (channels=2, sampleRate=48000)
INFO not found "/assets/sounds/Veela and Irosa Rosali - Going Home (galamp3.com).mp3" in vfs
ERROR WPSoundParser.cpp:178 audio file not found: sounds/Veela and Irosa Rosali - Going Home (galamp3.com).mp3
INFO audio Switch: loading 'sounds/Звуки природы - Шум дождя (www.hotplayer.ru).mp3' (channels=2, sampleRate=48000)
INFO not found "/assets/sounds/Звуки природы - Шум дождя (www.hotplayer.ru).mp3" in vfs
ERROR WPSoundParser.cpp:178 audio file not found: sounds/Звуки природы - Шум дождя (www.hotplayer.ru).mp3
INFO audio Switch: loading 'sounds/Veela and Irosa Rosali, Elsie - Closed (galamp3.com).mp3' (channels=2, sampleRate=48000)
INFO not found "/assets/sounds/Veela and Irosa Rosali, Elsie - Closed (galamp3.com).mp3" in vfs
ERROR WPSoundParser.cpp:178 audio file not found: sounds/Veela and Irosa Rosali, Elsie - Closed (galamp3.com).mp3
INFO audio Switch: loading 'sounds/Звуки природы - Шум дождя (www.hotplayer.ru).mp3' (channels=2, sampleRate=48000)
INFO not found "/assets/sounds/Звуки природы - Шум дождя (www.hotplayer.ru).mp3" in vfs
ERROR WPSoundParser.cpp:178 audio file not found: sounds/Звуки природы - Шум дождя (www.hotplayer.ru).mp3
INFO audio Switch: loading 'sounds/Veela and Kooma - Pointless (galamp3.com).mp3' (channels=2, sampleRate=48000)
INFO not found "/assets/sounds/Veela and Kooma - Pointless (galamp3.com).mp3" in vfs
ERROR WPSoundParser.cpp:178 audio file not found: sounds/Veela and Kooma - Pointless (galamp3.com).mp3
INFO audio Switch: loading 'sounds/Звуки природы - Шум дождя (www.hotplayer.ru).mp3' (channels=2, sampleRate=48000)
INFO not found "/assets/sounds/Звуки природы - Шум дождя (www.hotplayer.ru).mp3" in vfs
ERROR WPSoundParser.cpp:178 audio file not found: sounds/Звуки природы - Шум дождя (www.hotplayer.ru).mp3
INFO audio Switch: loading 'sounds/Veela and Kooma - Retrospect (galamp3.com).mp3' (channels=2, sampleRate=48000)
INFO not found "/assets/sounds/Veela and Kooma - Retrospect (galamp3.com).mp3" in vfs
ERROR WPSoundParser.cpp:178 audio file not found: sounds/Veela and Kooma - Retrospect (galamp3.com).mp3
INFO audio Switch: loading 'sounds/Звуки природы - Шум дождя (www.hotplayer.ru).mp3' (channels=2, sampleRate=48000)
INFO not found "/assets/sounds/Звуки природы - Шум дождя (www.hotplayer.ru).mp3" in vfs
ERROR WPSoundParser.cpp:178 audio file not found: sounds/Звуки природы - Шум дождя (www.hotplayer.ru).mp3
INFO audio Switch: loading 'sounds/Kooma & Veela - Oasis (256  kbps).mp3' (channels=2, sampleRate=48000)
INFO not found "/assets/sounds/Kooma & Veela - Oasis (256  kbps).mp3" in vfs
ERROR WPSoundParser.cpp:178 audio file not found: sounds/Kooma & Veela - Oasis (256  kbps).mp3
INFO audio Switch: loading 'sounds/Звуки природы - Шум дождя (www.hotplayer.ru).mp3' (channels=2, sampleRate=48000)
INFO not found "/assets/sounds/Звуки природы - Шум дождя (www.hotplayer.ru).mp3" in vfs
ERROR WPSoundParser.cpp:178 audio file not found: sounds/Звуки природы - Шум дождя (www.hotplayer.ru).mp3
INFO audio Switch: loading 'sounds/aether-scotland-veela-valentine.mp3' (channels=2, sampleRate=48000)
INFO not found "/assets/sounds/aether-scotland-veela-valentine.mp3" in vfs
ERROR WPSoundParser.cpp:178 audio file not found: sounds/aether-scotland-veela-valentine.mp3
INFO audio Switch: loading 'sounds/Звуки природы - Шум дождя (www.hotplayer.ru).mp3' (channels=2, sampleRate=48000)
INFO not found "/assets/sounds/Звуки природы - Шум дождя (www.hotplayer.ru).mp3" in vfs
ERROR WPSoundParser.cpp:178 audio file not found: sounds/Звуки природы - Шум дождя (www.hotplayer.ru).mp3
INFO audio Switch: loading 'sounds/Veela and Irosa Rosali - Going Home (galamp3.com).mp3' (channels=2, sampleRate=48000)
INFO not found "/assets/sounds/Veela and Irosa Rosali - Going Home (galamp3.com).mp3" in vfs
ERROR WPSoundParser.cpp:178 audio file not found: sounds/Veela and Irosa Rosali - Going Home (galamp3.com).mp3
INFO audio Switch: loading 'sounds/Звуки природы - Шум дождя (www.hotplayer.ru).mp3' (channels=2, sampleRate=48000)
INFO not found "/assets/sounds/Звуки природы - Шум дождя (www.hotplayer.ru).mp3" in vfs
ERROR WPSoundParser.cpp:178 audio file not found: sounds/Звуки природы - Шум дождя (www.hotplayer.ru).mp3
INFO audio Switch: loading 'sounds/Veela and Irosa Rosali, Elsie - Closed (galamp3.com).mp3' (channels=2, sampleRate=48000)
INFO not found "/assets/sounds/Veela and Irosa Rosali, Elsie - Closed (galamp3.com).mp3" in vfs
ERROR WPSoundParser.cpp:178 audio file not found: sounds/Veela and Irosa Rosali, Elsie - Closed (galamp3.com).mp3
INFO audio Switch: loading 'sounds/Звуки природы - Шум дождя (www.hotplayer.ru).mp3' (channels=2, sampleRate=48000)
INFO not found "/assets/sounds/Звуки природы - Шум дождя (www.hotplayer.ru).mp3" in vfs
ERROR WPSoundParser.cpp:178 audio file not found: sounds/Звуки природы - Шум дождя (www.hotplayer.ru).mp3
INFO audio Switch: loading 'sounds/Veela and Kooma - Pointless (galamp3.com).mp3' (channels=2, sampleRate=48000)
INFO not found "/assets/sounds/Veela and Kooma - Pointless (galamp3.com).mp3" in vfs
ERROR WPSoundParser.cpp:178 audio file not found: sounds/Veela and Kooma - Pointless (galamp3.com).mp3
INFO audio Switch: loading 'sounds/Звуки природы - Шум дождя (www.hotplayer.ru).mp3' (channels=2, sampleRate=48000)
INFO not found "/assets/sounds/Звуки природы - Шум дождя (www.hotplayer.ru).mp3" in vfs
ERROR WPSoundParser.cpp:178 audio file not found: sounds/Звуки природы - Шум дождя (www.hotplayer.ru).mp3
INFO audio Switch: loading 'sounds/Veela and Kooma - Retrospect (galamp3.com).mp3' (channels=2, sampleRate=48000)
INFO not found "/assets/sounds/Veela and Kooma - Retrospect (galamp3.com).mp3" in vfs
ERROR WPSoundParser.cpp:178 audio file not found: sounds/Veela and Kooma - Retrospect (galamp3.com).mp3
INFO audio Switch: loading 'sounds/Звуки природы - Шум дождя (www.hotplayer.ru).mp3' (channels=2, sampleRate=48000)
INFO not found "/assets/sounds/Звуки природы - Шум дождя (www.hotplayer.ru).mp3" in vfs
ERROR WPSoundParser.cpp:178 audio file not found: sounds/Звуки природы - Шум дождя (www.hotplayer.ru).mp3
INFO audio Switch: loading 'sounds/Kooma & Veela - Oasis (256  kbps).mp3' (channels=2, sampleRate=48000)
INFO not found "/assets/sounds/Kooma & Veela - Oasis (256  kbps).mp3" in vfs
ERROR WPSoundParser.cpp:178 audio file not found: sounds/Kooma & Veela - Oasis (256  kbps).mp3
INFO audio Switch: loading 'sounds/Звуки природы - Шум дождя (www.hotplayer.ru).mp3' (channels=2, sampleRate=48000)
INFO not found "/assets/sounds/Звуки природы - Шум дождя (www.hotplayer.ru).mp3" in vfs
ERROR WPSoundParser.cpp:178 audio file not found: sounds/Звуки природы - Шум дождя (www.hotplayer.ru).mp3
INFO audio Switch: loading 'sounds/aether-scotland-veela-valentine.mp3' (channels=2, sampleRate=48000)
INFO not found "/assets/sounds/aether-scotland-veela-valentine.mp3" in vfs
ERROR WPSoundParser.cpp:178 audio file not found: sounds/aether-scotland-veela-valentine.mp3
INFO audio Switch: loading 'sounds/Звуки природы - Шум дождя (www.hotplayer.ru).mp3' (channels=2, sampleRate=48000)
INFO not found "/assets/sounds/Звуки природы - Шум дождя (www.hotplayer.ru).mp3" in vfs
ERROR WPSoundParser.cpp:178 audio file not found: sounds/Звуки природы - Шум дождя (www.hotplayer.ru).mp3
INFO audio Switch: loading 'sounds/Veela and Irosa Rosali - Going Home (galamp3.com).mp3' (channels=2, sampleRate=48000)
INFO not found "/assets/sounds/Veela and Irosa Rosali - Going Home (galamp3.com).mp3" in vfs
ERROR WPSoundParser.cpp:178 audio file not found: sounds/Veela and Irosa Rosali - Going Home (galamp3.com).mp3
INFO audio Switch: loading 'sounds/Звуки природы - Шум дождя (www.hotplayer.ru).mp3' (channels=2, sampleRate=48000)
INFO not found "/assets/sounds/Звуки природы - Шум дождя (www.hotplayer.ru).mp3" in vfs
ERROR WPSoundParser.cpp:178 audio file not found: sounds/Звуки природы - Шум дождя (www.hotplayer.ru).mp3
INFO audio Switch: loading 'sounds/Veela and Irosa Rosali, Elsie - Closed (galamp3.com).mp3' (channels=2, sampleRate=48000)
INFO not found "/assets/sounds/Veela and Irosa Rosali, Elsie - Closed (galamp3.com).mp3" in vfs
ERROR WPSoundParser.cpp:178 audio file not found: sounds/Veela and Irosa Rosali, Elsie - Closed (galamp3.com).mp3
INFO audio Switch: loading 'sounds/Звуки природы - Шум дождя (www.hotplayer.ru).mp3' (channels=2, sampleRate=48000)
INFO not found "/assets/sounds/Звуки природы - Шум дождя (www.hotplayer.ru).mp3" in vfs
ERROR WPSoundParser.cpp:178 audio file not found: sounds/Звуки природы - Шум дождя (www.hotplayer.ru).mp3
INFO audio Switch: loading 'sounds/Veela and Kooma - Pointless (galamp3.com).mp3' (channels=2, sampleRate=48000)
INFO not found "/assets/sounds/Veela and Kooma - Pointless (galamp3.com).mp3" in vfs
ERROR WPSoundParser.cpp:178 audio file not found: sounds/Veela and Kooma - Pointless (galamp3.com).mp3
INFO audio Switch: loading 'sounds/Звуки природы - Шум дождя (www.hotplayer.ru).mp3' (channels=2, sampleRate=48000)
INFO not found "/assets/sounds/Звуки природы - Шум дождя (www.hotplayer.ru).mp3" in vfs
ERROR WPSoundParser.cpp:178 audio file not found: sounds/Звуки природы - Шум дождя (www.hotplayer.ru).mp3
INFO audio Switch: loading 'sounds/Veela and Kooma - Retrospect (galamp3.com).mp3' (channels=2, sampleRate=48000)
INFO not found "/assets/sounds/Veela and Kooma - Retrospect (galamp3.com).mp3" in vfs
ERROR WPSoundParser.cpp:178 audio file not found: sounds/Veela and Kooma - Retrospect (galamp3.com).mp3
INFO audio Switch: loading 'sounds/Звуки природы - Шум дождя (www.hotplayer.ru).mp3' (channels=2, sampleRate=48000)
INFO not found "/assets/sounds/Звуки природы - Шум дождя (www.hotplayer.ru).mp3" in vfs
ERROR WPSoundParser.cpp:178 audio file not found: sounds/Звуки природы - Шум дождя (www.hotplayer.ru).mp3
INFO audio Switch: loading 'sounds/Kooma & Veela - Oasis (256  kbps).mp3' (channels=2, sampleRate=48000)
INFO not found "/assets/sounds/Kooma & Veela - Oasis (256  kbps).mp3" in vfs
ERROR WPSoundParser.cpp:178 audio file not found: sounds/Kooma & Veela - Oasis (256  kbps).mp3
INFO audio Switch: loading 'sounds/Звуки природы - Шум дождя (www.hotplayer.ru).mp3' (channels=2, sampleRate=48000)
INFO not found "/assets/sounds/Звуки природы - Шум дождя (www.hotplayer.ru).mp3" in vfs
ERROR WPSoundParser.cpp:178 audio file not found: sounds/Звуки природы - Шум дождя (www.hotplayer.ru).mp3
INFO audio Switch: loading 'sounds/aether-scotland-veela-valentine.mp3' (channels=2, sampleRate=48000)
INFO not found "/assets/sounds/aether-scotland-veela-valentine.mp3" in vfs
ERROR WPSoundParser.cpp:178 audio file not found: sounds/aether-scotland-veela-valentine.mp3
INFO audio Switch: loading 'sounds/Звуки природы - Шум дождя (www.hotplayer.ru).mp3' (channels=2, sampleRate=48000)
INFO not found "/assets/sounds/Звуки природы - Шум дождя (www.hotplayer.ru).mp3" in vfs
ERROR WPSoundParser.cpp:178 audio file not found: sounds/Звуки природы - Шум дождя (www.hotplayer.ru).mp3
INFO audio Switch: loading 'sounds/Veela and Irosa Rosali - Going Home (galamp3.com).mp3' (channels=2, sampleRate=48000)
INFO not found "/assets/sounds/Veela and Irosa Rosali - Going Home (galamp3.com).mp3" in vfs
ERROR WPSoundParser.cpp:178 audio file not found: sounds/Veela and Irosa Rosali - Going Home (galamp3.com).mp3
INFO audio Switch: loading 'sounds/Звуки природы - Шум дождя (www.hotplayer.ru).mp3' (channels=2, sampleRate=48000)
INFO not found "/assets/sounds/Звуки природы - Шум дождя (www.hotplayer.ru).mp3" in vfs
ERROR WPSoundParser.cpp:178 audio file not found: sounds/Звуки природы - Шум дождя (www.hotplayer.ru).mp3
INFO audio Switch: loading 'sounds/Veela and Irosa Rosali, Elsie - Closed (galamp3.com).mp3' (channels=2, sampleRate=48000)
INFO not found "/assets/sounds/Veela and Irosa Rosali, Elsie - Closed (galamp3.com).mp3" in vfs
ERROR WPSoundParser.cpp:178 audio file not found: sounds/Veela and Irosa Rosali, Elsie - Closed (galamp3.com).mp3
INFO audio Switch: loading 'sounds/Звуки природы - Шум дождя (www.hotplayer.ru).mp3' (channels=2, sampleRate=48000)
INFO not found "/assets/sounds/Звуки природы - Шум дождя (www.hotplayer.ru).mp3" in vfs
ERROR WPSoundParser.cpp:178 audio file not found: sounds/Звуки природы - Шум дождя (www.hotplayer.ru).mp3
INFO audio Switch: loading 'sounds/Veela and Kooma - Pointless (galamp3.com).mp3' (channels=2, sampleRate=48000)
INFO not found "/assets/sounds/Veela and Kooma - Pointless (galamp3.com).mp3" in vfs
ERROR WPSoundParser.cpp:178 audio file not found: sounds/Veela and Kooma - Pointless (galamp3.com).mp3
INFO audio Switch: loading 'sounds/Звуки природы - Шум дождя (www.hotplayer.ru).mp3' (channels=2, sampleRate=48000)
INFO not found "/assets/sounds/Звуки природы - Шум дождя (www.hotplayer.ru).mp3" in vfs
ERROR WPSoundParser.cpp:178 audio file not found: sounds/Звуки природы - Шум дождя (www.hotplayer.ru).mp3
INFO audio Switch: loading 'sounds/Veela and Kooma - Retrospect (galamp3.com).mp3' (channels=2, sampleRate=48000)
INFO not found "/assets/sounds/Veela and Kooma - Retrospect (galamp3.com).mp3" in vfs
ERROR WPSoundParser.cpp:178 audio file not found: sounds/Veela and Kooma - Retrospect (galamp3.com).mp3
INFO audio Switch: loading 'sounds/Звуки природы - Шум дождя (www.hotplayer.ru).mp3' (channels=2, sampleRate=48000)
INFO not found "/assets/sounds/Звуки природы - Шум дождя (www.hotplayer.ru).mp3" in vfs
ERROR WPSoundParser.cpp:178 audio file not found: sounds/Звуки природы - Шум дождя (www.hotplayer.ru).mp3
INFO audio Switch: loading 'sounds/Kooma & Veela - Oasis (256  kbps).mp3' (channels=2, sampleRate=48000)
INFO not found "/assets/sounds/Kooma & Veela - Oasis (256  kbps).mp3" in vfs
ERROR WPSoundParser.cpp:178 audio file not found: sounds/Kooma & Veela - Oasis (256  kbps).mp3
INFO audio Switch: loading 'sounds/Звуки природы - Шум дождя (www.hotplayer.ru).mp3' (channels=2, sampleRate=48000)
INFO not found "/assets/sounds/Звуки природы - Шум дождя (www.hotplayer.ru).mp3" in vfs
ERROR WPSoundParser.cpp:178 audio file not found: sounds/Звуки природы - Шум дождя (www.hotplayer.ru).mp3
INFO audio Switch: loading 'sounds/aether-scotland-veela-valentine.mp3' (channels=2, sampleRate=48000)
INFO not found "/assets/sounds/aether-scotland-veela-valentine.mp3" in vfs
ERROR WPSoundParser.cpp:178 audio file not found: sounds/aether-scotland-veela-valentine.mp3
INFO audio Switch: loading 'sounds/Звуки природы - Шум дождя (www.hotplayer.ru).mp3' (channels=2, sampleRate=48000)
INFO not found "/assets/sounds/Звуки природы - Шум дождя (www.hotplayer.ru).mp3" in vfs
ERROR WPSoundParser.cpp:178 audio file not found: sounds/Звуки природы - Шум дождя (www.hotplayer.ru).mp3
INFO audio Switch: loading 'sounds/Veela and Irosa Rosali - Going Home (galamp3.com).mp3' (channels=2, sampleRate=48000)
INFO not found "/assets/sounds/Veela and Irosa Rosali - Going Home (galamp3.com).mp3" in vfs
ERROR WPSoundParser.cpp:178 audio file not found: sounds/Veela and Irosa Rosali - Going Home (galamp3.com).mp3
INFO audio Switch: loading 'sounds/Звуки природы - Шум дождя (www.hotplayer.ru).mp3' (channels=2, sampleRate=48000)
INFO not found "/assets/sounds/Звуки природы - Шум дождя (www.hotplayer.ru).mp3" in vfs
ERROR WPSoundParser.cpp:178 audio file not found: sounds/Звуки природы - Шум дождя (www.hotplayer.ru).mp3
INFO audio Switch: loading 'sounds/Veela and Irosa Rosali, Elsie - Closed (galamp3.com).mp3' (channels=2, sampleRate=48000)
INFO not found "/assets/sounds/Veela and Irosa Rosali, Elsie - Closed (galamp3.com).mp3" in vfs
ERROR WPSoundParser.cpp:178 audio file not found: sounds/Veela and Irosa Rosali, Elsie - Closed (galamp3.com).mp3
INFO audio Switch: loading 'sounds/Звуки природы - Шум дождя (www.hotplayer.ru).mp3' (channels=2, sampleRate=48000)
INFO not found "/assets/sounds/Звуки природы - Шум дождя (www.hotplayer.ru).mp3" in vfs
ERROR WPSoundParser.cpp:178 audio file not found: sounds/Звуки природы - Шум дождя (www.hotplayer.ru).mp3
INFO audio Switch: loading 'sounds/Veela and Kooma - Pointless (galamp3.com).mp3' (channels=2, sampleRate=48000)
INFO not found "/assets/sounds/Veela and Kooma - Pointless (galamp3.com).mp3" in vfs
ERROR WPSoundParser.cpp:178 audio file not found: sounds/Veela and Kooma - Pointless (galamp3.com).mp3
INFO audio Switch: loading 'sounds/Звуки природы - Шум дождя (www.hotplayer.ru).mp3' (channels=2, sampleRate=48000)
INFO not found "/assets/sounds/Звуки природы - Шум дождя (www.hotplayer.ru).mp3" in vfs
ERROR WPSoundParser.cpp:178 audio file not found: sounds/Звуки природы - Шум дождя (www.hotplayer.ru).mp3
INFO audio Switch: loading 'sounds/Veela and Kooma - Retrospect (galamp3.com).mp3' (channels=2, sampleRate=48000)
INFO not found "/assets/sounds/Veela and Kooma - Retrospect (galamp3.com).mp3" in vfs
ERROR WPSoundParser.cpp:178 audio file not found: sounds/Veela and Kooma - Retrospect (galamp3.com).mp3
INFO audio Switch: loading 'sounds/Звуки природы - Шум дождя (www.hotplayer.ru).mp3' (channels=2, sampleRate=48000)
INFO not found "/assets/sounds/Звуки природы - Шум дождя (www.hotplayer.ru).mp3" in vfs
ERROR WPSoundParser.cpp:178 audio file not found: sounds/Звуки природы - Шум дождя (www.hotplayer.ru).mp3
INFO audio Switch: loading 'sounds/Kooma & Veela - Oasis (256  kbps).mp3' (channels=2, sampleRate=48000)
INFO not found "/assets/sounds/Kooma & Veela - Oasis (256  kbps).mp3" in vfs
ERROR WPSoundParser.cpp:178 audio file not found: sounds/Kooma & Veela - Oasis (256  kbps).mp3
INFO audio Switch: loading 'sounds/Звуки природы - Шум дождя (www.hotplayer.ru).mp3' (channels=2, sampleRate=48000)
INFO not found "/assets/sounds/Звуки природы - Шум дождя (www.hotplayer.ru).mp3" in vfs
ERROR WPSoundParser.cpp:178 audio file not found: sounds/Звуки природы - Шум дождя (www.hotplayer.ru).mp3
INFO audio Switch: loading 'sounds/aether-scotland-veela-valentine.mp3' (channels=2, sampleRate=48000)
INFO not found "/assets/sounds/aether-scotland-veela-valentine.mp3" in vfs
ERROR WPSoundParser.cpp:178 audio file not found: sounds/aether-scotland-veela-valentine.mp3
INFO audio Switch: loading 'sounds/Звуки природы - Шум дождя (www.hotplayer.ru).mp3' (channels=2, sampleRate=48000)
INFO not found "/assets/sounds/Звуки природы - Шум дождя (www.hotplayer.ru).mp3" in vfs
ERROR WPSoundParser.cpp:178 audio file not found: sounds/Звуки природы - Шум дождя (www.hotplayer.ru).mp3
INFO audio Switch: loading 'sounds/Veela and Irosa Rosali - Going Home (galamp3.com).mp3' (channels=2, sampleRate=48000)
INFO not found "/assets/sounds/Veela and Irosa Rosali - Going Home (galamp3.com).mp3" in vfs
ERROR WPSoundParser.cpp:178 audio file not found: sounds/Veela and Irosa Rosali - Going Home (galamp3.com).mp3
INFO audio Switch: loading 'sounds/Звуки природы - Шум дождя (www.hotplayer.ru).mp3' (channels=2, sampleRate=48000)
INFO not found "/assets/sounds/Звуки природы - Шум дождя (www.hotplayer.ru).mp3" in vfs
ERROR WPSoundParser.cpp:178 audio file not found: sounds/Звуки природы - Шум дождя (www.hotplayer.ru).mp3
INFO audio Switch: loading 'sounds/Veela and Irosa Rosali, Elsie - Closed (galamp3.com).mp3' (channels=2, sampleRate=48000)
INFO not found "/assets/sounds/Veela and Irosa Rosali, Elsie - Closed (galamp3.com).mp3" in vfs
ERROR WPSoundParser.cpp:178 audio file not found: sounds/Veela and Irosa Rosali, Elsie - Closed (galamp3.com).mp3
INFO audio Switch: loading 'sounds/Звуки природы - Шум дождя (www.hotplayer.ru).mp3' (channels=2, sampleRate=48000)
INFO not found "/assets/sounds/Звуки природы - Шум дождя (www.hotplayer.ru).mp3" in vfs
ERROR WPSoundParser.cpp:178 audio file not found: sounds/Звуки природы - Шум дождя (www.hotplayer.ru).mp3
INFO audio Switch: loading 'sounds/Veela and Kooma - Pointless (galamp3.com).mp3' (channels=2, sampleRate=48000)
INFO not found "/assets/sounds/Veela and Kooma - Pointless (galamp3.com).mp3" in vfs
ERROR WPSoundParser.cpp:178 audio file not found: sounds/Veela and Kooma - Pointless (galamp3.com).mp3
INFO audio Switch: loading 'sounds/Звуки природы - Шум дождя (www.hotplayer.ru).mp3' (channels=2, sampleRate=48000)
INFO not found "/assets/sounds/Звуки природы - Шум дождя (www.hotplayer.ru).mp3" in vfs
ERROR WPSoundParser.cpp:178 audio file not found: sounds/Звуки природы - Шум дождя (www.hotplayer.ru).mp3
INFO audio Switch: loading 'sounds/Veela and Kooma - Retrospect (galamp3.com).mp3' (channels=2, sampleRate=48000)
INFO not found "/assets/sounds/Veela and Kooma - Retrospect (galamp3.com).mp3" in vfs
ERROR WPSoundParser.cpp:178 audio file not found: sounds/Veela and Kooma - Retrospect (galamp3.com).mp3
INFO audio Switch: loading 'sounds/Звуки природы - Шум дождя (www.hotplayer.ru).mp3' (channels=2, sampleRate=48000)
INFO not found "/assets/sounds/Звуки природы - Шум дождя (www.hotplayer.ru).mp3" in vfs
ERROR WPSoundParser.cpp:178 audio file not found: sounds/Звуки природы - Шум дождя (www.hotplayer.ru).mp3
INFO audio Switch: loading 'sounds/Kooma & Veela - Oasis (256  kbps).mp3' (channels=2, sampleRate=48000)
INFO not found "/assets/sounds/Kooma & Veela - Oasis (256  kbps).mp3" in vfs
ERROR WPSoundParser.cpp:178 audio file not found: sounds/Kooma & Veela - Oasis (256  kbps).mp3
INFO audio Switch: loading 'sounds/Звуки природы - Шум дождя (www.hotplayer.ru).mp3' (channels=2, sampleRate=48000)
INFO not found "/assets/sounds/Звуки природы - Шум дождя (www.hotplayer.ru).mp3" in vfs
ERROR WPSoundParser.cpp:178 audio file not found: sounds/Звуки природы - Шум дождя (www.hotplayer.ru).mp3
INFO audio Switch: loading 'sounds/aether-scotland-veela-valentine.mp3' (channels=2, sampleRate=48000)
INFO not found "/assets/sounds/aether-scotland-veela-valentine.mp3" in vfs
ERROR WPSoundParser.cpp:178 audio file not found: sounds/aether-scotland-veela-valentine.mp3
INFO audio Switch: loading 'sounds/Звуки природы - Шум дождя (www.hotplayer.ru).mp3' (channels=2, sampleRate=48000)
INFO not found "/assets/sounds/Звуки природы - Шум дождя (www.hotplayer.ru).mp3" in vfs
ERROR WPSoundParser.cpp:178 audio file not found: sounds/Звуки природы - Шум дождя (www.hotplayer.ru).mp3
INFO audio Switch: loading 'sounds/Veela and Irosa Rosali - Going Home (galamp3.com).mp3' (channels=2, sampleRate=48000)
INFO not found "/assets/sounds/Veela and Irosa Rosali - Going Home (galamp3.com).mp3" in vfs
ERROR WPSoundParser.cpp:178 audio file not found: sounds/Veela and Irosa Rosali - Going Home (galamp3.com).mp3
INFO audio Switch: loading 'sounds/Звуки природы - Шум дождя (www.hotplayer.ru).mp3' (channels=2, sampleRate=48000)
INFO not found "/assets/sounds/Звуки природы - Шум дождя (www.hotplayer.ru).mp3" in vfs
ERROR WPSoundParser.cpp:178 audio file not found: sounds/Звуки природы - Шум дождя (www.hotplayer.ru).mp3
INFO audio Switch: loading 'sounds/Veela and Irosa Rosali, Elsie - Closed (galamp3.com).mp3' (channels=2, sampleRate=48000)
INFO not found "/assets/sounds/Veela and Irosa Rosali, Elsie - Closed (galamp3.com).mp3" in vfs
ERROR WPSoundParser.cpp:178 audio file not found: sounds/Veela and Irosa Rosali, Elsie - Closed (galamp3.com).mp3
INFO audio Switch: loading 'sounds/Звуки природы - Шум дождя (www.hotplayer.ru).mp3' (channels=2, sampleRate=48000)
INFO not found "/assets/sounds/Звуки природы - Шум дождя (www.hotplayer.ru).mp3" in vfs
ERROR WPSoundParser.cpp:178 audio file not found: sounds/Звуки природы - Шум дождя (www.hotplayer.ru).mp3
INFO audio Switch: loading 'sounds/Veela and Kooma - Pointless (galamp3.com).mp3' (channels=2, sampleRate=48000)
INFO not found "/assets/sounds/Veela and Kooma - Pointless (galamp3.com).mp3" in vfs
ERROR WPSoundParser.cpp:178 audio file not found: sounds/Veela and Kooma - Pointless (galamp3.com).mp3
INFO audio Switch: loading 'sounds/Звуки природы - Шум дождя (www.hotplayer.ru).mp3' (channels=2, sampleRate=48000)
INFO not found "/assets/sounds/Звуки природы - Шум дождя (www.hotplayer.ru).mp3" in vfs
ERROR WPSoundParser.cpp:178 audio file not found: sounds/Звуки природы - Шум дождя (www.hotplayer.ru).mp3
INFO audio Switch: loading 'sounds/Veela and Kooma - Retrospect (galamp3.com).mp3' (channels=2, sampleRate=48000)
INFO not found "/assets/sounds/Veela and Kooma - Retrospect (galamp3.com).mp3" in vfs
ERROR WPSoundParser.cpp:178 audio file not found: sounds/Veela and Kooma - Retrospect (galamp3.com).mp3
INFO audio Switch: loading 'sounds/Звуки природы - Шум дождя (www.hotplayer.ru).mp3' (channels=2, sampleRate=48000)
INFO not found "/assets/sounds/Звуки природы - Шум дождя (www.hotplayer.ru).mp3" in vfs
ERROR WPSoundParser.cpp:178 audio file not found: sounds/Звуки природы - Шум дождя (www.hotplayer.ru).mp3
INFO audio Switch: loading 'sounds/Kooma & Veela - Oasis (256  kbps).mp3' (channels=2, sampleRate=48000)
INFO not found "/assets/sounds/Kooma & Veela - Oasis (256  kbps).mp3" in vfs
ERROR WPSoundParser.cpp:178 audio file not found: sounds/Kooma & Veela - Oasis (256  kbps).mp3
INFO audio Switch: loading 'sounds/Звуки природы - Шум дождя (www.hotplayer.ru).mp3' (channels=2, sampleRate=48000)
INFO not found "/assets/sounds/Звуки природы - Шум дождя (www.hotplayer.ru).mp3" in vfs
ERROR WPSoundParser.cpp:178 audio file not found: sounds/Звуки природы - Шум дождя (www.hotplayer.ru).mp3
INFO audio Switch: loading 'sounds/aether-scotland-veela-valentine.mp3' (channels=2, sampleRate=48000)
INFO not found "/assets/sounds/aether-scotland-veela-valentine.mp3" in vfs
ERROR WPSoundParser.cpp:178 audio file not found: sounds/aether-scotland-veela-valentine.mp3
INFO audio Switch: loading 'sounds/Звуки природы - Шум дождя (www.hotplayer.ru).mp3' (channels=2, sampleRate=48000)
INFO not found "/assets/sounds/Звуки природы - Шум дождя (www.hotplayer.ru).mp3" in vfs
ERROR WPSoundParser.cpp:178 audio file not found: sounds/Звуки природы - Шум дождя (www.hotplayer.ru).mp3
INFO audio Switch: loading 'sounds/Veela and Irosa Rosali - Going Home (galamp3.com).mp3' (channels=2, sampleRate=48000)
INFO not found "/assets/sounds/Veela and Irosa Rosali - Going Home (galamp3.com).mp3" in vfs
ERROR WPSoundParser.cpp:178 audio file not found: sounds/Veela and Irosa Rosali - Going Home (galamp3.com).mp3
INFO audio Switch: loading 'sounds/Звуки природы - Шум дождя (www.hotplayer.ru).mp3' (channels=2, sampleRate=48000)
INFO not found "/assets/sounds/Звуки природы - Шум дождя (www.hotplayer.ru).mp3" in vfs
ERROR WPSoundParser.cpp:178 audio file not found: sounds/Звуки природы - Шум дождя (www.hotplayer.ru).mp3
INFO audio Switch: loading 'sounds/Veela and Irosa Rosali, Elsie - Closed (galamp3.com).mp3' (channels=2, sampleRate=48000)
INFO not found "/assets/sounds/Veela and Irosa Rosali, Elsie - Closed (galamp3.com).mp3" in vfs
ERROR WPSoundParser.cpp:178 audio file not found: sounds/Veela and Irosa Rosali, Elsie - Closed (galamp3.com).mp3
INFO audio Switch: loading 'sounds/Звуки природы - Шум дождя (www.hotplayer.ru).mp3' (channels=2, sampleRate=48000)
INFO not found "/assets/sounds/Звуки природы - Шум дождя (www.hotplayer.ru).mp3" in vfs
ERROR WPSoundParser.cpp:178 audio file not found: sounds/Звуки природы - Шум дождя (www.hotplayer.ru).mp3
INFO audio Switch: loading 'sounds/Veela and Kooma - Pointless (galamp3.com).mp3' (channels=2, sampleRate=48000)
INFO not found "/assets/sounds/Veela and Kooma - Pointless (galamp3.com).mp3" in vfs
ERROR WPSoundParser.cpp:178 audio file not found: sounds/Veela and Kooma - Pointless (galamp3.com).mp3
INFO audio Switch: loading 'sounds/Звуки природы - Шум дождя (www.hotplayer.ru).mp3' (channels=2, sampleRate=48000)
INFO not found "/assets/sounds/Звуки природы - Шум дождя (www.hotplayer.ru).mp3" in vfs
ERROR WPSoundParser.cpp:178 audio file not found: sounds/Звуки природы - Шум дождя (www.hotplayer.ru).mp3
INFO audio Switch: loading 'sounds/Veela and Kooma - Retrospect (galamp3.com).mp3' (channels=2, sampleRate=48000)
INFO not found "/assets/sounds/Veela and Kooma - Retrospect (galamp3.com).mp3" in vfs
ERROR WPSoundParser.cpp:178 audio file not found: sounds/Veela and Kooma - Retrospect (galamp3.com).mp3
INFO audio Switch: loading 'sounds/Звуки природы - Шум дождя (www.hotplayer.ru).mp3' (channels=2, sampleRate=48000)
INFO not found "/assets/sounds/Звуки природы - Шум дождя (www.hotplayer.ru).mp3" in vfs
ERROR WPSoundParser.cpp:178 audio file not found: sounds/Звуки природы - Шум дождя (www.hotplayer.ru).mp3
INFO audio Switch: loading 'sounds/Kooma & Veela - Oasis (256  kbps).mp3' (channels=2, sampleRate=48000)
INFO not found "/assets/sounds/Kooma & Veela - Oasis (256  kbps).mp3" in vfs
ERROR WPSoundParser.cpp:178 audio file not found: sounds/Kooma & Veela - Oasis (256  kbps).mp3
INFO audio Switch: loading 'sounds/Звуки природы - Шум дождя (www.hotplayer.ru).mp3' (channels=2, sampleRate=48000)
INFO not found "/assets/sounds/Звуки природы - Шум дождя (www.hotplayer.ru).mp3" in vfs
ERROR WPSoundParser.cpp:178 audio file not found: sounds/Звуки природы - Шум дождя (www.hotplayer.ru).mp3
INFO audio Switch: loading 'sounds/aether-scotland-veela-valentine.mp3' (channels=2, sampleRate=48000)
INFO not found "/assets/sounds/aether-scotland-veela-valentine.mp3" in vfs
ERROR WPSoundParser.cpp:178 audio file not found: sounds/aether-scotland-veela-valentine.mp3
INFO audio Switch: loading 'sounds/Звуки природы - Шум дождя (www.hotplayer.ru).mp3' (channels=2, sampleRate=48000)
INFO not found "/assets/sounds/Звуки природы - Шум дождя (www.hotplayer.ru).mp3" in vfs
ERROR WPSoundParser.cpp:178 audio file not found: sounds/Звуки природы - Шум дождя (www.hotplayer.ru).mp3
INFO audio Switch: loading 'sounds/Veela and Irosa Rosali - Going Home (galamp3.com).mp3' (channels=2, sampleRate=48000)
INFO not found "/assets/sounds/Veela and Irosa Rosali - Going Home (galamp3.com).mp3" in vfs
ERROR WPSoundParser.cpp:178 audio file not found: sounds/Veela and Irosa Rosali - Going Home (galamp3.com).mp3
INFO audio Switch: loading 'sounds/Звуки природы - Шум дождя (www.hotplayer.ru).mp3' (channels=2, sampleRate=48000)
INFO not found "/assets/sounds/Звуки природы - Шум дождя (www.hotplayer.ru).mp3" in vfs
ERROR WPSoundParser.cpp:178 audio file not found: sounds/Звуки природы - Шум дождя (www.hotplayer.ru).mp3
INFO audio Switch: loading 'sounds/Veela and Irosa Rosali, Elsie - Closed (galamp3.com).mp3' (channels=2, sampleRate=48000)
INFO not found "/assets/sounds/Veela and Irosa Rosali, Elsie - Closed (galamp3.com).mp3" in vfs
ERROR WPSoundParser.cpp:178 audio file not found: sounds/Veela and Irosa Rosali, Elsie - Closed (galamp3.com).mp3
INFO audio Switch: loading 'sounds/Звуки природы - Шум дождя (www.hotplayer.ru).mp3' (channels=2, sampleRate=48000)
INFO not found "/assets/sounds/Звуки природы - Шум дождя (www.hotplayer.ru).mp3" in vfs
ERROR WPSoundParser.cpp:178 audio file not found: sounds/Звуки природы - Шум дождя (www.hotplayer.ru).mp3
INFO audio Switch: loading 'sounds/Veela and Kooma - Pointless (galamp3.com).mp3' (channels=2, sampleRate=48000)
INFO not found "/assets/sounds/Veela and Kooma - Pointless (galamp3.com).mp3" in vfs
ERROR WPSoundParser.cpp:178 audio file not found: sounds/Veela and Kooma - Pointless (galamp3.com).mp3
INFO audio Switch: loading 'sounds/Звуки природы - Шум дождя (www.hotplayer.ru).mp3' (channels=2, sampleRate=48000)
INFO not found "/assets/sounds/Звуки природы - Шум дождя (www.hotplayer.ru).mp3" in vfs
ERROR WPSoundParser.cpp:178 audio file not found: sounds/Звуки природы - Шум дождя (www.hotplayer.ru).mp3
INFO audio Switch: loading 'sounds/Veela and Kooma - Retrospect (galamp3.com).mp3' (channels=2, sampleRate=48000)
INFO not found "/assets/sounds/Veela and Kooma - Retrospect (galamp3.com).mp3" in vfs
ERROR WPSoundParser.cpp:178 audio file not found: sounds/Veela and Kooma - Retrospect (galamp3.com).mp3
INFO audio Switch: loading 'sounds/Звуки природы - Шум дождя (www.hotplayer.ru).mp3' (channels=2, sampleRate=48000)
INFO not found "/assets/sounds/Звуки природы - Шум дождя (www.hotplayer.ru).mp3" in vfs
ERROR WPSoundParser.cpp:178 audio file not found: sounds/Звуки природы - Шум дождя (www.hotplayer.ru).mp3
INFO audio Switch: loading 'sounds/Kooma & Veela - Oasis (256  kbps).mp3' (channels=2, sampleRate=48000)
INFO not found "/assets/sounds/Kooma & Veela - Oasis (256  kbps).mp3" in vfs
ERROR WPSoundParser.cpp:178 audio file not found: sounds/Kooma & Veela - Oasis (256  kbps).mp3
INFO audio Switch: loading 'sounds/Звуки природы - Шум дождя (www.hotplayer.ru).mp3' (channels=2, sampleRate=48000)
INFO not found "/assets/sounds/Звуки природы - Шум дождя (www.hotplayer.ru).mp3" in vfs
ERROR WPSoundParser.cpp:178 audio file not found: sounds/Звуки природы - Шум дождя (www.hotplayer.ru).mp3
INFO audio Switch: loading 'sounds/aether-scotland-veela-valentine.mp3' (channels=2, sampleRate=48000)
INFO not found "/assets/sounds/aether-scotland-veela-valentine.mp3" in vfs
ERROR WPSoundParser.cpp:178 audio file not found: sounds/aether-scotland-veela-valentine.mp3
INFO audio Switch: loading 'sounds/Звуки природы - Шум дождя (www.hotplayer.ru).mp3' (channels=2, sampleRate=48000)
INFO not found "/assets/sounds/Звуки природы - Шум дождя (www.hotplayer.ru).mp3" in vfs
ERROR WPSoundParser.cpp:178 audio file not found: sounds/Звуки природы - Шум дождя (www.hotplayer.ru).mp3
INFO audio Switch: loading 'sounds/Veela and Irosa Rosali - Going Home (galamp3.com).mp3' (channels=2, sampleRate=48000)
INFO not found "/assets/sounds/Veela and Irosa Rosali - Going Home (galamp3.com).mp3" in vfs
ERROR WPSoundParser.cpp:178 audio file not found: sounds/Veela and Irosa Rosali - Going Home (galamp3.com).mp3
INFO audio Switch: loading 'sounds/Звуки природы - Шум дождя (www.hotplayer.ru).mp3' (channels=2, sampleRate=48000)
INFO not found "/assets/sounds/Звуки природы - Шум дождя (www.hotplayer.ru).mp3" in vfs
ERROR WPSoundParser.cpp:178 audio file not found: sounds/Звуки природы - Шум дождя (www.hotplayer.ru).mp3
INFO audio Switch: loading 'sounds/Veela and Irosa Rosali, Elsie - Closed (galamp3.com).mp3' (channels=2, sampleRate=48000)
INFO not found "/assets/sounds/Veela and Irosa Rosali, Elsie - Closed (galamp3.com).mp3" in vfs
ERROR WPSoundParser.cpp:178 audio file not found: sounds/Veela and Irosa Rosali, Elsie - Closed (galamp3.com).mp3
INFO audio Switch: loading 'sounds/Звуки природы - Шум дождя (www.hotplayer.ru).mp3' (channels=2, sampleRate=48000)
INFO not found "/assets/sounds/Звуки природы - Шум дождя (www.hotplayer.ru).mp3" in vfs
ERROR WPSoundParser.cpp:178 audio file not found: sounds/Звуки природы - Шум дождя (www.hotplayer.ru).mp3
INFO audio Switch: loading 'sounds/Veela and Kooma - Pointless (galamp3.com).mp3' (channels=2, sampleRate=48000)
INFO not found "/assets/sounds/Veela and Kooma - Pointless (galamp3.com).mp3" in vfs
ERROR WPSoundParser.cpp:178 audio file not found: sounds/Veela and Kooma - Pointless (galamp3.com).mp3
INFO audio Switch: loading 'sounds/Звуки природы - Шум дождя (www.hotplayer.ru).mp3' (channels=2, sampleRate=48000)
INFO not found "/assets/sounds/Звуки природы - Шум дождя (www.hotplayer.ru).mp3" in vfs
ERROR WPSoundParser.cpp:178 audio file not found: sounds/Звуки природы - Шум дождя (www.hotplayer.ru).mp3
INFO audio Switch: loading 'sounds/Veela and Kooma - Retrospect (galamp3.com).mp3' (channels=2, sampleRate=48000)
INFO not found "/assets/sounds/Veela and Kooma - Retrospect (galamp3.com).mp3" in vfs
ERROR WPSoundParser.cpp:178 audio file not found: sounds/Veela and Kooma - Retrospect (galamp3.com).mp3
INFO audio Switch: loading 'sounds/Звуки природы - Шум дождя (www.hotplayer.ru).mp3' (channels=2, sampleRate=48000)
INFO not found "/assets/sounds/Звуки природы - Шум дождя (www.hotplayer.ru).mp3" in vfs
ERROR WPSoundParser.cpp:178 audio file not found: sounds/Звуки природы - Шум дождя (www.hotplayer.ru).mp3
INFO audio Switch: loading 'sounds/Kooma & Veela - Oasis (256  kbps).mp3' (channels=2, sampleRate=48000)
INFO not found "/assets/sounds/Kooma & Veela - Oasis (256  kbps).mp3" in vfs
ERROR WPSoundParser.cpp:178 audio file not found: sounds/Kooma & Veela - Oasis (256  kbps).mp3
INFO audio Switch: loading 'sounds/Звуки природы - Шум дождя (www.hotplayer.ru).mp3' (channels=2, sampleRate=48000)
INFO not found "/assets/sounds/Звуки природы - Шум дождя (www.hotplayer.ru).mp3" in vfs
ERROR WPSoundParser.cpp:178 audio file not found: sounds/Звуки природы - Шум дождя (www.hotplayer.ru).mp3
INFO audio Switch: loading 'sounds/aether-scotland-veela-valentine.mp3' (channels=2, sampleRate=48000)
INFO not found "/assets/sounds/aether-scotland-veela-valentine.mp3" in vfs
ERROR WPSoundParser.cpp:178 audio file not found: sounds/aether-scotland-veela-valentine.mp3
INFO audio Switch: loading 'sounds/Звуки природы - Шум дождя (www.hotplayer.ru).mp3' (channels=2, sampleRate=48000)
INFO not found "/assets/sounds/Звуки природы - Шум дождя (www.hotplayer.ru).mp3" in vfs
ERROR WPSoundParser.cpp:178 audio file not found: sounds/Звуки природы - Шум дождя (www.hotplayer.ru).mp3
INFO audio Switch: loading 'sounds/Veela and Irosa Rosali - Going Home (galamp3.com).mp3' (channels=2, sampleRate=48000)
INFO not found "/assets/sounds/Veela and Irosa Rosali - Going Home (galamp3.com).mp3" in vfs
ERROR WPSoundParser.cpp:178 audio file not found: sounds/Veela and Irosa Rosali - Going Home (galamp3.com).mp3
INFO audio Switch: loading 'sounds/Звуки природы - Шум дождя (www.hotplayer.ru).mp3' (channels=2, sampleRate=48000)
INFO not found "/assets/sounds/Звуки природы - Шум дождя (www.hotplayer.ru).mp3" in vfs
ERROR WPSoundParser.cpp:178 audio file not found: sounds/Звуки природы - Шум дождя (www.hotplayer.ru).mp3
INFO audio Switch: loading 'sounds/Veela and Irosa Rosali, Elsie - Closed (galamp3.com).mp3' (channels=2, sampleRate=48000)
INFO not found "/assets/sounds/Veela and Irosa Rosali, Elsie - Closed (galamp3.com).mp3" in vfs
ERROR WPSoundParser.cpp:178 audio file not found: sounds/Veela and Irosa Rosali, Elsie - Closed (galamp3.com).mp3
INFO audio Switch: loading 'sounds/Звуки природы - Шум дождя (www.hotplayer.ru).mp3' (channels=2, sampleRate=48000)
INFO not found "/assets/sounds/Звуки природы - Шум дождя (www.hotplayer.ru).mp3" in vfs
ERROR WPSoundParser.cpp:178 audio file not found: sounds/Звуки природы - Шум дождя (www.hotplayer.ru).mp3
INFO audio Switch: loading 'sounds/Veela and Kooma - Pointless (galamp3.com).mp3' (channels=2, sampleRate=48000)
INFO not found "/assets/sounds/Veela and Kooma - Pointless (galamp3.com).mp3" in vfs
ERROR WPSoundParser.cpp:178 audio file not found: sounds/Veela and Kooma - Pointless (galamp3.com).mp3
INFO audio Switch: loading 'sounds/Звуки природы - Шум дождя (www.hotplayer.ru).mp3' (channels=2, sampleRate=48000)
INFO not found "/assets/sounds/Звуки природы - Шум дождя (www.hotplayer.ru).mp3" in vfs
ERROR WPSoundParser.cpp:178 audio file not found: sounds/Звуки природы - Шум дождя (www.hotplayer.ru).mp3
INFO audio Switch: loading 'sounds/Veela and Kooma - Retrospect (galamp3.com).mp3' (channels=2, sampleRate=48000)
INFO not found "/assets/sounds/Veela and Kooma - Retrospect (galamp3.com).mp3" in vfs
ERROR WPSoundParser.cpp:178 audio file not found: sounds/Veela and Kooma - Retrospect (galamp3.com).mp3
INFO audio Switch: loading 'sounds/Звуки природы - Шум дождя (www.hotplayer.ru).mp3' (channels=2, sampleRate=48000)
INFO not found "/assets/sounds/Звуки природы - Шум дождя (www.hotplayer.ru).mp3" in vfs
ERROR WPSoundParser.cpp:178 audio file not found: sounds/Звуки природы - Шум дождя (www.hotplayer.ru).mp3
INFO audio Switch: loading 'sounds/Kooma & Veela - Oasis (256  kbps).mp3' (channels=2, sampleRate=48000)
INFO not found "/assets/sounds/Kooma & Veela - Oasis (256  kbps).mp3" in vfs
ERROR WPSoundParser.cpp:178 audio file not found: sounds/Kooma & Veela - Oasis (256  kbps).mp3
INFO audio Switch: loading 'sounds/Звуки природы - Шум дождя (www.hotplayer.ru).mp3' (channels=2, sampleRate=48000)
INFO not found "/assets/sounds/Звуки природы - Шум дождя (www.hotplayer.ru).mp3" in vfs
ERROR WPSoundParser.cpp:178 audio file not found: sounds/Звуки природы - Шум дождя (www.hotplayer.ru).mp3
INFO audio Switch: loading 'sounds/aether-scotland-veela-valentine.mp3' (channels=2, sampleRate=48000)
INFO not found "/assets/sounds/aether-scotland-veela-valentine.mp3" in vfs
ERROR WPSoundParser.cpp:178 audio file not found: sounds/aether-scotland-veela-valentine.mp3
INFO audio Switch: loading 'sounds/Звуки природы - Шум дождя (www.hotplayer.ru).mp3' (channels=2, sampleRate=48000)
INFO not found "/assets/sounds/Звуки природы - Шум дождя (www.hotplayer.ru).mp3" in vfs
ERROR WPSoundParser.cpp:178 audio file not found: sounds/Звуки природы - Шум дождя (www.hotplayer.ru).mp3
INFO audio Switch: loading 'sounds/Veela and Irosa Rosali - Going Home (galamp3.com).mp3' (channels=2, sampleRate=48000)
INFO not found "/assets/sounds/Veela and Irosa Rosali - Going Home (galamp3.com).mp3" in vfs
ERROR WPSoundParser.cpp:178 audio file not found: sounds/Veela and Irosa Rosali - Going Home (galamp3.com).mp3
INFO audio Switch: loading 'sounds/Звуки природы - Шум дождя (www.hotplayer.ru).mp3' (channels=2, sampleRate=48000)
INFO not found "/assets/sounds/Звуки природы - Шум дождя (www.hotplayer.ru).mp3" in vfs
ERROR WPSoundParser.cpp:178 audio file not found: sounds/Звуки природы - Шум дождя (www.hotplayer.ru).mp3
INFO audio Switch: loading 'sounds/Veela and Irosa Rosali, Elsie - Closed (galamp3.com).mp3' (channels=2, sampleRate=48000)
INFO not found "/assets/sounds/Veela and Irosa Rosali, Elsie - Closed (galamp3.com).mp3" in vfs
ERROR WPSoundParser.cpp:178 audio file not found: sounds/Veela and Irosa Rosali, Elsie - Closed (galamp3.com).mp3
INFO audio Switch: loading 'sounds/Звуки природы - Шум дождя (www.hotplayer.ru).mp3' (channels=2, sampleRate=48000)
INFO not found "/assets/sounds/Звуки природы - Шум дождя (www.hotplayer.ru).mp3" in vfs
ERROR WPSoundParser.cpp:178 audio file not found: sounds/Звуки природы - Шум дождя (www.hotplayer.ru).mp3
INFO audio Switch: loading 'sounds/Veela and Kooma - Pointless (galamp3.com).mp3' (channels=2, sampleRate=48000)
INFO not found "/assets/sounds/Veela and Kooma - Pointless (galamp3.com).mp3" in vfs
ERROR WPSoundParser.cpp:178 audio file not found: sounds/Veela and Kooma - Pointless (galamp3.com).mp3
INFO audio Switch: loading 'sounds/Звуки природы - Шум дождя (www.hotplayer.ru).mp3' (channels=2, sampleRate=48000)
INFO not found "/assets/sounds/Звуки природы - Шум дождя (www.hotplayer.ru).mp3" in vfs
ERROR WPSoundParser.cpp:178 audio file not found: sounds/Звуки природы - Шум дождя (www.hotplayer.ru).mp3
INFO audio Switch: loading 'sounds/Veela and Kooma - Retrospect (galamp3.com).mp3' (channels=2, sampleRate=48000)
INFO not found "/assets/sounds/Veela and Kooma - Retrospect (galamp3.com).mp3" in vfs
ERROR WPSoundParser.cpp:178 audio file not found: sounds/Veela and Kooma - Retrospect (galamp3.com).mp3
INFO audio Switch: loading 'sounds/Звуки природы - Шум дождя (www.hotplayer.ru).mp3' (channels=2, sampleRate=48000)
INFO not found "/assets/sounds/Звуки природы - Шум дождя (www.hotplayer.ru).mp3" in vfs
ERROR WPSoundParser.cpp:178 audio file not found: sounds/Звуки природы - Шум дождя (www.hotplayer.ru).mp3
INFO audio Switch: loading 'sounds/Kooma & Veela - Oasis (256  kbps).mp3' (channels=2, sampleRate=48000)
INFO not found "/assets/sounds/Kooma & Veela - Oasis (256  kbps).mp3" in vfs
ERROR WPSoundParser.cpp:178 audio file not found: sounds/Kooma & Veela - Oasis (256  kbps).mp3
INFO audio Switch: loading 'sounds/Звуки природы - Шум дождя (www.hotplayer.ru).mp3' (channels=2, sampleRate=48000)
INFO not found "/assets/sounds/Звуки природы - Шум дождя (www.hotplayer.ru).mp3" in vfs
ERROR WPSoundParser.cpp:178 audio file not found: sounds/Звуки природы - Шум дождя (www.hotplayer.ru).mp3
INFO audio Switch: loading 'sounds/aether-scotland-veela-valentine.mp3' (channels=2, sampleRate=48000)
INFO not found "/assets/sounds/aether-scotland-veela-valentine.mp3" in vfs
ERROR WPSoundParser.cpp:178 audio file not found: sounds/aether-scotland-veela-valentine.mp3
INFO audio Switch: loading 'sounds/Звуки природы - Шум дождя (www.hotplayer.ru).mp3' (channels=2, sampleRate=48000)
INFO not found "/assets/sounds/Звуки природы - Шум дождя (www.hotplayer.ru).mp3" in vfs
ERROR WPSoundParser.cpp:178 audio file not found: sounds/Звуки природы - Шум дождя (www.hotplayer.ru).mp3
INFO audio Switch: loading 'sounds/Veela and Irosa Rosali - Going Home (galamp3.com).mp3' (channels=2, sampleRate=48000)
INFO not found "/assets/sounds/Veela and Irosa Rosali - Going Home (galamp3.com).mp3" in vfs
ERROR WPSoundParser.cpp:178 audio file not found: sounds/Veela and Irosa Rosali - Going Home (galamp3.com).mp3
INFO audio Switch: loading 'sounds/Звуки природы - Шум дождя (www.hotplayer.ru).mp3' (channels=2, sampleRate=48000)
INFO not found "/assets/sounds/Звуки природы - Шум дождя (www.hotplayer.ru).mp3" in vfs
ERROR WPSoundParser.cpp:178 audio file not found: sounds/Звуки природы - Шум дождя (www.hotplayer.ru).mp3
INFO audio Switch: loading 'sounds/Veela and Irosa Rosali, Elsie - Closed (galamp3.com).mp3' (channels=2, sampleRate=48000)
INFO not found "/assets/sounds/Veela and Irosa Rosali, Elsie - Closed (galamp3.com).mp3" in vfs
ERROR WPSoundParser.cpp:178 audio file not found: sounds/Veela and Irosa Rosali, Elsie - Closed (galamp3.com).mp3
INFO audio Switch: loading 'sounds/Звуки природы - Шум дождя (www.hotplayer.ru).mp3' (channels=2, sampleRate=48000)
INFO not found "/assets/sounds/Звуки природы - Шум дождя (www.hotplayer.ru).mp3" in vfs
ERROR WPSoundParser.cpp:178 audio file not found: sounds/Звуки природы - Шум дождя (www.hotplayer.ru).mp3
INFO audio Switch: loading 'sounds/Veela and Kooma - Pointless (galamp3.com).mp3' (channels=2, sampleRate=48000)
INFO not found "/assets/sounds/Veela and Kooma - Pointless (galamp3.com).mp3" in vfs
ERROR WPSoundParser.cpp:178 audio file not found: sounds/Veela and Kooma - Pointless (galamp3.com).mp3
INFO audio Switch: loading 'sounds/Звуки природы - Шум дождя (www.hotplayer.ru).mp3' (channels=2, sampleRate=48000)
INFO not found "/assets/sounds/Звуки природы - Шум дождя (www.hotplayer.ru).mp3" in vfs
ERROR WPSoundParser.cpp:178 audio file not found: sounds/Звуки природы - Шум дождя (www.hotplayer.ru).mp3
INFO audio Switch: loading 'sounds/Veela and Kooma - Retrospect (galamp3.com).mp3' (channels=2, sampleRate=48000)
INFO not found "/assets/sounds/Veela and Kooma - Retrospect (galamp3.com).mp3" in vfs
ERROR WPSoundParser.cpp:178 audio file not found: sounds/Veela and Kooma - Retrospect (galamp3.com).mp3
INFO audio Switch: loading 'sounds/Звуки природы - Шум дождя (www.hotplayer.ru).mp3' (channels=2, sampleRate=48000)
INFO not found "/assets/sounds/Звуки природы - Шум дождя (www.hotplayer.ru).mp3" in vfs
ERROR WPSoundParser.cpp:178 audio file not found: sounds/Звуки природы - Шум дождя (www.hotplayer.ru).mp3
INFO audio Switch: loading 'sounds/Kooma & Veela - Oasis (256  kbps).mp3' (channels=2, sampleRate=48000)
INFO not found "/assets/sounds/Kooma & Veela - Oasis (256  kbps).mp3" in vfs
ERROR WPSoundParser.cpp:178 audio file not found: sounds/Kooma & Veela - Oasis (256  kbps).mp3
INFO audio Switch: loading 'sounds/Звуки природы - Шум дождя (www.hotplayer.ru).mp3' (channels=2, sampleRate=48000)
INFO not found "/assets/sounds/Звуки природы - Шум дождя (www.hotplayer.ru).mp3" in vfs
ERROR WPSoundParser.cpp:178 audio file not found: sounds/Звуки природы - Шум дождя (www.hotplayer.ru).mp3
INFO audio Switch: loading 'sounds/aether-scotland-veela-valentine.mp3' (channels=2, sampleRate=48000)
INFO not found "/assets/sounds/aether-scotland-veela-valentine.mp3" in vfs
ERROR WPSoundParser.cpp:178 audio file not found: sounds/aether-scotland-veela-valentine.mp3
INFO audio Switch: loading 'sounds/Звуки природы - Шум дождя (www.hotplayer.ru).mp3' (channels=2, sampleRate=48000)
INFO not found "/assets/sounds/Звуки природы - Шум дождя (www.hotplayer.ru).mp3" in vfs
ERROR WPSoundParser.cpp:178 audio file not found: sounds/Звуки природы - Шум дождя (www.hotplayer.ru).mp3
INFO audio Switch: loading 'sounds/Veela and Irosa Rosali - Going Home (galamp3.com).mp3' (channels=2, sampleRate=48000)
INFO not found "/assets/sounds/Veela and Irosa Rosali - Going Home (galamp3.com).mp3" in vfs
ERROR WPSoundParser.cpp:178 audio file not found: sounds/Veela and Irosa Rosali - Going Home (galamp3.com).mp3
INFO audio Switch: loading 'sounds/Звуки природы - Шум дождя (www.hotplayer.ru).mp3' (channels=2, sampleRate=48000)
INFO not found "/assets/sounds/Звуки природы - Шум дождя (www.hotplayer.ru).mp3" in vfs
ERROR WPSoundParser.cpp:178 audio file not found: sounds/Звуки природы - Шум дождя (www.hotplayer.ru).mp3
INFO audio Switch: loading 'sounds/Veela and Irosa Rosali, Elsie - Closed (galamp3.com).mp3' (channels=2, sampleRate=48000)
INFO not found "/assets/sounds/Veela and Irosa Rosali, Elsie - Closed (galamp3.com).mp3" in vfs
ERROR WPSoundParser.cpp:178 audio file not found: sounds/Veela and Irosa Rosali, Elsie - Closed (galamp3.com).mp3
INFO audio Switch: loading 'sounds/Звуки природы - Шум дождя (www.hotplayer.ru).mp3' (channels=2, sampleRate=48000)
INFO not found "/assets/sounds/Звуки природы - Шум дождя (www.hotplayer.ru).mp3" in vfs
ERROR WPSoundParser.cpp:178 audio file not found: sounds/Звуки природы - Шум дождя (www.hotplayer.ru).mp3
INFO audio Switch: loading 'sounds/Veela and Kooma - Pointless (galamp3.com).mp3' (channels=2, sampleRate=48000)
INFO not found "/assets/sounds/Veela and Kooma - Pointless (galamp3.com).mp3" in vfs
ERROR WPSoundParser.cpp:178 audio file not found: sounds/Veela and Kooma - Pointless (galamp3.com).mp3
INFO audio Switch: loading 'sounds/Звуки природы - Шум дождя (www.hotplayer.ru).mp3' (channels=2, sampleRate=48000)
INFO not found "/assets/sounds/Звуки природы - Шум дождя (www.hotplayer.ru).mp3" in vfs
ERROR WPSoundParser.cpp:178 audio file not found: sounds/Звуки природы - Шум дождя (www.hotplayer.ru).mp3
INFO audio Switch: loading 'sounds/Veela and Kooma - Retrospect (galamp3.com).mp3' (channels=2, sampleRate=48000)
INFO not found "/assets/sounds/Veela and Kooma - Retrospect (galamp3.com).mp3" in vfs
ERROR WPSoundParser.cpp:178 audio file not found: sounds/Veela and Kooma - Retrospect (galamp3.com).mp3
INFO audio Switch: loading 'sounds/Звуки природы - Шум дождя (www.hotplayer.ru).mp3' (channels=2, sampleRate=48000)
INFO not found "/assets/sounds/Звуки природы - Шум дождя (www.hotplayer.ru).mp3" in vfs
ERROR WPSoundParser.cpp:178 audio file not found: sounds/Звуки природы - Шум дождя (www.hotplayer.ru).mp3
INFO audio Switch: loading 'sounds/Kooma & Veela - Oasis (256  kbps).mp3' (channels=2, sampleRate=48000)
INFO not found "/assets/sounds/Kooma & Veela - Oasis (256  kbps).mp3" in vfs
ERROR WPSoundParser.cpp:178 audio file not found: sounds/Kooma & Veela - Oasis (256  kbps).mp3
INFO audio Switch: loading 'sounds/Звуки природы - Шум дождя (www.hotplayer.ru).mp3' (channels=2, sampleRate=48000)
INFO not found "/assets/sounds/Звуки природы - Шум дождя (www.hotplayer.ru).mp3" in vfs
ERROR WPSoundParser.cpp:178 audio file not found: sounds/Звуки природы - Шум дождя (www.hotplayer.ru).mp3
INFO audio Switch: loading 'sounds/aether-scotland-veela-valentine.mp3' (channels=2, sampleRate=48000)
INFO not found "/assets/sounds/aether-scotland-veela-valentine.mp3" in vfs
ERROR WPSoundParser.cpp:178 audio file not found: sounds/aether-scotland-veela-valentine.mp3
INFO audio Switch: loading 'sounds/Звуки природы - Шум дождя (www.hotplayer.ru).mp3' (channels=2, sampleRate=48000)
INFO not found "/assets/sounds/Звуки природы - Шум дождя (www.hotplayer.ru).mp3" in vfs
ERROR WPSoundParser.cpp:178 audio file not found: sounds/Звуки природы - Шум дождя (www.hotplayer.ru).mp3
INFO audio Switch: loading 'sounds/Veela and Irosa Rosali - Going Home (galamp3.com).mp3' (channels=2, sampleRate=48000)
INFO not found "/assets/sounds/Veela and Irosa Rosali - Going Home (galamp3.com).mp3" in vfs
ERROR WPSoundParser.cpp:178 audio file not found: sounds/Veela and Irosa Rosali - Going Home (galamp3.com).mp3
INFO audio Switch: loading 'sounds/Звуки природы - Шум дождя (www.hotplayer.ru).mp3' (channels=2, sampleRate=48000)
INFO not found "/assets/sounds/Звуки природы - Шум дождя (www.hotplayer.ru).mp3" in vfs
ERROR WPSoundParser.cpp:178 audio file not found: sounds/Звуки природы - Шум дождя (www.hotplayer.ru).mp3
INFO audio Switch: loading 'sounds/Veela and Irosa Rosali, Elsie - Closed (galamp3.com).mp3' (channels=2, sampleRate=48000)
INFO not found "/assets/sounds/Veela and Irosa Rosali, Elsie - Closed (galamp3.com).mp3" in vfs
ERROR WPSoundParser.cpp:178 audio file not found: sounds/Veela and Irosa Rosali, Elsie - Closed (galamp3.com).mp3
INFO audio Switch: loading 'sounds/Звуки природы - Шум дождя (www.hotplayer.ru).mp3' (channels=2, sampleRate=48000)
INFO not found "/assets/sounds/Звуки природы - Шум дождя (www.hotplayer.ru).mp3" in vfs
ERROR WPSoundParser.cpp:178 audio file not found: sounds/Звуки природы - Шум дождя (www.hotplayer.ru).mp3
INFO audio Switch: loading 'sounds/Veela and Kooma - Pointless (galamp3.com).mp3' (channels=2, sampleRate=48000)
INFO not found "/assets/sounds/Veela and Kooma - Pointless (galamp3.com).mp3" in vfs
ERROR WPSoundParser.cpp:178 audio file not found: sounds/Veela and Kooma - Pointless (galamp3.com).mp3
INFO audio Switch: loading 'sounds/Звуки природы - Шум дождя (www.hotplayer.ru).mp3' (channels=2, sampleRate=48000)
INFO not found "/assets/sounds/Звуки природы - Шум дождя (www.hotplayer.ru).mp3" in vfs
ERROR WPSoundParser.cpp:178 audio file not found: sounds/Звуки природы - Шум дождя (www.hotplayer.ru).mp3
INFO audio Switch: loading 'sounds/Veela and Kooma - Retrospect (galamp3.com).mp3' (channels=2, sampleRate=48000)
INFO not found "/assets/sounds/Veela and Kooma - Retrospect (galamp3.com).mp3" in vfs
ERROR WPSoundParser.cpp:178 audio file not found: sounds/Veela and Kooma - Retrospect (galamp3.com).mp3
INFO audio Switch: loading 'sounds/Звуки природы - Шум дождя (www.hotplayer.ru).mp3' (channels=2, sampleRate=48000)
INFO not found "/assets/sounds/Звуки природы - Шум дождя (www.hotplayer.ru).mp3" in vfs
ERROR WPSoundParser.cpp:178 audio file not found: sounds/Звуки природы - Шум дождя (www.hotplayer.ru).mp3
INFO audio Switch: loading 'sounds/Kooma & Veela - Oasis (256  kbps).mp3' (channels=2, sampleRate=48000)
INFO not found "/assets/sounds/Kooma & Veela - Oasis (256  kbps).mp3" in vfs
ERROR WPSoundParser.cpp:178 audio file not found: sounds/Kooma & Veela - Oasis (256  kbps).mp3
INFO audio Switch: loading 'sounds/Звуки природы - Шум дождя (www.hotplayer.ru).mp3' (channels=2, sampleRate=48000)
INFO not found "/assets/sounds/Звуки природы - Шум дождя (www.hotplayer.ru).mp3" in vfs
ERROR WPSoundParser.cpp:178 audio file not found: sounds/Звуки природы - Шум дождя (www.hotplayer.ru).mp3
INFO audio Switch: loading 'sounds/aether-scotland-veela-valentine.mp3' (channels=2, sampleRate=48000)
INFO not found "/assets/sounds/aether-scotland-veela-valentine.mp3" in vfs
ERROR WPSoundParser.cpp:178 audio file not found: sounds/aether-scotland-veela-valentine.mp3
INFO audio Switch: loading 'sounds/Звуки природы - Шум дождя (www.hotplayer.ru).mp3' (channels=2, sampleRate=48000)
INFO not found "/assets/sounds/Звуки природы - Шум дождя (www.hotplayer.ru).mp3" in vfs
ERROR WPSoundParser.cpp:178 audio file not found: sounds/Звуки природы - Шум дождя (www.hotplayer.ru).mp3
INFO audio Switch: loading 'sounds/Veela and Irosa Rosali - Going Home (galamp3.com).mp3' (channels=2, sampleRate=48000)
INFO not found "/assets/sounds/Veela and Irosa Rosali - Going Home (galamp3.com).mp3" in vfs
ERROR WPSoundParser.cpp:178 audio file not found: sounds/Veela and Irosa Rosali - Going Home (galamp3.com).mp3
INFO audio Switch: loading 'sounds/Звуки природы - Шум дождя (www.hotplayer.ru).mp3' (channels=2, sampleRate=48000)
INFO not found "/assets/sounds/Звуки природы - Шум дождя (www.hotplayer.ru).mp3" in vfs
ERROR WPSoundParser.cpp:178 audio file not found: sounds/Звуки природы - Шум дождя (www.hotplayer.ru).mp3
INFO audio Switch: loading 'sounds/Veela and Irosa Rosali, Elsie - Closed (galamp3.com).mp3' (channels=2, sampleRate=48000)
INFO not found "/assets/sounds/Veela and Irosa Rosali, Elsie - Closed (galamp3.com).mp3" in vfs
ERROR WPSoundParser.cpp:178 audio file not found: sounds/Veela and Irosa Rosali, Elsie - Closed (galamp3.com).mp3
INFO audio Switch: loading 'sounds/Звуки природы - Шум дождя (www.hotplayer.ru).mp3' (channels=2, sampleRate=48000)
INFO not found "/assets/sounds/Звуки природы - Шум дождя (www.hotplayer.ru).mp3" in vfs
ERROR WPSoundParser.cpp:178 audio file not found: sounds/Звуки природы - Шум дождя (www.hotplayer.ru).mp3
INFO audio Switch: loading 'sounds/Veela and Kooma - Pointless (galamp3.com).mp3' (channels=2, sampleRate=48000)
INFO not found "/assets/sounds/Veela and Kooma - Pointless (galamp3.com).mp3" in vfs
ERROR WPSoundParser.cpp:178 audio file not found: sounds/Veela and Kooma - Pointless (galamp3.com).mp3
INFO audio Switch: loading 'sounds/Звуки природы - Шум дождя (www.hotplayer.ru).mp3' (channels=2, sampleRate=48000)
INFO not found "/assets/sounds/Звуки природы - Шум дождя (www.hotplayer.ru).mp3" in vfs
ERROR WPSoundParser.cpp:178 audio file not found: sounds/Звуки природы - Шум дождя (www.hotplayer.ru).mp3
INFO audio Switch: loading 'sounds/Veela and Kooma - Retrospect (galamp3.com).mp3' (channels=2, sampleRate=48000)
INFO not found "/assets/sounds/Veela and Kooma - Retrospect (galamp3.com).mp3" in vfs
ERROR WPSoundParser.cpp:178 audio file not found: sounds/Veela and Kooma - Retrospect (galamp3.com).mp3
INFO audio Switch: loading 'sounds/Звуки природы - Шум дождя (www.hotplayer.ru).mp3' (channels=2, sampleRate=48000)
INFO not found "/assets/sounds/Звуки природы - Шум дождя (www.hotplayer.ru).mp3" in vfs
ERROR WPSoundParser.cpp:178 audio file not found: sounds/Звуки природы - Шум дождя (www.hotplayer.ru).mp3
INFO audio Switch: loading 'sounds/Kooma & Veela - Oasis (256  kbps).mp3' (channels=2, sampleRate=48000)
INFO not found "/assets/sounds/Kooma & Veela - Oasis (256  kbps).mp3" in vfs
ERROR WPSoundParser.cpp:178 audio file not found: sounds/Kooma & Veela - Oasis (256  kbps).mp3
INFO audio Switch: loading 'sounds/Звуки природы - Шум дождя (www.hotplayer.ru).mp3' (channels=2, sampleRate=48000)
INFO not found "/assets/sounds/Звуки природы - Шум дождя (www.hotplayer.ru).mp3" in vfs
ERROR WPSoundParser.cpp:178 audio file not found: sounds/Звуки природы - Шум дождя (www.hotplayer.ru).mp3
INFO audio Switch: loading 'sounds/aether-scotland-veela-valentine.mp3' (channels=2, sampleRate=48000)
INFO not found "/assets/sounds/aether-scotland-veela-valentine.mp3" in vfs
ERROR WPSoundParser.cpp:178 audio file not found: sounds/aether-scotland-veela-valentine.mp3
INFO audio Switch: loading 'sounds/Звуки природы - Шум дождя (www.hotplayer.ru).mp3' (channels=2, sampleRate=48000)
INFO not found "/assets/sounds/Звуки природы - Шум дождя (www.hotplayer.ru).mp3" in vfs
ERROR WPSoundParser.cpp:178 audio file not found: sounds/Звуки природы - Шум дождя (www.hotplayer.ru).mp3
INFO audio Switch: loading 'sounds/Veela and Irosa Rosali - Going Home (galamp3.com).mp3' (channels=2, sampleRate=48000)
INFO not found "/assets/sounds/Veela and Irosa Rosali - Going Home (galamp3.com).mp3" in vfs
ERROR WPSoundParser.cpp:178 audio file not found: sounds/Veela and Irosa Rosali - Going Home (galamp3.com).mp3
INFO audio Switch: loading 'sounds/Звуки природы - Шум дождя (www.hotplayer.ru).mp3' (channels=2, sampleRate=48000)
INFO not found "/assets/sounds/Звуки природы - Шум дождя (www.hotplayer.ru).mp3" in vfs
ERROR WPSoundParser.cpp:178 audio file not found: sounds/Звуки природы - Шум дождя (www.hotplayer.ru).mp3
INFO audio Switch: loading 'sounds/Veela and Irosa Rosali, Elsie - Closed (galamp3.com).mp3' (channels=2, sampleRate=48000)
INFO not found "/assets/sounds/Veela and Irosa Rosali, Elsie - Closed (galamp3.com).mp3" in vfs
ERROR WPSoundParser.cpp:178 audio file not found: sounds/Veela and Irosa Rosali, Elsie - Closed (galamp3.com).mp3
INFO audio Switch: loading 'sounds/Звуки природы - Шум дождя (www.hotplayer.ru).mp3' (channels=2, sampleRate=48000)
INFO not found "/assets/sounds/Звуки природы - Шум дождя (www.hotplayer.ru).mp3" in vfs
ERROR WPSoundParser.cpp:178 audio file not found: sounds/Звуки природы - Шум дождя (www.hotplayer.ru).mp3
INFO audio Switch: loading 'sounds/Veela and Kooma - Pointless (galamp3.com).mp3' (channels=2, sampleRate=48000)
INFO not found "/assets/sounds/Veela and Kooma - Pointless (galamp3.com).mp3" in vfs
ERROR WPSoundParser.cpp:178 audio file not found: sounds/Veela and Kooma - Pointless (galamp3.com).mp3
INFO audio Switch: loading 'sounds/Звуки природы - Шум дождя (www.hotplayer.ru).mp3' (channels=2, sampleRate=48000)
INFO not found "/assets/sounds/Звуки природы - Шум дождя (www.hotplayer.ru).mp3" in vfs
ERROR WPSoundParser.cpp:178 audio file not found: sounds/Звуки природы - Шум дождя (www.hotplayer.ru).mp3
INFO audio Switch: loading 'sounds/Veela and Kooma - Retrospect (galamp3.com).mp3' (channels=2, sampleRate=48000)
INFO not found "/assets/sounds/Veela and Kooma - Retrospect (galamp3.com).mp3" in vfs
ERROR WPSoundParser.cpp:178 audio file not found: sounds/Veela and Kooma - Retrospect (galamp3.com).mp3
INFO audio Switch: loading 'sounds/Звуки природы - Шум дождя (www.hotplayer.ru).mp3' (channels=2, sampleRate=48000)
INFO not found "/assets/sounds/Звуки природы - Шум дождя (www.hotplayer.ru).mp3" in vfs
ERROR WPSoundParser.cpp:178 audio file not found: sounds/Звуки природы - Шум дождя (www.hotplayer.ru).mp3
INFO audio Switch: loading 'sounds/Kooma & Veela - Oasis (256  kbps).mp3' (channels=2, sampleRate=48000)
INFO not found "/assets/sounds/Kooma & Veela - Oasis (256  kbps).mp3" in vfs
ERROR WPSoundParser.cpp:178 audio file not found: sounds/Kooma & Veela - Oasis (256  kbps).mp3
INFO audio Switch: loading 'sounds/Звуки природы - Шум дождя (www.hotplayer.ru).mp3' (channels=2, sampleRate=48000)
INFO not found "/assets/sounds/Звуки природы - Шум дождя (www.hotplayer.ru).mp3" in vfs
ERROR WPSoundParser.cpp:178 audio file not found: sounds/Звуки природы - Шум дождя (www.hotplayer.ru).mp3
INFO audio Switch: loading 'sounds/aether-scotland-veela-valentine.mp3' (channels=2, sampleRate=48000)
INFO not found "/assets/sounds/aether-scotland-veela-valentine.mp3" in vfs
ERROR WPSoundParser.cpp:178 audio file not found: sounds/aether-scotland-veela-valentine.mp3
INFO audio Switch: loading 'sounds/Звуки природы - Шум дождя (www.hotplayer.ru).mp3' (channels=2, sampleRate=48000)
INFO not found "/assets/sounds/Звуки природы - Шум дождя (www.hotplayer.ru).mp3" in vfs
ERROR WPSoundParser.cpp:178 audio file not found: sounds/Звуки природы - Шум дождя (www.hotplayer.ru).mp3
INFO audio Switch: loading 'sounds/Veela and Irosa Rosali - Going Home (galamp3.com).mp3' (channels=2, sampleRate=48000)
INFO not found "/assets/sounds/Veela and Irosa Rosali - Going Home (galamp3.com).mp3" in vfs
ERROR WPSoundParser.cpp:178 audio file not found: sounds/Veela and Irosa Rosali - Going Home (galamp3.com).mp3
INFO audio Switch: loading 'sounds/Звуки природы - Шум дождя (www.hotplayer.ru).mp3' (channels=2, sampleRate=48000)
INFO not found "/assets/sounds/Звуки природы - Шум дождя (www.hotplayer.ru).mp3" in vfs
ERROR WPSoundParser.cpp:178 audio file not found: sounds/Звуки природы - Шум дождя (www.hotplayer.ru).mp3
INFO audio Switch: loading 'sounds/Veela and Irosa Rosali, Elsie - Closed (galamp3.com).mp3' (channels=2, sampleRate=48000)
INFO not found "/assets/sounds/Veela and Irosa Rosali, Elsie - Closed (galamp3.com).mp3" in vfs
ERROR WPSoundParser.cpp:178 audio file not found: sounds/Veela and Irosa Rosali, Elsie - Closed (galamp3.com).mp3
INFO audio Switch: loading 'sounds/Звуки природы - Шум дождя (www.hotplayer.ru).mp3' (channels=2, sampleRate=48000)
INFO not found "/assets/sounds/Звуки природы - Шум дождя (www.hotplayer.ru).mp3" in vfs
ERROR WPSoundParser.cpp:178 audio file not found: sounds/Звуки природы - Шум дождя (www.hotplayer.ru).mp3
INFO audio Switch: loading 'sounds/Veela and Kooma - Pointless (galamp3.com).mp3' (channels=2, sampleRate=48000)
INFO not found "/assets/sounds/Veela and Kooma - Pointless (galamp3.com).mp3" in vfs
ERROR WPSoundParser.cpp:178 audio file not found: sounds/Veela and Kooma - Pointless (galamp3.com).mp3
INFO audio Switch: loading 'sounds/Звуки природы - Шум дождя (www.hotplayer.ru).mp3' (channels=2, sampleRate=48000)
INFO not found "/assets/sounds/Звуки природы - Шум дождя (www.hotplayer.ru).mp3" in vfs
ERROR WPSoundParser.cpp:178 audio file not found: sounds/Звуки природы - Шум дождя (www.hotplayer.ru).mp3
INFO audio Switch: loading 'sounds/Veela and Kooma - Retrospect (galamp3.com).mp3' (channels=2, sampleRate=48000)
INFO not found "/assets/sounds/Veela and Kooma - Retrospect (galamp3.com).mp3" in vfs
ERROR WPSoundParser.cpp:178 audio file not found: sounds/Veela and Kooma - Retrospect (galamp3.com).mp3
INFO audio Switch: loading 'sounds/Звуки природы - Шум дождя (www.hotplayer.ru).mp3' (channels=2, sampleRate=48000)
INFO not found "/assets/sounds/Звуки природы - Шум дождя (www.hotplayer.ru).mp3" in vfs
ERROR WPSoundParser.cpp:178 audio file not found: sounds/Звуки природы - Шум дождя (www.hotplayer.ru).mp3
INFO audio Switch: loading 'sounds/Kooma & Veela - Oasis (256  kbps).mp3' (channels=2, sampleRate=48000)
INFO not found "/assets/sounds/Kooma & Veela - Oasis (256  kbps).mp3" in vfs
ERROR WPSoundParser.cpp:178 audio file not found: sounds/Kooma & Veela - Oasis (256  kbps).mp3
INFO audio Switch: loading 'sounds/Звуки природы - Шум дождя (www.hotplayer.ru).mp3' (channels=2, sampleRate=48000)
INFO not found "/assets/sounds/Звуки природы - Шум дождя (www.hotplayer.ru).mp3" in vfs
ERROR WPSoundParser.cpp:178 audio file not found: sounds/Звуки природы - Шум дождя (www.hotplayer.ru).mp3
INFO audio Switch: loading 'sounds/aether-scotland-veela-valentine.mp3' (channels=2, sampleRate=48000)
INFO not found "/assets/sounds/aether-scotland-veela-valentine.mp3" in vfs
ERROR WPSoundParser.cpp:178 audio file not found: sounds/aether-scotland-veela-valentine.mp3
INFO audio Switch: loading 'sounds/Звуки природы - Шум дождя (www.hotplayer.ru).mp3' (channels=2, sampleRate=48000)
INFO not found "/assets/sounds/Звуки природы - Шум дождя (www.hotplayer.ru).mp3" in vfs
ERROR WPSoundParser.cpp:178 audio file not found: sounds/Звуки природы - Шум дождя (www.hotplayer.ru).mp3
INFO audio Switch: loading 'sounds/Veela and Irosa Rosali - Going Home (galamp3.com).mp3' (channels=2, sampleRate=48000)
INFO not found "/assets/sounds/Veela and Irosa Rosali - Going Home (galamp3.com).mp3" in vfs
ERROR WPSoundParser.cpp:178 audio file not found: sounds/Veela and Irosa Rosali - Going Home (galamp3.com).mp3
INFO audio Switch: loading 'sounds/Звуки природы - Шум дождя (www.hotplayer.ru).mp3' (channels=2, sampleRate=48000)
INFO not found "/assets/sounds/Звуки природы - Шум дождя (www.hotplayer.ru).mp3" in vfs
ERROR WPSoundParser.cpp:178 audio file not found: sounds/Звуки природы - Шум дождя (www.hotplayer.ru).mp3
INFO audio Switch: loading 'sounds/Veela and Irosa Rosali, Elsie - Closed (galamp3.com).mp3' (channels=2, sampleRate=48000)
INFO not found "/assets/sounds/Veela and Irosa Rosali, Elsie - Closed (galamp3.com).mp3" in vfs
ERROR WPSoundParser.cpp:178 audio file not found: sounds/Veela and Irosa Rosali, Elsie - Closed (galamp3.com).mp3
INFO audio Switch: loading 'sounds/Звуки природы - Шум дождя (www.hotplayer.ru).mp3' (channels=2, sampleRate=48000)
INFO not found "/assets/sounds/Звуки природы - Шум дождя (www.hotplayer.ru).mp3" in vfs
ERROR WPSoundParser.cpp:178 audio file not found: sounds/Звуки природы - Шум дождя (www.hotplayer.ru).mp3
INFO audio Switch: loading 'sounds/Veela and Kooma - Pointless (galamp3.com).mp3' (channels=2, sampleRate=48000)
INFO not found "/assets/sounds/Veela and Kooma - Pointless (galamp3.com).mp3" in vfs
ERROR WPSoundParser.cpp:178 audio file not found: sounds/Veela and Kooma - Pointless (galamp3.com).mp3
INFO audio Switch: loading 'sounds/Звуки природы - Шум дождя (www.hotplayer.ru).mp3' (channels=2, sampleRate=48000)
INFO not found "/assets/sounds/Звуки природы - Шум дождя (www.hotplayer.ru).mp3" in vfs
ERROR WPSoundParser.cpp:178 audio file not found: sounds/Звуки природы - Шум дождя (www.hotplayer.ru).mp3
INFO audio Switch: loading 'sounds/Veela and Kooma - Retrospect (galamp3.com).mp3' (channels=2, sampleRate=48000)
INFO not found "/assets/sounds/Veela and Kooma - Retrospect (galamp3.com).mp3" in vfs
ERROR WPSoundParser.cpp:178 audio file not found: sounds/Veela and Kooma - Retrospect (galamp3.com).mp3
INFO audio Switch: loading 'sounds/Звуки природы - Шум дождя (www.hotplayer.ru).mp3' (channels=2, sampleRate=48000)
INFO not found "/assets/sounds/Звуки природы - Шум дождя (www.hotplayer.ru).mp3" in vfs
ERROR WPSoundParser.cpp:178 audio file not found: sounds/Звуки природы - Шум дождя (www.hotplayer.ru).mp3
INFO audio Switch: loading 'sounds/Kooma & Veela - Oasis (256  kbps).mp3' (channels=2, sampleRate=48000)
INFO not found "/assets/sounds/Kooma & Veela - Oasis (256  kbps).mp3" in vfs
ERROR WPSoundParser.cpp:178 audio file not found: sounds/Kooma & Veela - Oasis (256  kbps).mp3
INFO audio Switch: loading 'sounds/Звуки природы - Шум дождя (www.hotplayer.ru).mp3' (channels=2, sampleRate=48000)
INFO not found "/assets/sounds/Звуки природы - Шум дождя (www.hotplayer.ru).mp3" in vfs
ERROR WPSoundParser.cpp:178 audio file not found: sounds/Звуки природы - Шум дождя (www.hotplayer.ru).mp3
INFO audio Switch: loading 'sounds/aether-scotland-veela-valentine.mp3' (channels=2, sampleRate=48000)
INFO not found "/assets/sounds/aether-scotland-veela-valentine.mp3" in vfs
ERROR WPSoundParser.cpp:178 audio file not found: sounds/aether-scotland-veela-valentine.mp3
INFO audio Switch: loading 'sounds/Звуки природы - Шум дождя (www.hotplayer.ru).mp3' (channels=2, sampleRate=48000)
INFO not found "/assets/sounds/Звуки природы - Шум дождя (www.hotplayer.ru).mp3" in vfs
ERROR WPSoundParser.cpp:178 audio file not found: sounds/Звуки природы - Шум дождя (www.hotplayer.ru).mp3
INFO audio Switch: loading 'sounds/Veela and Irosa Rosali - Going Home (galamp3.com).mp3' (channels=2, sampleRate=48000)
INFO not found "/assets/sounds/Veela and Irosa Rosali - Going Home (galamp3.com).mp3" in vfs
ERROR WPSoundParser.cpp:178 audio file not found: sounds/Veela and Irosa Rosali - Going Home (galamp3.com).mp3
INFO audio Switch: loading 'sounds/Звуки природы - Шум дождя (www.hotplayer.ru).mp3' (channels=2, sampleRate=48000)
INFO not found "/assets/sounds/Звуки природы - Шум дождя (www.hotplayer.ru).mp3" in vfs
ERROR WPSoundParser.cpp:178 audio file not found: sounds/Звуки природы - Шум дождя (www.hotplayer.ru).mp3
INFO audio Switch: loading 'sounds/Veela and Irosa Rosali, Elsie - Closed (galamp3.com).mp3' (channels=2, sampleRate=48000)
INFO not found "/assets/sounds/Veela and Irosa Rosali, Elsie - Closed (galamp3.com).mp3" in vfs
ERROR WPSoundParser.cpp:178 audio file not found: sounds/Veela and Irosa Rosali, Elsie - Closed (galamp3.com).mp3
INFO audio Switch: loading 'sounds/Звуки природы - Шум дождя (www.hotplayer.ru).mp3' (channels=2, sampleRate=48000)
INFO not found "/assets/sounds/Звуки природы - Шум дождя (www.hotplayer.ru).mp3" in vfs
ERROR WPSoundParser.cpp:178 audio file not found: sounds/Звуки природы - Шум дождя (www.hotplayer.ru).mp3
INFO audio Switch: loading 'sounds/Veela and Kooma - Pointless (galamp3.com).mp3' (channels=2, sampleRate=48000)
INFO not found "/assets/sounds/Veela and Kooma - Pointless (galamp3.com).mp3" in vfs
ERROR WPSoundParser.cpp:178 audio file not found: sounds/Veela and Kooma - Pointless (galamp3.com).mp3
INFO audio Switch: loading 'sounds/Звуки природы - Шум дождя (www.hotplayer.ru).mp3' (channels=2, sampleRate=48000)
INFO not found "/assets/sounds/Звуки природы - Шум дождя (www.hotplayer.ru).mp3" in vfs
ERROR WPSoundParser.cpp:178 audio file not found: sounds/Звуки природы - Шум дождя (www.hotplayer.ru).mp3
INFO audio Switch: loading 'sounds/Veela and Kooma - Retrospect (galamp3.com).mp3' (channels=2, sampleRate=48000)
INFO not found "/assets/sounds/Veela and Kooma - Retrospect (galamp3.com).mp3" in vfs
ERROR WPSoundParser.cpp:178 audio file not found: sounds/Veela and Kooma - Retrospect (galamp3.com).mp3
INFO audio Switch: loading 'sounds/Звуки природы - Шум дождя (www.hotplayer.ru).mp3' (channels=2, sampleRate=48000)
INFO not found "/assets/sounds/Звуки природы - Шум дождя (www.hotplayer.ru).mp3" in vfs
ERROR WPSoundParser.cpp:178 audio file not found: sounds/Звуки природы - Шум дождя (www.hotplayer.ru).mp3
INFO audio Switch: loading 'sounds/Kooma & Veela - Oasis (256  kbps).mp3' (channels=2, sampleRate=48000)
INFO not found "/assets/sounds/Kooma & Veela - Oasis (256  kbps).mp3" in vfs
ERROR WPSoundParser.cpp:178 audio file not found: sounds/Kooma & Veela - Oasis (256  kbps).mp3
INFO audio Switch: loading 'sounds/Звуки природы - Шум дождя (www.hotplayer.ru).mp3' (channels=2, sampleRate=48000)
INFO not found "/assets/sounds/Звуки природы - Шум дождя (www.hotplayer.ru).mp3" in vfs
ERROR WPSoundParser.cpp:178 audio file not found: sounds/Звуки природы - Шум дождя (www.hotplayer.ru).mp3
INFO audio Switch: loading 'sounds/aether-scotland-veela-valentine.mp3' (channels=2, sampleRate=48000)
INFO not found "/assets/sounds/aether-scotland-veela-valentine.mp3" in vfs
ERROR WPSoundParser.cpp:178 audio file not found: sounds/aether-scotland-veela-valentine.mp3
INFO audio Switch: loading 'sounds/Звуки природы - Шум дождя (www.hotplayer.ru).mp3' (channels=2, sampleRate=48000)
INFO not found "/assets/sounds/Звуки природы - Шум дождя (www.hotplayer.ru).mp3" in vfs
ERROR WPSoundParser.cpp:178 audio file not found: sounds/Звуки природы - Шум дождя (www.hotplayer.ru).mp3
INFO audio Switch: loading 'sounds/Veela and Irosa Rosali - Going Home (galamp3.com).mp3' (channels=2, sampleRate=48000)
INFO not found "/assets/sounds/Veela and Irosa Rosali - Going Home (galamp3.com).mp3" in vfs
ERROR WPSoundParser.cpp:178 audio file not found: sounds/Veela and Irosa Rosali - Going Home (galamp3.com).mp3
INFO audio Switch: loading 'sounds/Звуки природы - Шум дождя (www.hotplayer.ru).mp3' (channels=2, sampleRate=48000)
INFO not found "/assets/sounds/Звуки природы - Шум дождя (www.hotplayer.ru).mp3" in vfs
ERROR WPSoundParser.cpp:178 audio file not found: sounds/Звуки природы - Шум дождя (www.hotplayer.ru).mp3
INFO audio Switch: loading 'sounds/Veela and Irosa Rosali, Elsie - Closed (galamp3.com).mp3' (channels=2, sampleRate=48000)
INFO not found "/assets/sounds/Veela and Irosa Rosali, Elsie - Closed (galamp3.com).mp3" in vfs
ERROR WPSoundParser.cpp:178 audio file not found: sounds/Veela and Irosa Rosali, Elsie - Closed (galamp3.com).mp3
INFO audio Switch: loading 'sounds/Звуки природы - Шум дождя (www.hotplayer.ru).mp3' (channels=2, sampleRate=48000)
INFO not found "/assets/sounds/Звуки природы - Шум дождя (www.hotplayer.ru).mp3" in vfs
ERROR WPSoundParser.cpp:178 audio file not found: sounds/Звуки природы - Шум дождя (www.hotplayer.ru).mp3
INFO audio Switch: loading 'sounds/Veela and Kooma - Pointless (galamp3.com).mp3' (channels=2, sampleRate=48000)
INFO not found "/assets/sounds/Veela and Kooma - Pointless (galamp3.com).mp3" in vfs
ERROR WPSoundParser.cpp:178 audio file not found: sounds/Veela and Kooma - Pointless (galamp3.com).mp3
INFO audio Switch: loading 'sounds/Звуки природы - Шум дождя (www.hotplayer.ru).mp3' (channels=2, sampleRate=48000)
INFO not found "/assets/sounds/Звуки природы - Шум дождя (www.hotplayer.ru).mp3" in vfs
ERROR WPSoundParser.cpp:178 audio file not found: sounds/Звуки природы - Шум дождя (www.hotplayer.ru).mp3
INFO audio Switch: loading 'sounds/Veela and Kooma - Retrospect (galamp3.com).mp3' (channels=2, sampleRate=48000)
INFO not found "/assets/sounds/Veela and Kooma - Retrospect (galamp3.com).mp3" in vfs
ERROR WPSoundParser.cpp:178 audio file not found: sounds/Veela and Kooma - Retrospect (galamp3.com).mp3
INFO audio Switch: loading 'sounds/Звуки природы - Шум дождя (www.hotplayer.ru).mp3' (channels=2, sampleRate=48000)
INFO not found "/assets/sounds/Звуки природы - Шум дождя (www.hotplayer.ru).mp3" in vfs
ERROR WPSoundParser.cpp:178 audio file not found: sounds/Звуки природы - Шум дождя (www.hotplayer.ru).mp3
INFO audio Switch: loading 'sounds/Kooma & Veela - Oasis (256  kbps).mp3' (channels=2, sampleRate=48000)
INFO not found "/assets/sounds/Kooma & Veela - Oasis (256  kbps).mp3" in vfs
ERROR WPSoundParser.cpp:178 audio file not found: sounds/Kooma & Veela - Oasis (256  kbps).mp3
INFO audio Switch: loading 'sounds/Звуки природы - Шум дождя (www.hotplayer.ru).mp3' (channels=2, sampleRate=48000)
INFO not found "/assets/sounds/Звуки природы - Шум дождя (www.hotplayer.ru).mp3" in vfs
ERROR WPSoundParser.cpp:178 audio file not found: sounds/Звуки природы - Шум дождя (www.hotplayer.ru).mp3
INFO audio Switch: loading 'sounds/aether-scotland-veela-valentine.mp3' (channels=2, sampleRate=48000)
INFO not found "/assets/sounds/aether-scotland-veela-valentine.mp3" in vfs
ERROR WPSoundParser.cpp:178 audio file not found: sounds/aether-scotland-veela-valentine.mp3
INFO audio Switch: loading 'sounds/Звуки природы - Шум дождя (www.hotplayer.ru).mp3' (channels=2, sampleRate=48000)
INFO not found "/assets/sounds/Звуки природы - Шум дождя (www.hotplayer.ru).mp3" in vfs
ERROR WPSoundParser.cpp:178 audio file not found: sounds/Звуки природы - Шум дождя (www.hotplayer.ru).mp3
INFO audio Switch: loading 'sounds/Veela and Irosa Rosali - Going Home (galamp3.com).mp3' (channels=2, sampleRate=48000)
INFO not found "/assets/sounds/Veela and Irosa Rosali - Going Home (galamp3.com).mp3" in vfs
ERROR WPSoundParser.cpp:178 audio file not found: sounds/Veela and Irosa Rosali - Going Home (galamp3.com).mp3
INFO audio Switch: loading 'sounds/Звуки природы - Шум дождя (www.hotplayer.ru).mp3' (channels=2, sampleRate=48000)
INFO not found "/assets/sounds/Звуки природы - Шум дождя (www.hotplayer.ru).mp3" in vfs
ERROR WPSoundParser.cpp:178 audio file not found: sounds/Звуки природы - Шум дождя (www.hotplayer.ru).mp3
INFO audio Switch: loading 'sounds/Veela and Irosa Rosali, Elsie - Closed (galamp3.com).mp3' (channels=2, sampleRate=48000)
INFO not found "/assets/sounds/Veela and Irosa Rosali, Elsie - Closed (galamp3.com).mp3" in vfs
ERROR WPSoundParser.cpp:178 audio file not found: sounds/Veela and Irosa Rosali, Elsie - Closed (galamp3.com).mp3
INFO audio Switch: loading 'sounds/Звуки природы - Шум дождя (www.hotplayer.ru).mp3' (channels=2, sampleRate=48000)
INFO not found "/assets/sounds/Звуки природы - Шум дождя (www.hotplayer.ru).mp3" in vfs
ERROR WPSoundParser.cpp:178 audio file not found: sounds/Звуки природы - Шум дождя (www.hotplayer.ru).mp3
INFO audio Switch: loading 'sounds/Veela and Kooma - Pointless (galamp3.com).mp3' (channels=2, sampleRate=48000)
INFO not found "/assets/sounds/Veela and Kooma - Pointless (galamp3.com).mp3" in vfs
ERROR WPSoundParser.cpp:178 audio file not found: sounds/Veela and Kooma - Pointless (galamp3.com).mp3
INFO audio Switch: loading 'sounds/Звуки природы - Шум дождя (www.hotplayer.ru).mp3' (channels=2, sampleRate=48000)
INFO not found "/assets/sounds/Звуки природы - Шум дождя (www.hotplayer.ru).mp3" in vfs
ERROR WPSoundParser.cpp:178 audio file not found: sounds/Звуки природы - Шум дождя (www.hotplayer.ru).mp3
INFO audio Switch: loading 'sounds/Veela and Kooma - Retrospect (galamp3.com).mp3' (channels=2, sampleRate=48000)
INFO not found "/assets/sounds/Veela and Kooma - Retrospect (galamp3.com).mp3" in vfs
ERROR WPSoundParser.cpp:178 audio file not found: sounds/Veela and Kooma - Retrospect (galamp3.com).mp3
INFO audio Switch: loading 'sounds/Звуки природы - Шум дождя (www.hotplayer.ru).mp3' (channels=2, sampleRate=48000)
INFO not found "/assets/sounds/Звуки природы - Шум дождя (www.hotplayer.ru).mp3" in vfs
ERROR WPSoundParser.cpp:178 audio file not found: sounds/Звуки природы - Шум дождя (www.hotplayer.ru).mp3
INFO audio Switch: loading 'sounds/Kooma & Veela - Oasis (256  kbps).mp3' (channels=2, sampleRate=48000)
INFO not found "/assets/sounds/Kooma & Veela - Oasis (256  kbps).mp3" in vfs
ERROR WPSoundParser.cpp:178 audio file not found: sounds/Kooma & Veela - Oasis (256  kbps).mp3
INFO audio Switch: loading 'sounds/Звуки природы - Шум дождя (www.hotplayer.ru).mp3' (channels=2, sampleRate=48000)
INFO not found "/assets/sounds/Звуки природы - Шум дождя (www.hotplayer.ru).mp3" in vfs
ERROR WPSoundParser.cpp:178 audio file not found: sounds/Звуки природы - Шум дождя (www.hotplayer.ru).mp3
INFO audio Switch: loading 'sounds/aether-scotland-veela-valentine.mp3' (channels=2, sampleRate=48000)
INFO not found "/assets/sounds/aether-scotland-veela-valentine.mp3" in vfs
ERROR WPSoundParser.cpp:178 audio file not found: sounds/aether-scotland-veela-valentine.mp3
INFO audio Switch: loading 'sounds/Звуки природы - Шум дождя (www.hotplayer.ru).mp3' (channels=2, sampleRate=48000)
INFO not found "/assets/sounds/Звуки природы - Шум дождя (www.hotplayer.ru).mp3" in vfs
ERROR WPSoundParser.cpp:178 audio file not found: sounds/Звуки природы - Шум дождя (www.hotplayer.ru).mp3
INFO audio Switch: loading 'sounds/Veela and Irosa Rosali - Going Home (galamp3.com).mp3' (channels=2, sampleRate=48000)
INFO not found "/assets/sounds/Veela and Irosa Rosali - Going Home (galamp3.com).mp3" in vfs
ERROR WPSoundParser.cpp:178 audio file not found: sounds/Veela and Irosa Rosali - Going Home (galamp3.com).mp3
INFO audio Switch: loading 'sounds/Звуки природы - Шум дождя (www.hotplayer.ru).mp3' (channels=2, sampleRate=48000)
INFO not found "/assets/sounds/Звуки природы - Шум дождя (www.hotplayer.ru).mp3" in vfs
ERROR WPSoundParser.cpp:178 audio file not found: sounds/Звуки природы - Шум дождя (www.hotplayer.ru).mp3
INFO audio Switch: loading 'sounds/Veela and Irosa Rosali, Elsie - Closed (galamp3.com).mp3' (channels=2, sampleRate=48000)
INFO not found "/assets/sounds/Veela and Irosa Rosali, Elsie - Closed (galamp3.com).mp3" in vfs
ERROR WPSoundParser.cpp:178 audio file not found: sounds/Veela and Irosa Rosali, Elsie - Closed (galamp3.com).mp3
INFO audio Switch: loading 'sounds/Звуки природы - Шум дождя (www.hotplayer.ru).mp3' (channels=2, sampleRate=48000)
INFO not found "/assets/sounds/Звуки природы - Шум дождя (www.hotplayer.ru).mp3" in vfs
ERROR WPSoundParser.cpp:178 audio file not found: sounds/Звуки природы - Шум дождя (www.hotplayer.ru).mp3
INFO audio Switch: loading 'sounds/Veela and Kooma - Pointless (galamp3.com).mp3' (channels=2, sampleRate=48000)
INFO not found "/assets/sounds/Veela and Kooma - Pointless (galamp3.com).mp3" in vfs
ERROR WPSoundParser.cpp:178 audio file not found: sounds/Veela and Kooma - Pointless (galamp3.com).mp3
INFO audio Switch: loading 'sounds/Звуки природы - Шум дождя (www.hotplayer.ru).mp3' (channels=2, sampleRate=48000)
INFO not found "/assets/sounds/Звуки природы - Шум дождя (www.hotplayer.ru).mp3" in vfs
ERROR WPSoundParser.cpp:178 audio file not found: sounds/Звуки природы - Шум дождя (www.hotplayer.ru).mp3
INFO audio Switch: loading 'sounds/Veela and Kooma - Retrospect (galamp3.com).mp3' (channels=2, sampleRate=48000)
INFO not found "/assets/sounds/Veela and Kooma - Retrospect (galamp3.com).mp3" in vfs
ERROR WPSoundParser.cpp:178 audio file not found: sounds/Veela and Kooma - Retrospect (galamp3.com).mp3
INFO audio Switch: loading 'sounds/Звуки природы - Шум дождя (www.hotplayer.ru).mp3' (channels=2, sampleRate=48000)
INFO not found "/assets/sounds/Звуки природы - Шум дождя (www.hotplayer.ru).mp3" in vfs
ERROR WPSoundParser.cpp:178 audio file not found: sounds/Звуки природы - Шум дождя (www.hotplayer.ru).mp3
INFO audio Switch: loading 'sounds/Kooma & Veela - Oasis (256  kbps).mp3' (channels=2, sampleRate=48000)
INFO not found "/assets/sounds/Kooma & Veela - Oasis (256  kbps).mp3" in vfs
ERROR WPSoundParser.cpp:178 audio file not found: sounds/Kooma & Veela - Oasis (256  kbps).mp3
INFO audio Switch: loading 'sounds/Звуки природы - Шум дождя (www.hotplayer.ru).mp3' (channels=2, sampleRate=48000)
INFO not found "/assets/sounds/Звуки природы - Шум дождя (www.hotplayer.ru).mp3" in vfs
ERROR WPSoundParser.cpp:178 audio file not found: sounds/Звуки природы - Шум дождя (www.hotplayer.ru).mp3
INFO audio Switch: loading 'sounds/aether-scotland-veela-valentine.mp3' (channels=2, sampleRate=48000)
INFO not found "/assets/sounds/aether-scotland-veela-valentine.mp3" in vfs
ERROR WPSoundParser.cpp:178 audio file not found: sounds/aether-scotland-veela-valentine.mp3
INFO audio Switch: loading 'sounds/Звуки природы - Шум дождя (www.hotplayer.ru).mp3' (channels=2, sampleRate=48000)
INFO not found "/assets/sounds/Звуки природы - Шум дождя (www.hotplayer.ru).mp3" in vfs
ERROR WPSoundParser.cpp:178 audio file not found: sounds/Звуки природы - Шум дождя (www.hotplayer.ru).mp3
INFO audio Switch: loading 'sounds/Veela and Irosa Rosali - Going Home (galamp3.com).mp3' (channels=2, sampleRate=48000)
INFO not found "/assets/sounds/Veela and Irosa Rosali - Going Home (galamp3.com).mp3" in vfs
ERROR WPSoundParser.cpp:178 audio file not found: sounds/Veela and Irosa Rosali - Going Home (galamp3.com).mp3
INFO audio Switch: loading 'sounds/Звуки природы - Шум дождя (www.hotplayer.ru).mp3' (channels=2, sampleRate=48000)
INFO not found "/assets/sounds/Звуки природы - Шум дождя (www.hotplayer.ru).mp3" in vfs
ERROR WPSoundParser.cpp:178 audio file not found: sounds/Звуки природы - Шум дождя (www.hotplayer.ru).mp3
INFO audio Switch: loading 'sounds/Veela and Irosa Rosali, Elsie - Closed (galamp3.com).mp3' (channels=2, sampleRate=48000)
INFO not found "/assets/sounds/Veela and Irosa Rosali, Elsie - Closed (galamp3.com).mp3" in vfs
ERROR WPSoundParser.cpp:178 audio file not found: sounds/Veela and Irosa Rosali, Elsie - Closed (galamp3.com).mp3
INFO audio Switch: loading 'sounds/Звуки природы - Шум дождя (www.hotplayer.ru).mp3' (channels=2, sampleRate=48000)
INFO not found "/assets/sounds/Звуки природы - Шум дождя (www.hotplayer.ru).mp3" in vfs
ERROR WPSoundParser.cpp:178 audio file not found: sounds/Звуки природы - Шум дождя (www.hotplayer.ru).mp3
INFO audio Switch: loading 'sounds/Veela and Kooma - Pointless (galamp3.com).mp3' (channels=2, sampleRate=48000)
INFO not found "/assets/sounds/Veela and Kooma - Pointless (galamp3.com).mp3" in vfs
ERROR WPSoundParser.cpp:178 audio file not found: sounds/Veela and Kooma - Pointless (galamp3.com).mp3
INFO audio Switch: loading 'sounds/Звуки природы - Шум дождя (www.hotplayer.ru).mp3' (channels=2, sampleRate=48000)
INFO not found "/assets/sounds/Звуки природы - Шум дождя (www.hotplayer.ru).mp3" in vfs
ERROR WPSoundParser.cpp:178 audio file not found: sounds/Звуки природы - Шум дождя (www.hotplayer.ru).mp3
INFO audio Switch: loading 'sounds/Veela and Kooma - Retrospect (galamp3.com).mp3' (channels=2, sampleRate=48000)
INFO not found "/assets/sounds/Veela and Kooma - Retrospect (galamp3.com).mp3" in vfs
ERROR WPSoundParser.cpp:178 audio file not found: sounds/Veela and Kooma - Retrospect (galamp3.com).mp3
INFO audio Switch: loading 'sounds/Звуки природы - Шум дождя (www.hotplayer.ru).mp3' (channels=2, sampleRate=48000)
INFO not found "/assets/sounds/Звуки природы - Шум дождя (www.hotplayer.ru).mp3" in vfs
ERROR WPSoundParser.cpp:178 audio file not found: sounds/Звуки природы - Шум дождя (www.hotplayer.ru).mp3
INFO audio Switch: loading 'sounds/Kooma & Veela - Oasis (256  kbps).mp3' (channels=2, sampleRate=48000)
INFO not found "/assets/sounds/Kooma & Veela - Oasis (256  kbps).mp3" in vfs
ERROR WPSoundParser.cpp:178 audio file not found: sounds/Kooma & Veela - Oasis (256  kbps).mp3
INFO audio Switch: loading 'sounds/Звуки природы - Шум дождя (www.hotplayer.ru).mp3' (channels=2, sampleRate=48000)
INFO not found "/assets/sounds/Звуки природы - Шум дождя (www.hotplayer.ru).mp3" in vfs
ERROR WPSoundParser.cpp:178 audio file not found: sounds/Звуки природы - Шум дождя (www.hotplayer.ru).mp3
INFO audio Switch: loading 'sounds/aether-scotland-veela-valentine.mp3' (channels=2, sampleRate=48000)
INFO not found "/assets/sounds/aether-scotland-veela-valentine.mp3" in vfs
ERROR WPSoundParser.cpp:178 audio file not found: sounds/aether-scotland-veela-valentine.mp3
INFO audio Switch: loading 'sounds/Звуки природы - Шум дождя (www.hotplayer.ru).mp3' (channels=2, sampleRate=48000)
INFO not found "/assets/sounds/Звуки природы - Шум дождя (www.hotplayer.ru).mp3" in vfs
ERROR WPSoundParser.cpp:178 audio file not found: sounds/Звуки природы - Шум дождя (www.hotplayer.ru).mp3
INFO audio Switch: loading 'sounds/Veela and Irosa Rosali - Going Home (galamp3.com).mp3' (channels=2, sampleRate=48000)
INFO not found "/assets/sounds/Veela and Irosa Rosali - Going Home (galamp3.com).mp3" in vfs
ERROR WPSoundParser.cpp:178 audio file not found: sounds/Veela and Irosa Rosali - Going Home (galamp3.com).mp3
INFO audio Switch: loading 'sounds/Звуки природы - Шум дождя (www.hotplayer.ru).mp3' (channels=2, sampleRate=48000)
INFO not found "/assets/sounds/Звуки природы - Шум дождя (www.hotplayer.ru).mp3" in vfs
ERROR WPSoundParser.cpp:178 audio file not found: sounds/Звуки природы - Шум дождя (www.hotplayer.ru).mp3
INFO audio Switch: loading 'sounds/Veela and Irosa Rosali, Elsie - Closed (galamp3.com).mp3' (channels=2, sampleRate=48000)
INFO not found "/assets/sounds/Veela and Irosa Rosali, Elsie - Closed (galamp3.com).mp3" in vfs
ERROR WPSoundParser.cpp:178 audio file not found: sounds/Veela and Irosa Rosali, Elsie - Closed (galamp3.com).mp3
INFO audio Switch: loading 'sounds/Звуки природы - Шум дождя (www.hotplayer.ru).mp3' (channels=2, sampleRate=48000)
INFO not found "/assets/sounds/Звуки природы - Шум дождя (www.hotplayer.ru).mp3" in vfs
ERROR WPSoundParser.cpp:178 audio file not found: sounds/Звуки природы - Шум дождя (www.hotplayer.ru).mp3
INFO audio Switch: loading 'sounds/Veela and Kooma - Pointless (galamp3.com).mp3' (channels=2, sampleRate=48000)
INFO not found "/assets/sounds/Veela and Kooma - Pointless (galamp3.com).mp3" in vfs
ERROR WPSoundParser.cpp:178 audio file not found: sounds/Veela and Kooma - Pointless (galamp3.com).mp3
INFO audio Switch: loading 'sounds/Звуки природы - Шум дождя (www.hotplayer.ru).mp3' (channels=2, sampleRate=48000)
INFO not found "/assets/sounds/Звуки природы - Шум дождя (www.hotplayer.ru).mp3" in vfs
ERROR WPSoundParser.cpp:178 audio file not found: sounds/Звуки природы - Шум дождя (www.hotplayer.ru).mp3
INFO audio Switch: loading 'sounds/Veela and Kooma - Retrospect (galamp3.com).mp3' (channels=2, sampleRate=48000)
INFO not found "/assets/sounds/Veela and Kooma - Retrospect (galamp3.com).mp3" in vfs
ERROR WPSoundParser.cpp:178 audio file not found: sounds/Veela and Kooma - Retrospect (galamp3.com).mp3
INFO audio Switch: loading 'sounds/Звуки природы - Шум дождя (www.hotplayer.ru).mp3' (channels=2, sampleRate=48000)
INFO not found "/assets/sounds/Звуки природы - Шум дождя (www.hotplayer.ru).mp3" in vfs
ERROR WPSoundParser.cpp:178 audio file not found: sounds/Звуки природы - Шум дождя (www.hotplayer.ru).mp3
INFO audio Switch: loading 'sounds/Kooma & Veela - Oasis (256  kbps).mp3' (channels=2, sampleRate=48000)
INFO not found "/assets/sounds/Kooma & Veela - Oasis (256  kbps).mp3" in vfs
ERROR WPSoundParser.cpp:178 audio file not found: sounds/Kooma & Veela - Oasis (256  kbps).mp3
INFO audio Switch: loading 'sounds/Звуки природы - Шум дождя (www.hotplayer.ru).mp3' (channels=2, sampleRate=48000)
INFO not found "/assets/sounds/Звуки природы - Шум дождя (www.hotplayer.ru).mp3" in vfs
ERROR WPSoundParser.cpp:178 audio file not found: sounds/Звуки природы - Шум дождя (www.hotplayer.ru).mp3
INFO audio Switch: loading 'sounds/aether-scotland-veela-valentine.mp3' (channels=2, sampleRate=48000)
INFO not found "/assets/sounds/aether-scotland-veela-valentine.mp3" in vfs
ERROR WPSoundParser.cpp:178 audio file not found: sounds/aether-scotland-veela-valentine.mp3
INFO audio Switch: loading 'sounds/Звуки природы - Шум дождя (www.hotplayer.ru).mp3' (channels=2, sampleRate=48000)
INFO not found "/assets/sounds/Звуки природы - Шум дождя (www.hotplayer.ru).mp3" in vfs
ERROR WPSoundParser.cpp:178 audio file not found: sounds/Звуки природы - Шум дождя (www.hotplayer.ru).mp3
INFO audio Switch: loading 'sounds/Veela and Irosa Rosali - Going Home (galamp3.com).mp3' (channels=2, sampleRate=48000)
INFO not found "/assets/sounds/Veela and Irosa Rosali - Going Home (galamp3.com).mp3" in vfs
ERROR WPSoundParser.cpp:178 audio file not found: sounds/Veela and Irosa Rosali - Going Home (galamp3.com).mp3
INFO audio Switch: loading 'sounds/Звуки природы - Шум дождя (www.hotplayer.ru).mp3' (channels=2, sampleRate=48000)
INFO not found "/assets/sounds/Звуки природы - Шум дождя (www.hotplayer.ru).mp3" in vfs
ERROR WPSoundParser.cpp:178 audio file not found: sounds/Звуки природы - Шум дождя (www.hotplayer.ru).mp3
INFO audio Switch: loading 'sounds/Veela and Irosa Rosali, Elsie - Closed (galamp3.com).mp3' (channels=2, sampleRate=48000)
INFO not found "/assets/sounds/Veela and Irosa Rosali, Elsie - Closed (galamp3.com).mp3" in vfs
ERROR WPSoundParser.cpp:178 audio file not found: sounds/Veela and Irosa Rosali, Elsie - Closed (galamp3.com).mp3
INFO audio Switch: loading 'sounds/Звуки природы - Шум дождя (www.hotplayer.ru).mp3' (channels=2, sampleRate=48000)
INFO not found "/assets/sounds/Звуки природы - Шум дождя (www.hotplayer.ru).mp3" in vfs
ERROR WPSoundParser.cpp:178 audio file not found: sounds/Звуки природы - Шум дождя (www.hotplayer.ru).mp3
INFO audio Switch: loading 'sounds/Veela and Kooma - Pointless (galamp3.com).mp3' (channels=2, sampleRate=48000)
INFO not found "/assets/sounds/Veela and Kooma - Pointless (galamp3.com).mp3" in vfs
ERROR WPSoundParser.cpp:178 audio file not found: sounds/Veela and Kooma - Pointless (galamp3.com).mp3
INFO audio Switch: loading 'sounds/Звуки природы - Шум дождя (www.hotplayer.ru).mp3' (channels=2, sampleRate=48000)
INFO not found "/assets/sounds/Звуки природы - Шум дождя (www.hotplayer.ru).mp3" in vfs
ERROR WPSoundParser.cpp:178 audio file not found: sounds/Звуки природы - Шум дождя (www.hotplayer.ru).mp3
INFO audio Switch: loading 'sounds/Veela and Kooma - Retrospect (galamp3.com).mp3' (channels=2, sampleRate=48000)
INFO not found "/assets/sounds/Veela and Kooma - Retrospect (galamp3.com).mp3" in vfs
ERROR WPSoundParser.cpp:178 audio file not found: sounds/Veela and Kooma - Retrospect (galamp3.com).mp3
INFO audio Switch: loading 'sounds/Звуки природы - Шум дождя (www.hotplayer.ru).mp3' (channels=2, sampleRate=48000)
INFO not found "/assets/sounds/Звуки природы - Шум дождя (www.hotplayer.ru).mp3" in vfs
ERROR WPSoundParser.cpp:178 audio file not found: sounds/Звуки природы - Шум дождя (www.hotplayer.ru).mp3
INFO audio Switch: loading 'sounds/Kooma & Veela - Oasis (256  kbps).mp3' (channels=2, sampleRate=48000)
INFO not found "/assets/sounds/Kooma & Veela - Oasis (256  kbps).mp3" in vfs
ERROR WPSoundParser.cpp:178 audio file not found: sounds/Kooma & Veela - Oasis (256  kbps).mp3
INFO audio Switch: loading 'sounds/Звуки природы - Шум дождя (www.hotplayer.ru).mp3' (channels=2, sampleRate=48000)
INFO not found "/assets/sounds/Звуки природы - Шум дождя (www.hotplayer.ru).mp3" in vfs
ERROR WPSoundParser.cpp:178 audio file not found: sounds/Звуки природы - Шум дождя (www.hotplayer.ru).mp3
INFO audio Switch: loading 'sounds/aether-scotland-veela-valentine.mp3' (channels=2, sampleRate=48000)
INFO not found "/assets/sounds/aether-scotland-veela-valentine.mp3" in vfs
ERROR WPSoundParser.cpp:178 audio file not found: sounds/aether-scotland-veela-valentine.mp3
INFO audio Switch: loading 'sounds/Звуки природы - Шум дождя (www.hotplayer.ru).mp3' (channels=2, sampleRate=48000)
INFO not found "/assets/sounds/Звуки природы - Шум дождя (www.hotplayer.ru).mp3" in vfs
ERROR WPSoundParser.cpp:178 audio file not found: sounds/Звуки природы - Шум дождя (www.hotplayer.ru).mp3
INFO audio Switch: loading 'sounds/Veela and Irosa Rosali - Going Home (galamp3.com).mp3' (channels=2, sampleRate=48000)
INFO not found "/assets/sounds/Veela and Irosa Rosali - Going Home (galamp3.com).mp3" in vfs
ERROR WPSoundParser.cpp:178 audio file not found: sounds/Veela and Irosa Rosali - Going Home (galamp3.com).mp3
INFO audio Switch: loading 'sounds/Звуки природы - Шум дождя (www.hotplayer.ru).mp3' (channels=2, sampleRate=48000)
INFO not found "/assets/sounds/Звуки природы - Шум дождя (www.hotplayer.ru).mp3" in vfs
ERROR WPSoundParser.cpp:178 audio file not found: sounds/Звуки природы - Шум дождя (www.hotplayer.ru).mp3
INFO audio Switch: loading 'sounds/Veela and Irosa Rosali, Elsie - Closed (galamp3.com).mp3' (channels=2, sampleRate=48000)
INFO not found "/assets/sounds/Veela and Irosa Rosali, Elsie - Closed (galamp3.com).mp3" in vfs
ERROR WPSoundParser.cpp:178 audio file not found: sounds/Veela and Irosa Rosali, Elsie - Closed (galamp3.com).mp3
INFO audio Switch: loading 'sounds/Звуки природы - Шум дождя (www.hotplayer.ru).mp3' (channels=2, sampleRate=48000)
INFO not found "/assets/sounds/Звуки природы - Шум дождя (www.hotplayer.ru).mp3" in vfs
ERROR WPSoundParser.cpp:178 audio file not found: sounds/Звуки природы - Шум дождя (www.hotplayer.ru).mp3
INFO audio Switch: loading 'sounds/Veela and Kooma - Pointless (galamp3.com).mp3' (channels=2, sampleRate=48000)
INFO not found "/assets/sounds/Veela and Kooma - Pointless (galamp3.com).mp3" in vfs
ERROR WPSoundParser.cpp:178 audio file not found: sounds/Veela and Kooma - Pointless (galamp3.com).mp3
INFO audio Switch: loading 'sounds/Звуки природы - Шум дождя (www.hotplayer.ru).mp3' (channels=2, sampleRate=48000)
INFO not found "/assets/sounds/Звуки природы - Шум дождя (www.hotplayer.ru).mp3" in vfs
ERROR WPSoundParser.cpp:178 audio file not found: sounds/Звуки природы - Шум дождя (www.hotplayer.ru).mp3
INFO audio Switch: loading 'sounds/Veela and Kooma - Retrospect (galamp3.com).mp3' (channels=2, sampleRate=48000)
INFO not found "/assets/sounds/Veela and Kooma - Retrospect (galamp3.com).mp3" in vfs
ERROR WPSoundParser.cpp:178 audio file not found: sounds/Veela and Kooma - Retrospect (galamp3.com).mp3
INFO audio Switch: loading 'sounds/Звуки природы - Шум дождя (www.hotplayer.ru).mp3' (channels=2, sampleRate=48000)
INFO not found "/assets/sounds/Звуки природы - Шум дождя (www.hotplayer.ru).mp3" in vfs
ERROR WPSoundParser.cpp:178 audio file not found: sounds/Звуки природы - Шум дождя (www.hotplayer.ru).mp3
INFO audio Switch: loading 'sounds/Kooma & Veela - Oasis (256  kbps).mp3' (channels=2, sampleRate=48000)
INFO not found "/assets/sounds/Kooma & Veela - Oasis (256  kbps).mp3" in vfs
ERROR WPSoundParser.cpp:178 audio file not found: sounds/Kooma & Veela - Oasis (256  kbps).mp3
INFO audio Switch: loading 'sounds/Звуки природы - Шум дождя (www.hotplayer.ru).mp3' (channels=2, sampleRate=48000)
INFO not found "/assets/sounds/Звуки природы - Шум дождя (www.hotplayer.ru).mp3" in vfs
ERROR WPSoundParser.cpp:178 audio file not found: sounds/Звуки природы - Шум дождя (www.hotplayer.ru).mp3
INFO audio Switch: loading 'sounds/aether-scotland-veela-valentine.mp3' (channels=2, sampleRate=48000)
INFO not found "/assets/sounds/aether-scotland-veela-valentine.mp3" in vfs
ERROR WPSoundParser.cpp:178 audio file not found: sounds/aether-scotland-veela-valentine.mp3
INFO audio Switch: loading 'sounds/Звуки природы - Шум дождя (www.hotplayer.ru).mp3' (channels=2, sampleRate=48000)
INFO not found "/assets/sounds/Звуки природы - Шум дождя (www.hotplayer.ru).mp3" in vfs
ERROR WPSoundParser.cpp:178 audio file not found: sounds/Звуки природы - Шум дождя (www.hotplayer.ru).mp3
INFO audio Switch: loading 'sounds/Veela and Irosa Rosali - Going Home (galamp3.com).mp3' (channels=2, sampleRate=48000)
INFO not found "/assets/sounds/Veela and Irosa Rosali - Going Home (galamp3.com).mp3" in vfs
ERROR WPSoundParser.cpp:178 audio file not found: sounds/Veela and Irosa Rosali - Going Home (galamp3.com).mp3
INFO audio Switch: loading 'sounds/Звуки природы - Шум дождя (www.hotplayer.ru).mp3' (channels=2, sampleRate=48000)
INFO not found "/assets/sounds/Звуки природы - Шум дождя (www.hotplayer.ru).mp3" in vfs
ERROR WPSoundParser.cpp:178 audio file not found: sounds/Звуки природы - Шум дождя (www.hotplayer.ru).mp3
INFO audio Switch: loading 'sounds/Veela and Irosa Rosali, Elsie - Closed (galamp3.com).mp3' (channels=2, sampleRate=48000)
INFO not found "/assets/sounds/Veela and Irosa Rosali, Elsie - Closed (galamp3.com).mp3" in vfs
ERROR WPSoundParser.cpp:178 audio file not found: sounds/Veela and Irosa Rosali, Elsie - Closed (galamp3.com).mp3
INFO audio Switch: loading 'sounds/Звуки природы - Шум дождя (www.hotplayer.ru).mp3' (channels=2, sampleRate=48000)
INFO not found "/assets/sounds/Звуки природы - Шум дождя (www.hotplayer.ru).mp3" in vfs
ERROR WPSoundParser.cpp:178 audio file not found: sounds/Звуки природы - Шум дождя (www.hotplayer.ru).mp3
INFO audio Switch: loading 'sounds/Veela and Kooma - Pointless (galamp3.com).mp3' (channels=2, sampleRate=48000)
INFO not found "/assets/sounds/Veela and Kooma - Pointless (galamp3.com).mp3" in vfs
ERROR WPSoundParser.cpp:178 audio file not found: sounds/Veela and Kooma - Pointless (galamp3.com).mp3
INFO audio Switch: loading 'sounds/Звуки природы - Шум дождя (www.hotplayer.ru).mp3' (channels=2, sampleRate=48000)
INFO not found "/assets/sounds/Звуки природы - Шум дождя (www.hotplayer.ru).mp3" in vfs
ERROR WPSoundParser.cpp:178 audio file not found: sounds/Звуки природы - Шум дождя (www.hotplayer.ru).mp3
INFO audio Switch: loading 'sounds/Veela and Kooma - Retrospect (galamp3.com).mp3' (channels=2, sampleRate=48000)
INFO not found "/assets/sounds/Veela and Kooma - Retrospect (galamp3.com).mp3" in vfs
ERROR WPSoundParser.cpp:178 audio file not found: sounds/Veela and Kooma - Retrospect (galamp3.com).mp3
INFO audio Switch: loading 'sounds/Звуки природы - Шум дождя (www.hotplayer.ru).mp3' (channels=2, sampleRate=48000)
INFO not found "/assets/sounds/Звуки природы - Шум дождя (www.hotplayer.ru).mp3" in vfs
ERROR WPSoundParser.cpp:178 audio file not found: sounds/Звуки природы - Шум дождя (www.hotplayer.ru).mp3
INFO audio Switch: loading 'sounds/Kooma & Veela - Oasis (256  kbps).mp3' (channels=2, sampleRate=48000)
INFO not found "/assets/sounds/Kooma & Veela - Oasis (256  kbps).mp3" in vfs
ERROR WPSoundParser.cpp:178 audio file not found: sounds/Kooma & Veela - Oasis (256  kbps).mp3
INFO audio Switch: loading 'sounds/Звуки природы - Шум дождя (www.hotplayer.ru).mp3' (channels=2, sampleRate=48000)
INFO not found "/assets/sounds/Звуки природы - Шум дождя (www.hotplayer.ru).mp3" in vfs
ERROR WPSoundParser.cpp:178 audio file not found: sounds/Звуки природы - Шум дождя (www.hotplayer.ru).mp3
INFO audio Switch: loading 'sounds/aether-scotland-veela-valentine.mp3' (channels=2, sampleRate=48000)
INFO not found "/assets/sounds/aether-scotland-veela-valentine.mp3" in vfs
ERROR WPSoundParser.cpp:178 audio file not found: sounds/aether-scotland-veela-valentine.mp3
INFO audio Switch: loading 'sounds/Звуки природы - Шум дождя (www.hotplayer.ru).mp3' (channels=2, sampleRate=48000)
INFO not found "/assets/sounds/Звуки природы - Шум дождя (www.hotplayer.ru).mp3" in vfs
ERROR WPSoundParser.cpp:178 audio file not found: sounds/Звуки природы - Шум дождя (www.hotplayer.ru).mp3
INFO audio Switch: loading 'sounds/Veela and Irosa Rosali - Going Home (galamp3.com).mp3' (channels=2, sampleRate=48000)
INFO not found "/assets/sounds/Veela and Irosa Rosali - Going Home (galamp3.com).mp3" in vfs
ERROR WPSoundParser.cpp:178 audio file not found: sounds/Veela and Irosa Rosali - Going Home (galamp3.com).mp3
INFO audio Switch: loading 'sounds/Звуки природы - Шум дождя (www.hotplayer.ru).mp3' (channels=2, sampleRate=48000)
INFO not found "/assets/sounds/Звуки природы - Шум дождя (www.hotplayer.ru).mp3" in vfs
ERROR WPSoundParser.cpp:178 audio file not found: sounds/Звуки природы - Шум дождя (www.hotplayer.ru).mp3
INFO audio Switch: loading 'sounds/Veela and Irosa Rosali, Elsie - Closed (galamp3.com).mp3' (channels=2, sampleRate=48000)
INFO not found "/assets/sounds/Veela and Irosa Rosali, Elsie - Closed (galamp3.com).mp3" in vfs
ERROR WPSoundParser.cpp:178 audio file not found: sounds/Veela and Irosa Rosali, Elsie - Closed (galamp3.com).mp3
INFO audio Switch: loading 'sounds/Звуки природы - Шум дождя (www.hotplayer.ru).mp3' (channels=2, sampleRate=48000)
INFO not found "/assets/sounds/Звуки природы - Шум дождя (www.hotplayer.ru).mp3" in vfs
ERROR WPSoundParser.cpp:178 audio file not found: sounds/Звуки природы - Шум дождя (www.hotplayer.ru).mp3
INFO audio Switch: loading 'sounds/Veela and Kooma - Pointless (galamp3.com).mp3' (channels=2, sampleRate=48000)
INFO not found "/assets/sounds/Veela and Kooma - Pointless (galamp3.com).mp3" in vfs
ERROR WPSoundParser.cpp:178 audio file not found: sounds/Veela and Kooma - Pointless (galamp3.com).mp3
INFO audio Switch: loading 'sounds/Звуки природы - Шум дождя (www.hotplayer.ru).mp3' (channels=2, sampleRate=48000)
INFO not found "/assets/sounds/Звуки природы - Шум дождя (www.hotplayer.ru).mp3" in vfs
ERROR WPSoundParser.cpp:178 audio file not found: sounds/Звуки природы - Шум дождя (www.hotplayer.ru).mp3
INFO audio Switch: loading 'sounds/Veela and Kooma - Retrospect (galamp3.com).mp3' (channels=2, sampleRate=48000)
INFO not found "/assets/sounds/Veela and Kooma - Retrospect (galamp3.com).mp3" in vfs
ERROR WPSoundParser.cpp:178 audio file not found: sounds/Veela and Kooma - Retrospect (galamp3.com).mp3
INFO audio Switch: loading 'sounds/Звуки природы - Шум дождя (www.hotplayer.ru).mp3' (channels=2, sampleRate=48000)
INFO not found "/assets/sounds/Звуки природы - Шум дождя (www.hotplayer.ru).mp3" in vfs
ERROR WPSoundParser.cpp:178 audio file not found: sounds/Звуки природы - Шум дождя (www.hotplayer.ru).mp3
INFO audio Switch: loading 'sounds/Kooma & Veela - Oasis (256  kbps).mp3' (channels=2, sampleRate=48000)
INFO not found "/assets/sounds/Kooma & Veela - Oasis (256  kbps).mp3" in vfs
ERROR WPSoundParser.cpp:178 audio file not found: sounds/Kooma & Veela - Oasis (256  kbps).mp3
INFO audio Switch: loading 'sounds/Звуки природы - Шум дождя (www.hotplayer.ru).mp3' (channels=2, sampleRate=48000)
INFO not found "/assets/sounds/Звуки природы - Шум дождя (www.hotplayer.ru).mp3" in vfs
ERROR WPSoundParser.cpp:178 audio file not found: sounds/Звуки природы - Шум дождя (www.hotplayer.ru).mp3
INFO audio Switch: loading 'sounds/aether-scotland-veela-valentine.mp3' (channels=2, sampleRate=48000)
INFO not found "/assets/sounds/aether-scotland-veela-valentine.mp3" in vfs
ERROR WPSoundParser.cpp:178 audio file not found: sounds/aether-scotland-veela-valentine.mp3
INFO audio Switch: loading 'sounds/Звуки природы - Шум дождя (www.hotplayer.ru).mp3' (channels=2, sampleRate=48000)
INFO not found "/assets/sounds/Звуки природы - Шум дождя (www.hotplayer.ru).mp3" in vfs
ERROR WPSoundParser.cpp:178 audio file not found: sounds/Звуки природы - Шум дождя (www.hotplayer.ru).mp3
INFO audio Switch: loading 'sounds/Veela and Irosa Rosali - Going Home (galamp3.com).mp3' (channels=2, sampleRate=48000)
INFO not found "/assets/sounds/Veela and Irosa Rosali - Going Home (galamp3.com).mp3" in vfs
ERROR WPSoundParser.cpp:178 audio file not found: sounds/Veela and Irosa Rosali - Going Home (galamp3.com).mp3
INFO audio Switch: loading 'sounds/Звуки природы - Шум дождя (www.hotplayer.ru).mp3' (channels=2, sampleRate=48000)
INFO not found "/assets/sounds/Звуки природы - Шум дождя (www.hotplayer.ru).mp3" in vfs
ERROR WPSoundParser.cpp:178 audio file not found: sounds/Звуки природы - Шум дождя (www.hotplayer.ru).mp3
INFO audio Switch: loading 'sounds/Veela and Irosa Rosali, Elsie - Closed (galamp3.com).mp3' (channels=2, sampleRate=48000)
INFO not found "/assets/sounds/Veela and Irosa Rosali, Elsie - Closed (galamp3.com).mp3" in vfs
ERROR WPSoundParser.cpp:178 audio file not found: sounds/Veela and Irosa Rosali, Elsie - Closed (galamp3.com).mp3
INFO audio Switch: loading 'sounds/Звуки природы - Шум дождя (www.hotplayer.ru).mp3' (channels=2, sampleRate=48000)
INFO not found "/assets/sounds/Звуки природы - Шум дождя (www.hotplayer.ru).mp3" in vfs
ERROR WPSoundParser.cpp:178 audio file not found: sounds/Звуки природы - Шум дождя (www.hotplayer.ru).mp3
INFO audio Switch: loading 'sounds/Veela and Kooma - Pointless (galamp3.com).mp3' (channels=2, sampleRate=48000)
INFO not found "/assets/sounds/Veela and Kooma - Pointless (galamp3.com).mp3" in vfs
ERROR WPSoundParser.cpp:178 audio file not found: sounds/Veela and Kooma - Pointless (galamp3.com).mp3
INFO audio Switch: loading 'sounds/Звуки природы - Шум дождя (www.hotplayer.ru).mp3' (channels=2, sampleRate=48000)
INFO not found "/assets/sounds/Звуки природы - Шум дождя (www.hotplayer.ru).mp3" in vfs
ERROR WPSoundParser.cpp:178 audio file not found: sounds/Звуки природы - Шум дождя (www.hotplayer.ru).mp3
INFO audio Switch: loading 'sounds/Veela and Kooma - Retrospect (galamp3.com).mp3' (channels=2, sampleRate=48000)
INFO not found "/assets/sounds/Veela and Kooma - Retrospect (galamp3.com).mp3" in vfs
ERROR WPSoundParser.cpp:178 audio file not found: sounds/Veela and Kooma - Retrospect (galamp3.com).mp3
INFO audio Switch: loading 'sounds/Звуки природы - Шум дождя (www.hotplayer.ru).mp3' (channels=2, sampleRate=48000)
INFO not found "/assets/sounds/Звуки природы - Шум дождя (www.hotplayer.ru).mp3" in vfs
ERROR WPSoundParser.cpp:178 audio file not found: sounds/Звуки природы - Шум дождя (www.hotplayer.ru).mp3
INFO audio Switch: loading 'sounds/Kooma & Veela - Oasis (256  kbps).mp3' (channels=2, sampleRate=48000)
INFO not found "/assets/sounds/Kooma & Veela - Oasis (256  kbps).mp3" in vfs
ERROR WPSoundParser.cpp:178 audio file not found: sounds/Kooma & Veela - Oasis (256  kbps).mp3
INFO audio Switch: loading 'sounds/Звуки природы - Шум дождя (www.hotplayer.ru).mp3' (channels=2, sampleRate=48000)
INFO not found "/assets/sounds/Звуки природы - Шум дождя (www.hotplayer.ru).mp3" in vfs
ERROR WPSoundParser.cpp:178 audio file not found: sounds/Звуки природы - Шум дождя (www.hotplayer.ru).mp3
INFO audio Switch: loading 'sounds/aether-scotland-veela-valentine.mp3' (channels=2, sampleRate=48000)
INFO not found "/assets/sounds/aether-scotland-veela-valentine.mp3" in vfs
ERROR WPSoundParser.cpp:178 audio file not found: sounds/aether-scotland-veela-valentine.mp3
INFO audio Switch: loading 'sounds/Звуки природы - Шум дождя (www.hotplayer.ru).mp3' (channels=2, sampleRate=48000)
INFO not found "/assets/sounds/Звуки природы - Шум дождя (www.hotplayer.ru).mp3" in vfs
ERROR WPSoundParser.cpp:178 audio file not found: sounds/Звуки природы - Шум дождя (www.hotplayer.ru).mp3
INFO audio Switch: loading 'sounds/Veela and Irosa Rosali - Going Home (galamp3.com).mp3' (channels=2, sampleRate=48000)
INFO not found "/assets/sounds/Veela and Irosa Rosali - Going Home (galamp3.com).mp3" in vfs
ERROR WPSoundParser.cpp:178 audio file not found: sounds/Veela and Irosa Rosali - Going Home (galamp3.com).mp3
INFO audio Switch: loading 'sounds/Звуки природы - Шум дождя (www.hotplayer.ru).mp3' (channels=2, sampleRate=48000)
INFO not found "/assets/sounds/Звуки природы - Шум дождя (www.hotplayer.ru).mp3" in vfs
ERROR WPSoundParser.cpp:178 audio file not found: sounds/Звуки природы - Шум дождя (www.hotplayer.ru).mp3
INFO audio Switch: loading 'sounds/Veela and Irosa Rosali, Elsie - Closed (galamp3.com).mp3' (channels=2, sampleRate=48000)
INFO not found "/assets/sounds/Veela and Irosa Rosali, Elsie - Closed (galamp3.com).mp3" in vfs
ERROR WPSoundParser.cpp:178 audio file not found: sounds/Veela and Irosa Rosali, Elsie - Closed (galamp3.com).mp3
INFO audio Switch: loading 'sounds/Звуки природы - Шум дождя (www.hotplayer.ru).mp3' (channels=2, sampleRate=48000)
INFO not found "/assets/sounds/Звуки природы - Шум дождя (www.hotplayer.ru).mp3" in vfs
ERROR WPSoundParser.cpp:178 audio file not found: sounds/Звуки природы - Шум дождя (www.hotplayer.ru).mp3
INFO audio Switch: loading 'sounds/Veela and Kooma - Pointless (galamp3.com).mp3' (channels=2, sampleRate=48000)
INFO not found "/assets/sounds/Veela and Kooma - Pointless (galamp3.com).mp3" in vfs
ERROR WPSoundParser.cpp:178 audio file not found: sounds/Veela and Kooma - Pointless (galamp3.com).mp3
INFO audio Switch: loading 'sounds/Звуки природы - Шум дождя (www.hotplayer.ru).mp3' (channels=2, sampleRate=48000)
INFO not found "/assets/sounds/Звуки природы - Шум дождя (www.hotplayer.ru).mp3" in vfs
ERROR WPSoundParser.cpp:178 audio file not found: sounds/Звуки природы - Шум дождя (www.hotplayer.ru).mp3
INFO audio Switch: loading 'sounds/Veela and Kooma - Retrospect (galamp3.com).mp3' (channels=2, sampleRate=48000)
INFO not found "/assets/sounds/Veela and Kooma - Retrospect (galamp3.com).mp3" in vfs
ERROR WPSoundParser.cpp:178 audio file not found: sounds/Veela and Kooma - Retrospect (galamp3.com).mp3
INFO audio Switch: loading 'sounds/Звуки природы - Шум дождя (www.hotplayer.ru).mp3' (channels=2, sampleRate=48000)
INFO not found "/assets/sounds/Звуки природы - Шум дождя (www.hotplayer.ru).mp3" in vfs
ERROR WPSoundParser.cpp:178 audio file not found: sounds/Звуки природы - Шум дождя (www.hotplayer.ru).mp3
INFO audio Switch: loading 'sounds/Kooma & Veela - Oasis (256  kbps).mp3' (channels=2, sampleRate=48000)
INFO not found "/assets/sounds/Kooma & Veela - Oasis (256  kbps).mp3" in vfs
ERROR WPSoundParser.cpp:178 audio file not found: sounds/Kooma & Veela - Oasis (256  kbps).mp3
INFO audio Switch: loading 'sounds/Звуки природы - Шум дождя (www.hotplayer.ru).mp3' (channels=2, sampleRate=48000)
INFO not found "/assets/sounds/Звуки природы - Шум дождя (www.hotplayer.ru).mp3" in vfs
ERROR WPSoundParser.cpp:178 audio file not found: sounds/Звуки природы - Шум дождя (www.hotplayer.ru).mp3
INFO audio Switch: loading 'sounds/aether-scotland-veela-valentine.mp3' (channels=2, sampleRate=48000)
INFO not found "/assets/sounds/aether-scotland-veela-valentine.mp3" in vfs
ERROR WPSoundParser.cpp:178 audio file not found: sounds/aether-scotland-veela-valentine.mp3
INFO audio Switch: loading 'sounds/Звуки природы - Шум дождя (www.hotplayer.ru).mp3' (channels=2, sampleRate=48000)
INFO not found "/assets/sounds/Звуки природы - Шум дождя (www.hotplayer.ru).mp3" in vfs
ERROR WPSoundParser.cpp:178 audio file not found: sounds/Звуки природы - Шум дождя (www.hotplayer.ru).mp3
INFO audio Switch: loading 'sounds/Veela and Irosa Rosali - Going Home (galamp3.com).mp3' (channels=2, sampleRate=48000)
INFO not found "/assets/sounds/Veela and Irosa Rosali - Going Home (galamp3.com).mp3" in vfs
ERROR WPSoundParser.cpp:178 audio file not found: sounds/Veela and Irosa Rosali - Going Home (galamp3.com).mp3
INFO audio Switch: loading 'sounds/Звуки природы - Шум дождя (www.hotplayer.ru).mp3' (channels=2, sampleRate=48000)
INFO not found "/assets/sounds/Звуки природы - Шум дождя (www.hotplayer.ru).mp3" in vfs
ERROR WPSoundParser.cpp:178 audio file not found: sounds/Звуки природы - Шум дождя (www.hotplayer.ru).mp3
INFO audio Switch: loading 'sounds/Veela and Irosa Rosali, Elsie - Closed (galamp3.com).mp3' (channels=2, sampleRate=48000)
INFO not found "/assets/sounds/Veela and Irosa Rosali, Elsie - Closed (galamp3.com).mp3" in vfs
ERROR WPSoundParser.cpp:178 audio file not found: sounds/Veela and Irosa Rosali, Elsie - Closed (galamp3.com).mp3
INFO audio Switch: loading 'sounds/Звуки природы - Шум дождя (www.hotplayer.ru).mp3' (channels=2, sampleRate=48000)
INFO not found "/assets/sounds/Звуки природы - Шум дождя (www.hotplayer.ru).mp3" in vfs
ERROR WPSoundParser.cpp:178 audio file not found: sounds/Звуки природы - Шум дождя (www.hotplayer.ru).mp3
INFO audio Switch: loading 'sounds/Veela and Kooma - Pointless (galamp3.com).mp3' (channels=2, sampleRate=48000)
INFO not found "/assets/sounds/Veela and Kooma - Pointless (galamp3.com).mp3" in vfs
ERROR WPSoundParser.cpp:178 audio file not found: sounds/Veela and Kooma - Pointless (galamp3.com).mp3
INFO audio Switch: loading 'sounds/Звуки природы - Шум дождя (www.hotplayer.ru).mp3' (channels=2, sampleRate=48000)
INFO not found "/assets/sounds/Звуки природы - Шум дождя (www.hotplayer.ru).mp3" in vfs
ERROR WPSoundParser.cpp:178 audio file not found: sounds/Звуки природы - Шум дождя (www.hotplayer.ru).mp3
INFO audio Switch: loading 'sounds/Veela and Kooma - Retrospect (galamp3.com).mp3' (channels=2, sampleRate=48000)
INFO not found "/assets/sounds/Veela and Kooma - Retrospect (galamp3.com).mp3" in vfs
ERROR WPSoundParser.cpp:178 audio file not found: sounds/Veela and Kooma - Retrospect (galamp3.com).mp3
INFO audio Switch: loading 'sounds/Звуки природы - Шум дождя (www.hotplayer.ru).mp3' (channels=2, sampleRate=48000)
INFO not found "/assets/sounds/Звуки природы - Шум дождя (www.hotplayer.ru).mp3" in vfs
ERROR WPSoundParser.cpp:178 audio file not found: sounds/Звуки природы - Шум дождя (www.hotplayer.ru).mp3
INFO audio Switch: loading 'sounds/Kooma & Veela - Oasis (256  kbps).mp3' (channels=2, sampleRate=48000)
INFO not found "/assets/sounds/Kooma & Veela - Oasis (256  kbps).mp3" in vfs
ERROR WPSoundParser.cpp:178 audio file not found: sounds/Kooma & Veela - Oasis (256  kbps).mp3
INFO audio Switch: loading 'sounds/Звуки природы - Шум дождя (www.hotplayer.ru).mp3' (channels=2, sampleRate=48000)
INFO not found "/assets/sounds/Звуки природы - Шум дождя (www.hotplayer.ru).mp3" in vfs
ERROR WPSoundParser.cpp:178 audio file not found: sounds/Звуки природы - Шум дождя (www.hotplayer.ru).mp3
INFO audio Switch: loading 'sounds/aether-scotland-veela-valentine.mp3' (channels=2, sampleRate=48000)
INFO not found "/assets/sounds/aether-scotland-veela-valentine.mp3" in vfs
ERROR WPSoundParser.cpp:178 audio file not found: sounds/aether-scotland-veela-valentine.mp3
INFO audio Switch: loading 'sounds/Звуки природы - Шум дождя (www.hotplayer.ru).mp3' (channels=2, sampleRate=48000)
INFO not found "/assets/sounds/Звуки природы - Шум дождя (www.hotplayer.ru).mp3" in vfs
ERROR WPSoundParser.cpp:178 audio file not found: sounds/Звуки природы - Шум дождя (www.hotplayer.ru).mp3
INFO audio Switch: loading 'sounds/Veela and Irosa Rosali - Going Home (galamp3.com).mp3' (channels=2, sampleRate=48000)
INFO not found "/assets/sounds/Veela and Irosa Rosali - Going Home (galamp3.com).mp3" in vfs
ERROR WPSoundParser.cpp:178 audio file not found: sounds/Veela and Irosa Rosali - Going Home (galamp3.com).mp3
INFO audio Switch: loading 'sounds/Звуки природы - Шум дождя (www.hotplayer.ru).mp3' (channels=2, sampleRate=48000)
INFO not found "/assets/sounds/Звуки природы - Шум дождя (www.hotplayer.ru).mp3" in vfs
ERROR WPSoundParser.cpp:178 audio file not found: sounds/Звуки природы - Шум дождя (www.hotplayer.ru).mp3
INFO audio Switch: loading 'sounds/Veela and Irosa Rosali, Elsie - Closed (galamp3.com).mp3' (channels=2, sampleRate=48000)
INFO not found "/assets/sounds/Veela and Irosa Rosali, Elsie - Closed (galamp3.com).mp3" in vfs
ERROR WPSoundParser.cpp:178 audio file not found: sounds/Veela and Irosa Rosali, Elsie - Closed (galamp3.com).mp3
INFO audio Switch: loading 'sounds/Звуки природы - Шум дождя (www.hotplayer.ru).mp3' (channels=2, sampleRate=48000)
INFO not found "/assets/sounds/Звуки природы - Шум дождя (www.hotplayer.ru).mp3" in vfs
ERROR WPSoundParser.cpp:178 audio file not found: sounds/Звуки природы - Шум дождя (www.hotplayer.ru).mp3
INFO audio Switch: loading 'sounds/Veela and Kooma - Pointless (galamp3.com).mp3' (channels=2, sampleRate=48000)
INFO not found "/assets/sounds/Veela and Kooma - Pointless (galamp3.com).mp3" in vfs
ERROR WPSoundParser.cpp:178 audio file not found: sounds/Veela and Kooma - Pointless (galamp3.com).mp3
INFO audio Switch: loading 'sounds/Звуки природы - Шум дождя (www.hotplayer.ru).mp3' (channels=2, sampleRate=48000)
INFO not found "/assets/sounds/Звуки природы - Шум дождя (www.hotplayer.ru).mp3" in vfs
ERROR WPSoundParser.cpp:178 audio file not found: sounds/Звуки природы - Шум дождя (www.hotplayer.ru).mp3
INFO audio Switch: loading 'sounds/Veela and Kooma - Retrospect (galamp3.com).mp3' (channels=2, sampleRate=48000)
INFO not found "/assets/sounds/Veela and Kooma - Retrospect (galamp3.com).mp3" in vfs
ERROR WPSoundParser.cpp:178 audio file not found: sounds/Veela and Kooma - Retrospect (galamp3.com).mp3
INFO audio Switch: loading 'sounds/Звуки природы - Шум дождя (www.hotplayer.ru).mp3' (channels=2, sampleRate=48000)
INFO not found "/assets/sounds/Звуки природы - Шум дождя (www.hotplayer.ru).mp3" in vfs
ERROR WPSoundParser.cpp:178 audio file not found: sounds/Звуки природы - Шум дождя (www.hotplayer.ru).mp3
INFO audio Switch: loading 'sounds/Kooma & Veela - Oasis (256  kbps).mp3' (channels=2, sampleRate=48000)
INFO not found "/assets/sounds/Kooma & Veela - Oasis (256  kbps).mp3" in vfs
ERROR WPSoundParser.cpp:178 audio file not found: sounds/Kooma & Veela - Oasis (256  kbps).mp3
INFO audio Switch: loading 'sounds/Звуки природы - Шум дождя (www.hotplayer.ru).mp3' (channels=2, sampleRate=48000)
INFO not found "/assets/sounds/Звуки природы - Шум дождя (www.hotplayer.ru).mp3" in vfs
ERROR WPSoundParser.cpp:178 audio file not found: sounds/Звуки природы - Шум дождя (www.hotplayer.ru).mp3
INFO audio Switch: loading 'sounds/aether-scotland-veela-valentine.mp3' (channels=2, sampleRate=48000)
INFO not found "/assets/sounds/aether-scotland-veela-valentine.mp3" in vfs
ERROR WPSoundParser.cpp:178 audio file not found: sounds/aether-scotland-veela-valentine.mp3
INFO audio Switch: loading 'sounds/Звуки природы - Шум дождя (www.hotplayer.ru).mp3' (channels=2, sampleRate=48000)
INFO not found "/assets/sounds/Звуки природы - Шум дождя (www.hotplayer.ru).mp3" in vfs
ERROR WPSoundParser.cpp:178 audio file not found: sounds/Звуки природы - Шум дождя (www.hotplayer.ru).mp3
INFO audio Switch: loading 'sounds/Veela and Irosa Rosali - Going Home (galamp3.com).mp3' (channels=2, sampleRate=48000)
INFO not found "/assets/sounds/Veela and Irosa Rosali - Going Home (galamp3.com).mp3" in vfs
ERROR WPSoundParser.cpp:178 audio file not found: sounds/Veela and Irosa Rosali - Going Home (galamp3.com).mp3
INFO audio Switch: loading 'sounds/Звуки природы - Шум дождя (www.hotplayer.ru).mp3' (channels=2, sampleRate=48000)
INFO not found "/assets/sounds/Звуки природы - Шум дождя (www.hotplayer.ru).mp3" in vfs
ERROR WPSoundParser.cpp:178 audio file not found: sounds/Звуки природы - Шум дождя (www.hotplayer.ru).mp3
INFO audio Switch: loading 'sounds/Veela and Irosa Rosali, Elsie - Closed (galamp3.com).mp3' (channels=2, sampleRate=48000)
INFO not found "/assets/sounds/Veela and Irosa Rosali, Elsie - Closed (galamp3.com).mp3" in vfs
ERROR WPSoundParser.cpp:178 audio file not found: sounds/Veela and Irosa Rosali, Elsie - Closed (galamp3.com).mp3
INFO audio Switch: loading 'sounds/Звуки природы - Шум дождя (www.hotplayer.ru).mp3' (channels=2, sampleRate=48000)
INFO not found "/assets/sounds/Звуки природы - Шум дождя (www.hotplayer.ru).mp3" in vfs
ERROR WPSoundParser.cpp:178 audio file not found: sounds/Звуки природы - Шум дождя (www.hotplayer.ru).mp3
INFO audio Switch: loading 'sounds/Veela and Kooma - Pointless (galamp3.com).mp3' (channels=2, sampleRate=48000)
INFO not found "/assets/sounds/Veela and Kooma - Pointless (galamp3.com).mp3" in vfs
ERROR WPSoundParser.cpp:178 audio file not found: sounds/Veela and Kooma - Pointless (galamp3.com).mp3
INFO audio Switch: loading 'sounds/Звуки природы - Шум дождя (www.hotplayer.ru).mp3' (channels=2, sampleRate=48000)
INFO not found "/assets/sounds/Звуки природы - Шум дождя (www.hotplayer.ru).mp3" in vfs
ERROR WPSoundParser.cpp:178 audio file not found: sounds/Звуки природы - Шум дождя (www.hotplayer.ru).mp3
INFO audio Switch: loading 'sounds/Veela and Kooma - Retrospect (galamp3.com).mp3' (channels=2, sampleRate=48000)
INFO not found "/assets/sounds/Veela and Kooma - Retrospect (galamp3.com).mp3" in vfs
ERROR WPSoundParser.cpp:178 audio file not found: sounds/Veela and Kooma - Retrospect (galamp3.com).mp3
INFO audio Switch: loading 'sounds/Звуки природы - Шум дождя (www.hotplayer.ru).mp3' (channels=2, sampleRate=48000)
INFO not found "/assets/sounds/Звуки природы - Шум дождя (www.hotplayer.ru).mp3" in vfs
ERROR WPSoundParser.cpp:178 audio file not found: sounds/Звуки природы - Шум дождя (www.hotplayer.ru).mp3
INFO audio Switch: loading 'sounds/Kooma & Veela - Oasis (256  kbps).mp3' (channels=2, sampleRate=48000)
INFO not found "/assets/sounds/Kooma & Veela - Oasis (256  kbps).mp3" in vfs
ERROR WPSoundParser.cpp:178 audio file not found: sounds/Kooma & Veela - Oasis (256  kbps).mp3
INFO audio Switch: loading 'sounds/Звуки природы - Шум дождя (www.hotplayer.ru).mp3' (channels=2, sampleRate=48000)
INFO not found "/assets/sounds/Звуки природы - Шум дождя (www.hotplayer.ru).mp3" in vfs
ERROR WPSoundParser.cpp:178 audio file not found: sounds/Звуки природы - Шум дождя (www.hotplayer.ru).mp3
INFO audio Switch: loading 'sounds/aether-scotland-veela-valentine.mp3' (channels=2, sampleRate=48000)
INFO not found "/assets/sounds/aether-scotland-veela-valentine.mp3" in vfs
ERROR WPSoundParser.cpp:178 audio file not found: sounds/aether-scotland-veela-valentine.mp3
INFO audio Switch: loading 'sounds/Звуки природы - Шум дождя (www.hotplayer.ru).mp3' (channels=2, sampleRate=48000)
INFO not found "/assets/sounds/Звуки природы - Шум дождя (www.hotplayer.ru).mp3" in vfs
ERROR WPSoundParser.cpp:178 audio file not found: sounds/Звуки природы - Шум дождя (www.hotplayer.ru).mp3
INFO audio Switch: loading 'sounds/Veela and Irosa Rosali - Going Home (galamp3.com).mp3' (channels=2, sampleRate=48000)
INFO not found "/assets/sounds/Veela and Irosa Rosali - Going Home (galamp3.com).mp3" in vfs
ERROR WPSoundParser.cpp:178 audio file not found: sounds/Veela and Irosa Rosali - Going Home (galamp3.com).mp3
INFO audio Switch: loading 'sounds/Звуки природы - Шум дождя (www.hotplayer.ru).mp3' (channels=2, sampleRate=48000)
INFO not found "/assets/sounds/Звуки природы - Шум дождя (www.hotplayer.ru).mp3" in vfs
ERROR WPSoundParser.cpp:178 audio file not found: sounds/Звуки природы - Шум дождя (www.hotplayer.ru).mp3
INFO audio Switch: loading 'sounds/Veela and Irosa Rosali, Elsie - Closed (galamp3.com).mp3' (channels=2, sampleRate=48000)
INFO not found "/assets/sounds/Veela and Irosa Rosali, Elsie - Closed (galamp3.com).mp3" in vfs
ERROR WPSoundParser.cpp:178 audio file not found: sounds/Veela and Irosa Rosali, Elsie - Closed (galamp3.com).mp3
INFO audio Switch: loading 'sounds/Звуки природы - Шум дождя (www.hotplayer.ru).mp3' (channels=2, sampleRate=48000)
INFO not found "/assets/sounds/Звуки природы - Шум дождя (www.hotplayer.ru).mp3" in vfs
ERROR WPSoundParser.cpp:178 audio file not found: sounds/Звуки природы - Шум дождя (www.hotplayer.ru).mp3
INFO audio Switch: loading 'sounds/Veela and Kooma - Pointless (galamp3.com).mp3' (channels=2, sampleRate=48000)
INFO not found "/assets/sounds/Veela and Kooma - Pointless (galamp3.com).mp3" in vfs
ERROR WPSoundParser.cpp:178 audio file not found: sounds/Veela and Kooma - Pointless (galamp3.com).mp3
INFO audio Switch: loading 'sounds/Звуки природы - Шум дождя (www.hotplayer.ru).mp3' (channels=2, sampleRate=48000)
INFO not found "/assets/sounds/Звуки природы - Шум дождя (www.hotplayer.ru).mp3" in vfs
ERROR WPSoundParser.cpp:178 audio file not found: sounds/Звуки природы - Шум дождя (www.hotplayer.ru).mp3
INFO audio Switch: loading 'sounds/Veela and Kooma - Retrospect (galamp3.com).mp3' (channels=2, sampleRate=48000)
INFO not found "/assets/sounds/Veela and Kooma - Retrospect (galamp3.com).mp3" in vfs
ERROR WPSoundParser.cpp:178 audio file not found: sounds/Veela and Kooma - Retrospect (galamp3.com).mp3
INFO audio Switch: loading 'sounds/Звуки природы - Шум дождя (www.hotplayer.ru).mp3' (channels=2, sampleRate=48000)
INFO not found "/assets/sounds/Звуки природы - Шум дождя (www.hotplayer.ru).mp3" in vfs
ERROR WPSoundParser.cpp:178 audio file not found: sounds/Звуки природы - Шум дождя (www.hotplayer.ru).mp3
INFO audio Switch: loading 'sounds/Kooma & Veela - Oasis (256  kbps).mp3' (channels=2, sampleRate=48000)
INFO not found "/assets/sounds/Kooma & Veela - Oasis (256  kbps).mp3" in vfs
ERROR WPSoundParser.cpp:178 audio file not found: sounds/Kooma & Veela - Oasis (256  kbps).mp3
INFO audio Switch: loading 'sounds/Звуки природы - Шум дождя (www.hotplayer.ru).mp3' (channels=2, sampleRate=48000)
INFO not found "/assets/sounds/Звуки природы - Шум дождя (www.hotplayer.ru).mp3" in vfs
ERROR WPSoundParser.cpp:178 audio file not found: sounds/Звуки природы - Шум дождя (www.hotplayer.ru).mp3
INFO audio Switch: loading 'sounds/aether-scotland-veela-valentine.mp3' (channels=2, sampleRate=48000)
INFO not found "/assets/sounds/aether-scotland-veela-valentine.mp3" in vfs
ERROR WPSoundParser.cpp:178 audio file not found: sounds/aether-scotland-veela-valentine.mp3
INFO audio Switch: loading 'sounds/Звуки природы - Шум дождя (www.hotplayer.ru).mp3' (channels=2, sampleRate=48000)
INFO not found "/assets/sounds/Звуки природы - Шум дождя (www.hotplayer.ru).mp3" in vfs
ERROR WPSoundParser.cpp:178 audio file not found: sounds/Звуки природы - Шум дождя (www.hotplayer.ru).mp3
INFO audio Switch: loading 'sounds/Veela and Irosa Rosali - Going Home (galamp3.com).mp3' (channels=2, sampleRate=48000)
INFO not found "/assets/sounds/Veela and Irosa Rosali - Going Home (galamp3.com).mp3" in vfs
ERROR WPSoundParser.cpp:178 audio file not found: sounds/Veela and Irosa Rosali - Going Home (galamp3.com).mp3
INFO audio Switch: loading 'sounds/Звуки природы - Шум дождя (www.hotplayer.ru).mp3' (channels=2, sampleRate=48000)
INFO not found "/assets/sounds/Звуки природы - Шум дождя (www.hotplayer.ru).mp3" in vfs
ERROR WPSoundParser.cpp:178 audio file not found: sounds/Звуки природы - Шум дождя (www.hotplayer.ru).mp3
INFO audio Switch: loading 'sounds/Veela and Irosa Rosali, Elsie - Closed (galamp3.com).mp3' (channels=2, sampleRate=48000)
INFO not found "/assets/sounds/Veela and Irosa Rosali, Elsie - Closed (galamp3.com).mp3" in vfs
ERROR WPSoundParser.cpp:178 audio file not found: sounds/Veela and Irosa Rosali, Elsie - Closed (galamp3.com).mp3
INFO audio Switch: loading 'sounds/Звуки природы - Шум дождя (www.hotplayer.ru).mp3' (channels=2, sampleRate=48000)
INFO not found "/assets/sounds/Звуки природы - Шум дождя (www.hotplayer.ru).mp3" in vfs
ERROR WPSoundParser.cpp:178 audio file not found: sounds/Звуки природы - Шум дождя (www.hotplayer.ru).mp3
INFO audio Switch: loading 'sounds/Veela and Kooma - Pointless (galamp3.com).mp3' (channels=2, sampleRate=48000)
INFO not found "/assets/sounds/Veela and Kooma - Pointless (galamp3.com).mp3" in vfs
ERROR WPSoundParser.cpp:178 audio file not found: sounds/Veela and Kooma - Pointless (galamp3.com).mp3
INFO audio Switch: loading 'sounds/Звуки природы - Шум дождя (www.hotplayer.ru).mp3' (channels=2, sampleRate=48000)
INFO not found "/assets/sounds/Звуки природы - Шум дождя (www.hotplayer.ru).mp3" in vfs
ERROR WPSoundParser.cpp:178 audio file not found: sounds/Звуки природы - Шум дождя (www.hotplayer.ru).mp3
INFO audio Switch: loading 'sounds/Veela and Kooma - Retrospect (galamp3.com).mp3' (channels=2, sampleRate=48000)
INFO not found "/assets/sounds/Veela and Kooma - Retrospect (galamp3.com).mp3" in vfs
ERROR WPSoundParser.cpp:178 audio file not found: sounds/Veela and Kooma - Retrospect (galamp3.com).mp3
INFO audio Switch: loading 'sounds/Звуки природы - Шум дождя (www.hotplayer.ru).mp3' (channels=2, sampleRate=48000)
INFO not found "/assets/sounds/Звуки природы - Шум дождя (www.hotplayer.ru).mp3" in vfs
ERROR WPSoundParser.cpp:178 audio file not found: sounds/Звуки природы - Шум дождя (www.hotplayer.ru).mp3
INFO audio Switch: loading 'sounds/Kooma & Veela - Oasis (256  kbps).mp3' (channels=2, sampleRate=48000)
INFO not found "/assets/sounds/Kooma & Veela - Oasis (256  kbps).mp3" in vfs
ERROR WPSoundParser.cpp:178 audio file not found: sounds/Kooma & Veela - Oasis (256  kbps).mp3
INFO audio Switch: loading 'sounds/Звуки природы - Шум дождя (www.hotplayer.ru).mp3' (channels=2, sampleRate=48000)
INFO not found "/assets/sounds/Звуки природы - Шум дождя (www.hotplayer.ru).mp3" in vfs
ERROR WPSoundParser.cpp:178 audio file not found: sounds/Звуки природы - Шум дождя (www.hotplayer.ru).mp3
INFO audio Switch: loading 'sounds/aether-scotland-veela-valentine.mp3' (channels=2, sampleRate=48000)
INFO not found "/assets/sounds/aether-scotland-veela-valentine.mp3" in vfs
ERROR WPSoundParser.cpp:178 audio file not found: sounds/aether-scotland-veela-valentine.mp3
INFO audio Switch: loading 'sounds/Звуки природы - Шум дождя (www.hotplayer.ru).mp3' (channels=2, sampleRate=48000)
INFO not found "/assets/sounds/Звуки природы - Шум дождя (www.hotplayer.ru).mp3" in vfs
ERROR WPSoundParser.cpp:178 audio file not found: sounds/Звуки природы - Шум дождя (www.hotplayer.ru).mp3
INFO audio Switch: loading 'sounds/Veela and Irosa Rosali - Going Home (galamp3.com).mp3' (channels=2, sampleRate=48000)
INFO not found "/assets/sounds/Veela and Irosa Rosali - Going Home (galamp3.com).mp3" in vfs
ERROR WPSoundParser.cpp:178 audio file not found: sounds/Veela and Irosa Rosali - Going Home (galamp3.com).mp3
INFO audio Switch: loading 'sounds/Звуки природы - Шум дождя (www.hotplayer.ru).mp3' (channels=2, sampleRate=48000)
INFO not found "/assets/sounds/Звуки природы - Шум дождя (www.hotplayer.ru).mp3" in vfs
ERROR WPSoundParser.cpp:178 audio file not found: sounds/Звуки природы - Шум дождя (www.hotplayer.ru).mp3
INFO audio Switch: loading 'sounds/Veela and Irosa Rosali, Elsie - Closed (galamp3.com).mp3' (channels=2, sampleRate=48000)
INFO not found "/assets/sounds/Veela and Irosa Rosali, Elsie - Closed (galamp3.com).mp3" in vfs
ERROR WPSoundParser.cpp:178 audio file not found: sounds/Veela and Irosa Rosali, Elsie - Closed (galamp3.com).mp3
INFO audio Switch: loading 'sounds/Звуки природы - Шум дождя (www.hotplayer.ru).mp3' (channels=2, sampleRate=48000)
INFO not found "/assets/sounds/Звуки природы - Шум дождя (www.hotplayer.ru).mp3" in vfs
ERROR WPSoundParser.cpp:178 audio file not found: sounds/Звуки природы - Шум дождя (www.hotplayer.ru).mp3
INFO audio Switch: loading 'sounds/Veela and Kooma - Pointless (galamp3.com).mp3' (channels=2, sampleRate=48000)
INFO not found "/assets/sounds/Veela and Kooma - Pointless (galamp3.com).mp3" in vfs
ERROR WPSoundParser.cpp:178 audio file not found: sounds/Veela and Kooma - Pointless (galamp3.com).mp3
INFO audio Switch: loading 'sounds/Звуки природы - Шум дождя (www.hotplayer.ru).mp3' (channels=2, sampleRate=48000)
INFO not found "/assets/sounds/Звуки природы - Шум дождя (www.hotplayer.ru).mp3" in vfs
ERROR WPSoundParser.cpp:178 audio file not found: sounds/Звуки природы - Шум дождя (www.hotplayer.ru).mp3
INFO audio Switch: loading 'sounds/Veela and Kooma - Retrospect (galamp3.com).mp3' (channels=2, sampleRate=48000)
INFO not found "/assets/sounds/Veela and Kooma - Retrospect (galamp3.com).mp3" in vfs
ERROR WPSoundParser.cpp:178 audio file not found: sounds/Veela and Kooma - Retrospect (galamp3.com).mp3
INFO audio Switch: loading 'sounds/Звуки природы - Шум дождя (www.hotplayer.ru).mp3' (channels=2, sampleRate=48000)
INFO not found "/assets/sounds/Звуки природы - Шум дождя (www.hotplayer.ru).mp3" in vfs
ERROR WPSoundParser.cpp:178 audio file not found: sounds/Звуки природы - Шум дождя (www.hotplayer.ru).mp3
INFO audio Switch: loading 'sounds/Kooma & Veela - Oasis (256  kbps).mp3' (channels=2, sampleRate=48000)
INFO not found "/assets/sounds/Kooma & Veela - Oasis (256  kbps).mp3" in vfs
ERROR WPSoundParser.cpp:178 audio file not found: sounds/Kooma & Veela - Oasis (256  kbps).mp3
INFO audio Switch: loading 'sounds/Звуки природы - Шум дождя (www.hotplayer.ru).mp3' (channels=2, sampleRate=48000)
INFO not found "/assets/sounds/Звуки природы - Шум дождя (www.hotplayer.ru).mp3" in vfs
ERROR WPSoundParser.cpp:178 audio file not found: sounds/Звуки природы - Шум дождя (www.hotplayer.ru).mp3
INFO audio Switch: loading 'sounds/aether-scotland-veela-valentine.mp3' (channels=2, sampleRate=48000)
INFO not found "/assets/sounds/aether-scotland-veela-valentine.mp3" in vfs
ERROR WPSoundParser.cpp:178 audio file not found: sounds/aether-scotland-veela-valentine.mp3
INFO audio Switch: loading 'sounds/Звуки природы - Шум дождя (www.hotplayer.ru).mp3' (channels=2, sampleRate=48000)
INFO not found "/assets/sounds/Звуки природы - Шум дождя (www.hotplayer.ru).mp3" in vfs
ERROR WPSoundParser.cpp:178 audio file not found: sounds/Звуки природы - Шум дождя (www.hotplayer.ru).mp3
INFO audio Switch: loading 'sounds/Veela and Irosa Rosali - Going Home (galamp3.com).mp3' (channels=2, sampleRate=48000)
INFO not found "/assets/sounds/Veela and Irosa Rosali - Going Home (galamp3.com).mp3" in vfs
ERROR WPSoundParser.cpp:178 audio file not found: sounds/Veela and Irosa Rosali - Going Home (galamp3.com).mp3
INFO audio Switch: loading 'sounds/Звуки природы - Шум дождя (www.hotplayer.ru).mp3' (channels=2, sampleRate=48000)
INFO not found "/assets/sounds/Звуки природы - Шум дождя (www.hotplayer.ru).mp3" in vfs
ERROR WPSoundParser.cpp:178 audio file not found: sounds/Звуки природы - Шум дождя (www.hotplayer.ru).mp3
INFO audio Switch: loading 'sounds/Veela and Irosa Rosali, Elsie - Closed (galamp3.com).mp3' (channels=2, sampleRate=48000)
INFO not found "/assets/sounds/Veela and Irosa Rosali, Elsie - Closed (galamp3.com).mp3" in vfs
ERROR WPSoundParser.cpp:178 audio file not found: sounds/Veela and Irosa Rosali, Elsie - Closed (galamp3.com).mp3
INFO audio Switch: loading 'sounds/Звуки природы - Шум дождя (www.hotplayer.ru).mp3' (channels=2, sampleRate=48000)
INFO not found "/assets/sounds/Звуки природы - Шум дождя (www.hotplayer.ru).mp3" in vfs
ERROR WPSoundParser.cpp:178 audio file not found: sounds/Звуки природы - Шум дождя (www.hotplayer.ru).mp3
INFO audio Switch: loading 'sounds/Veela and Kooma - Pointless (galamp3.com).mp3' (channels=2, sampleRate=48000)
INFO not found "/assets/sounds/Veela and Kooma - Pointless (galamp3.com).mp3" in vfs
ERROR WPSoundParser.cpp:178 audio file not found: sounds/Veela and Kooma - Pointless (galamp3.com).mp3
INFO audio Switch: loading 'sounds/Звуки природы - Шум дождя (www.hotplayer.ru).mp3' (channels=2, sampleRate=48000)
INFO not found "/assets/sounds/Звуки природы - Шум дождя (www.hotplayer.ru).mp3" in vfs
ERROR WPSoundParser.cpp:178 audio file not found: sounds/Звуки природы - Шум дождя (www.hotplayer.ru).mp3
INFO audio Switch: loading 'sounds/Veela and Kooma - Retrospect (galamp3.com).mp3' (channels=2, sampleRate=48000)
INFO not found "/assets/sounds/Veela and Kooma - Retrospect (galamp3.com).mp3" in vfs
ERROR WPSoundParser.cpp:178 audio file not found: sounds/Veela and Kooma - Retrospect (galamp3.com).mp3
INFO audio Switch: loading 'sounds/Звуки природы - Шум дождя (www.hotplayer.ru).mp3' (channels=2, sampleRate=48000)
INFO not found "/assets/sounds/Звуки природы - Шум дождя (www.hotplayer.ru).mp3" in vfs
ERROR WPSoundParser.cpp:178 audio file not found: sounds/Звуки природы - Шум дождя (www.hotplayer.ru).mp3
INFO audio Switch: loading 'sounds/Kooma & Veela - Oasis (256  kbps).mp3' (channels=2, sampleRate=48000)
INFO not found "/assets/sounds/Kooma & Veela - Oasis (256  kbps).mp3" in vfs
ERROR WPSoundParser.cpp:178 audio file not found: sounds/Kooma & Veela - Oasis (256  kbps).mp3
INFO audio Switch: loading 'sounds/Звуки природы - Шум дождя (www.hotplayer.ru).mp3' (channels=2, sampleRate=48000)
INFO not found "/assets/sounds/Звуки природы - Шум дождя (www.hotplayer.ru).mp3" in vfs
ERROR WPSoundParser.cpp:178 audio file not found: sounds/Звуки природы - Шум дождя (www.hotplayer.ru).mp3
INFO audio Switch: loading 'sounds/aether-scotland-veela-valentine.mp3' (channels=2, sampleRate=48000)
INFO not found "/assets/sounds/aether-scotland-veela-valentine.mp3" in vfs
ERROR WPSoundParser.cpp:178 audio file not found: sounds/aether-scotland-veela-valentine.mp3
INFO audio Switch: loading 'sounds/Звуки природы - Шум дождя (www.hotplayer.ru).mp3' (channels=2, sampleRate=48000)
INFO not found "/assets/sounds/Звуки природы - Шум дождя (www.hotplayer.ru).mp3" in vfs
ERROR WPSoundParser.cpp:178 audio file not found: sounds/Звуки природы - Шум дождя (www.hotplayer.ru).mp3
INFO audio Switch: loading 'sounds/Veela and Irosa Rosali - Going Home (galamp3.com).mp3' (channels=2, sampleRate=48000)
INFO not found "/assets/sounds/Veela and Irosa Rosali - Going Home (galamp3.com).mp3" in vfs
ERROR WPSoundParser.cpp:178 audio file not found: sounds/Veela and Irosa Rosali - Going Home (galamp3.com).mp3
INFO audio Switch: loading 'sounds/Звуки природы - Шум дождя (www.hotplayer.ru).mp3' (channels=2, sampleRate=48000)
INFO not found "/assets/sounds/Звуки природы - Шум дождя (www.hotplayer.ru).mp3" in vfs
ERROR WPSoundParser.cpp:178 audio file not found: sounds/Звуки природы - Шум дождя (www.hotplayer.ru).mp3
INFO audio Switch: loading 'sounds/Veela and Irosa Rosali, Elsie - Closed (galamp3.com).mp3' (channels=2, sampleRate=48000)
INFO not found "/assets/sounds/Veela and Irosa Rosali, Elsie - Closed (galamp3.com).mp3" in vfs
ERROR WPSoundParser.cpp:178 audio file not found: sounds/Veela and Irosa Rosali, Elsie - Closed (galamp3.com).mp3
INFO audio Switch: loading 'sounds/Звуки природы - Шум дождя (www.hotplayer.ru).mp3' (channels=2, sampleRate=48000)
INFO not found "/assets/sounds/Звуки природы - Шум дождя (www.hotplayer.ru).mp3" in vfs
ERROR WPSoundParser.cpp:178 audio file not found: sounds/Звуки природы - Шум дождя (www.hotplayer.ru).mp3
INFO audio Switch: loading 'sounds/Veela and Kooma - Pointless (galamp3.com).mp3' (channels=2, sampleRate=48000)
INFO not found "/assets/sounds/Veela and Kooma - Pointless (galamp3.com).mp3" in vfs
ERROR WPSoundParser.cpp:178 audio file not found: sounds/Veela and Kooma - Pointless (galamp3.com).mp3
INFO audio Switch: loading 'sounds/Звуки природы - Шум дождя (www.hotplayer.ru).mp3' (channels=2, sampleRate=48000)
INFO not found "/assets/sounds/Звуки природы - Шум дождя (www.hotplayer.ru).mp3" in vfs
ERROR WPSoundParser.cpp:178 audio file not found: sounds/Звуки природы - Шум дождя (www.hotplayer.ru).mp3
INFO audio Switch: loading 'sounds/Veela and Kooma - Retrospect (galamp3.com).mp3' (channels=2, sampleRate=48000)
INFO not found "/assets/sounds/Veela and Kooma - Retrospect (galamp3.com).mp3" in vfs
ERROR WPSoundParser.cpp:178 audio file not found: sounds/Veela and Kooma - Retrospect (galamp3.com).mp3
INFO audio Switch: loading 'sounds/Звуки природы - Шум дождя (www.hotplayer.ru).mp3' (channels=2, sampleRate=48000)
INFO not found "/assets/sounds/Звуки природы - Шум дождя (www.hotplayer.ru).mp3" in vfs
ERROR WPSoundParser.cpp:178 audio file not found: sounds/Звуки природы - Шум дождя (www.hotplayer.ru).mp3
INFO audio Switch: loading 'sounds/Kooma & Veela - Oasis (256  kbps).mp3' (channels=2, sampleRate=48000)
INFO not found "/assets/sounds/Kooma & Veela - Oasis (256  kbps).mp3" in vfs
ERROR WPSoundParser.cpp:178 audio file not found: sounds/Kooma & Veela - Oasis (256  kbps).mp3
INFO audio Switch: loading 'sounds/Звуки природы - Шум дождя (www.hotplayer.ru).mp3' (channels=2, sampleRate=48000)
INFO not found "/assets/sounds/Звуки природы - Шум дождя (www.hotplayer.ru).mp3" in vfs
ERROR WPSoundParser.cpp:178 audio file not found: sounds/Звуки природы - Шум дождя (www.hotplayer.ru).mp3
INFO audio Switch: loading 'sounds/aether-scotland-veela-valentine.mp3' (channels=2, sampleRate=48000)
INFO not found "/assets/sounds/aether-scotland-veela-valentine.mp3" in vfs
ERROR WPSoundParser.cpp:178 audio file not found: sounds/aether-scotland-veela-valentine.mp3
INFO audio Switch: loading 'sounds/Звуки природы - Шум дождя (www.hotplayer.ru).mp3' (channels=2, sampleRate=48000)
INFO not found "/assets/sounds/Звуки природы - Шум дождя (www.hotplayer.ru).mp3" in vfs
ERROR WPSoundParser.cpp:178 audio file not found: sounds/Звуки природы - Шум дождя (www.hotplayer.ru).mp3
INFO audio Switch: loading 'sounds/Veela and Irosa Rosali - Going Home (galamp3.com).mp3' (channels=2, sampleRate=48000)
INFO not found "/assets/sounds/Veela and Irosa Rosali - Going Home (galamp3.com).mp3" in vfs
ERROR WPSoundParser.cpp:178 audio file not found: sounds/Veela and Irosa Rosali - Going Home (galamp3.com).mp3
INFO audio Switch: loading 'sounds/Звуки природы - Шум дождя (www.hotplayer.ru).mp3' (channels=2, sampleRate=48000)
INFO not found "/assets/sounds/Звуки природы - Шум дождя (www.hotplayer.ru).mp3" in vfs
ERROR WPSoundParser.cpp:178 audio file not found: sounds/Звуки природы - Шум дождя (www.hotplayer.ru).mp3
INFO audio Switch: loading 'sounds/Veela and Irosa Rosali, Elsie - Closed (galamp3.com).mp3' (channels=2, sampleRate=48000)
INFO not found "/assets/sounds/Veela and Irosa Rosali, Elsie - Closed (galamp3.com).mp3" in vfs
ERROR WPSoundParser.cpp:178 audio file not found: sounds/Veela and Irosa Rosali, Elsie - Closed (galamp3.com).mp3
INFO audio Switch: loading 'sounds/Звуки природы - Шум дождя (www.hotplayer.ru).mp3' (channels=2, sampleRate=48000)
INFO not found "/assets/sounds/Звуки природы - Шум дождя (www.hotplayer.ru).mp3" in vfs
ERROR WPSoundParser.cpp:178 audio file not found: sounds/Звуки природы - Шум дождя (www.hotplayer.ru).mp3
INFO audio Switch: loading 'sounds/Veela and Kooma - Pointless (galamp3.com).mp3' (channels=2, sampleRate=48000)
INFO not found "/assets/sounds/Veela and Kooma - Pointless (galamp3.com).mp3" in vfs
ERROR WPSoundParser.cpp:178 audio file not found: sounds/Veela and Kooma - Pointless (galamp3.com).mp3
INFO audio Switch: loading 'sounds/Звуки природы - Шум дождя (www.hotplayer.ru).mp3' (channels=2, sampleRate=48000)
INFO not found "/assets/sounds/Звуки природы - Шум дождя (www.hotplayer.ru).mp3" in vfs
ERROR WPSoundParser.cpp:178 audio file not found: sounds/Звуки природы - Шум дождя (www.hotplayer.ru).mp3
INFO audio Switch: loading 'sounds/Veela and Kooma - Retrospect (galamp3.com).mp3' (channels=2, sampleRate=48000)
INFO not found "/assets/sounds/Veela and Kooma - Retrospect (galamp3.com).mp3" in vfs
ERROR WPSoundParser.cpp:178 audio file not found: sounds/Veela and Kooma - Retrospect (galamp3.com).mp3
INFO audio Switch: loading 'sounds/Звуки природы - Шум дождя (www.hotplayer.ru).mp3' (channels=2, sampleRate=48000)
INFO not found "/assets/sounds/Звуки природы - Шум дождя (www.hotplayer.ru).mp3" in vfs
ERROR WPSoundParser.cpp:178 audio file not found: sounds/Звуки природы - Шум дождя (www.hotplayer.ru).mp3
INFO audio Switch: loading 'sounds/Kooma & Veela - Oasis (256  kbps).mp3' (channels=2, sampleRate=48000)
INFO not found "/assets/sounds/Kooma & Veela - Oasis (256  kbps).mp3" in vfs
ERROR WPSoundParser.cpp:178 audio file not found: sounds/Kooma & Veela - Oasis (256  kbps).mp3
INFO audio Switch: loading 'sounds/Звуки природы - Шум дождя (www.hotplayer.ru).mp3' (channels=2, sampleRate=48000)
INFO not found "/assets/sounds/Звуки природы - Шум дождя (www.hotplayer.ru).mp3" in vfs
ERROR WPSoundParser.cpp:178 audio file not found: sounds/Звуки природы - Шум дождя (www.hotplayer.ru).mp3
INFO audio Switch: loading 'sounds/aether-scotland-veela-valentine.mp3' (channels=2, sampleRate=48000)
INFO not found "/assets/sounds/aether-scotland-veela-valentine.mp3" in vfs
ERROR WPSoundParser.cpp:178 audio file not found: sounds/aether-scotland-veela-valentine.mp3
INFO audio Switch: loading 'sounds/Звуки природы - Шум дождя (www.hotplayer.ru).mp3' (channels=2, sampleRate=48000)
INFO not found "/assets/sounds/Звуки природы - Шум дождя (www.hotplayer.ru).mp3" in vfs
ERROR WPSoundParser.cpp:178 audio file not found: sounds/Звуки природы - Шум дождя (www.hotplayer.ru).mp3
INFO audio Switch: loading 'sounds/Veela and Irosa Rosali - Going Home (galamp3.com).mp3' (channels=2, sampleRate=48000)
INFO not found "/assets/sounds/Veela and Irosa Rosali - Going Home (galamp3.com).mp3" in vfs
ERROR WPSoundParser.cpp:178 audio file not found: sounds/Veela and Irosa Rosali - Going Home (galamp3.com).mp3
INFO audio Switch: loading 'sounds/Звуки природы - Шум дождя (www.hotplayer.ru).mp3' (channels=2, sampleRate=48000)
INFO not found "/assets/sounds/Звуки природы - Шум дождя (www.hotplayer.ru).mp3" in vfs
ERROR WPSoundParser.cpp:178 audio file not found: sounds/Звуки природы - Шум дождя (www.hotplayer.ru).mp3
INFO audio Switch: loading 'sounds/Veela and Irosa Rosali, Elsie - Closed (galamp3.com).mp3' (channels=2, sampleRate=48000)
INFO not found "/assets/sounds/Veela and Irosa Rosali, Elsie - Closed (galamp3.com).mp3" in vfs
ERROR WPSoundParser.cpp:178 audio file not found: sounds/Veela and Irosa Rosali, Elsie - Closed (galamp3.com).mp3
INFO audio Switch: loading 'sounds/Звуки природы - Шум дождя (www.hotplayer.ru).mp3' (channels=2, sampleRate=48000)
INFO not found "/assets/sounds/Звуки природы - Шум дождя (www.hotplayer.ru).mp3" in vfs
ERROR WPSoundParser.cpp:178 audio file not found: sounds/Звуки природы - Шум дождя (www.hotplayer.ru).mp3
INFO audio Switch: loading 'sounds/Veela and Kooma - Pointless (galamp3.com).mp3' (channels=2, sampleRate=48000)
INFO not found "/assets/sounds/Veela and Kooma - Pointless (galamp3.com).mp3" in vfs
ERROR WPSoundParser.cpp:178 audio file not found: sounds/Veela and Kooma - Pointless (galamp3.com).mp3
INFO audio Switch: loading 'sounds/Звуки природы - Шум дождя (www.hotplayer.ru).mp3' (channels=2, sampleRate=48000)
INFO not found "/assets/sounds/Звуки природы - Шум дождя (www.hotplayer.ru).mp3" in vfs
ERROR WPSoundParser.cpp:178 audio file not found: sounds/Звуки природы - Шум дождя (www.hotplayer.ru).mp3
INFO audio Switch: loading 'sounds/Veela and Kooma - Retrospect (galamp3.com).mp3' (channels=2, sampleRate=48000)
INFO not found "/assets/sounds/Veela and Kooma - Retrospect (galamp3.com).mp3" in vfs
ERROR WPSoundParser.cpp:178 audio file not found: sounds/Veela and Kooma - Retrospect (galamp3.com).mp3
INFO audio Switch: loading 'sounds/Звуки природы - Шум дождя (www.hotplayer.ru).mp3' (channels=2, sampleRate=48000)
INFO not found "/assets/sounds/Звуки природы - Шум дождя (www.hotplayer.ru).mp3" in vfs
ERROR WPSoundParser.cpp:178 audio file not found: sounds/Звуки природы - Шум дождя (www.hotplayer.ru).mp3
INFO audio Switch: loading 'sounds/Kooma & Veela - Oasis (256  kbps).mp3' (channels=2, sampleRate=48000)
INFO not found "/assets/sounds/Kooma & Veela - Oasis (256  kbps).mp3" in vfs
ERROR WPSoundParser.cpp:178 audio file not found: sounds/Kooma & Veela - Oasis (256  kbps).mp3
INFO audio Switch: loading 'sounds/Звуки природы - Шум дождя (www.hotplayer.ru).mp3' (channels=2, sampleRate=48000)
INFO not found "/assets/sounds/Звуки природы - Шум дождя (www.hotplayer.ru).mp3" in vfs
ERROR WPSoundParser.cpp:178 audio file not found: sounds/Звуки природы - Шум дождя (www.hotplayer.ru).mp3
INFO audio Switch: loading 'sounds/aether-scotland-veela-valentine.mp3' (channels=2, sampleRate=48000)
INFO not found "/assets/sounds/aether-scotland-veela-valentine.mp3" in vfs
ERROR WPSoundParser.cpp:178 audio file not found: sounds/aether-scotland-veela-valentine.mp3
INFO audio Switch: loading 'sounds/Звуки природы - Шум дождя (www.hotplayer.ru).mp3' (channels=2, sampleRate=48000)
INFO not found "/assets/sounds/Звуки природы - Шум дождя (www.hotplayer.ru).mp3" in vfs
ERROR WPSoundParser.cpp:178 audio file not found: sounds/Звуки природы - Шум дождя (www.hotplayer.ru).mp3
INFO audio Switch: loading 'sounds/Veela and Irosa Rosali - Going Home (galamp3.com).mp3' (channels=2, sampleRate=48000)
INFO not found "/assets/sounds/Veela and Irosa Rosali - Going Home (galamp3.com).mp3" in vfs
ERROR WPSoundParser.cpp:178 audio file not found: sounds/Veela and Irosa Rosali - Going Home (galamp3.com).mp3
INFO audio Switch: loading 'sounds/Звуки природы - Шум дождя (www.hotplayer.ru).mp3' (channels=2, sampleRate=48000)
INFO not found "/assets/sounds/Звуки природы - Шум дождя (www.hotplayer.ru).mp3" in vfs
ERROR WPSoundParser.cpp:178 audio file not found: sounds/Звуки природы - Шум дождя (www.hotplayer.ru).mp3
INFO audio Switch: loading 'sounds/Veela and Irosa Rosali, Elsie - Closed (galamp3.com).mp3' (channels=2, sampleRate=48000)
INFO not found "/assets/sounds/Veela and Irosa Rosali, Elsie - Closed (galamp3.com).mp3" in vfs
ERROR WPSoundParser.cpp:178 audio file not found: sounds/Veela and Irosa Rosali, Elsie - Closed (galamp3.com).mp3
INFO audio Switch: loading 'sounds/Звуки природы - Шум дождя (www.hotplayer.ru).mp3' (channels=2, sampleRate=48000)
INFO not found "/assets/sounds/Звуки природы - Шум дождя (www.hotplayer.ru).mp3" in vfs
ERROR WPSoundParser.cpp:178 audio file not found: sounds/Звуки природы - Шум дождя (www.hotplayer.ru).mp3
INFO audio Switch: loading 'sounds/Veela and Kooma - Pointless (galamp3.com).mp3' (channels=2, sampleRate=48000)
INFO not found "/assets/sounds/Veela and Kooma - Pointless (galamp3.com).mp3" in vfs
ERROR WPSoundParser.cpp:178 audio file not found: sounds/Veela and Kooma - Pointless (galamp3.com).mp3
INFO audio Switch: loading 'sounds/Звуки природы - Шум дождя (www.hotplayer.ru).mp3' (channels=2, sampleRate=48000)
INFO not found "/assets/sounds/Звуки природы - Шум дождя (www.hotplayer.ru).mp3" in vfs
ERROR WPSoundParser.cpp:178 audio file not found: sounds/Звуки природы - Шум дождя (www.hotplayer.ru).mp3
INFO audio Switch: loading 'sounds/Veela and Kooma - Retrospect (galamp3.com).mp3' (channels=2, sampleRate=48000)
INFO not found "/assets/sounds/Veela and Kooma - Retrospect (galamp3.com).mp3" in vfs
ERROR WPSoundParser.cpp:178 audio file not found: sounds/Veela and Kooma - Retrospect (galamp3.com).mp3
INFO audio Switch: loading 'sounds/Звуки природы - Шум дождя (www.hotplayer.ru).mp3' (channels=2, sampleRate=48000)
INFO not found "/assets/sounds/Звуки природы - Шум дождя (www.hotplayer.ru).mp3" in vfs
ERROR WPSoundParser.cpp:178 audio file not found: sounds/Звуки природы - Шум дождя (www.hotplayer.ru).mp3
INFO audio Switch: loading 'sounds/Kooma & Veela - Oasis (256  kbps).mp3' (channels=2, sampleRate=48000)
INFO not found "/assets/sounds/Kooma & Veela - Oasis (256  kbps).mp3" in vfs
ERROR WPSoundParser.cpp:178 audio file not found: sounds/Kooma & Veela - Oasis (256  kbps).mp3
INFO audio Switch: loading 'sounds/Звуки природы - Шум дождя (www.hotplayer.ru).mp3' (channels=2, sampleRate=48000)
INFO not found "/assets/sounds/Звуки природы - Шум дождя (www.hotplayer.ru).mp3" in vfs
ERROR WPSoundParser.cpp:178 audio file not found: sounds/Звуки природы - Шум дождя (www.hotplayer.ru).mp3
INFO audio Switch: loading 'sounds/aether-scotland-veela-valentine.mp3' (channels=2, sampleRate=48000)
INFO not found "/assets/sounds/aether-scotland-veela-valentine.mp3" in vfs
ERROR WPSoundParser.cpp:178 audio file not found: sounds/aether-scotland-veela-valentine.mp3
INFO audio Switch: loading 'sounds/Звуки природы - Шум дождя (www.hotplayer.ru).mp3' (channels=2, sampleRate=48000)
INFO not found "/assets/sounds/Звуки природы - Шум дождя (www.hotplayer.ru).mp3" in vfs
ERROR WPSoundParser.cpp:178 audio file not found: sounds/Звуки природы - Шум дождя (www.hotplayer.ru).mp3
INFO audio Switch: loading 'sounds/Veela and Irosa Rosali - Going Home (galamp3.com).mp3' (channels=2, sampleRate=48000)
INFO not found "/assets/sounds/Veela and Irosa Rosali - Going Home (galamp3.com).mp3" in vfs
ERROR WPSoundParser.cpp:178 audio file not found: sounds/Veela and Irosa Rosali - Going Home (galamp3.com).mp3
INFO audio Switch: loading 'sounds/Звуки природы - Шум дождя (www.hotplayer.ru).mp3' (channels=2, sampleRate=48000)
INFO not found "/assets/sounds/Звуки природы - Шум дождя (www.hotplayer.ru).mp3" in vfs
ERROR WPSoundParser.cpp:178 audio file not found: sounds/Звуки природы - Шум дождя (www.hotplayer.ru).mp3
INFO audio Switch: loading 'sounds/Veela and Irosa Rosali, Elsie - Closed (galamp3.com).mp3' (channels=2, sampleRate=48000)
INFO not found "/assets/sounds/Veela and Irosa Rosali, Elsie - Closed (galamp3.com).mp3" in vfs
ERROR WPSoundParser.cpp:178 audio file not found: sounds/Veela and Irosa Rosali, Elsie - Closed (galamp3.com).mp3
INFO audio Switch: loading 'sounds/Звуки природы - Шум дождя (www.hotplayer.ru).mp3' (channels=2, sampleRate=48000)
INFO not found "/assets/sounds/Звуки природы - Шум дождя (www.hotplayer.ru).mp3" in vfs
ERROR WPSoundParser.cpp:178 audio file not found: sounds/Звуки природы - Шум дождя (www.hotplayer.ru).mp3
INFO audio Switch: loading 'sounds/Veela and Kooma - Pointless (galamp3.com).mp3' (channels=2, sampleRate=48000)
INFO not found "/assets/sounds/Veela and Kooma - Pointless (galamp3.com).mp3" in vfs
ERROR WPSoundParser.cpp:178 audio file not found: sounds/Veela and Kooma - Pointless (galamp3.com).mp3
INFO audio Switch: loading 'sounds/Звуки природы - Шум дождя (www.hotplayer.ru).mp3' (channels=2, sampleRate=48000)
INFO not found "/assets/sounds/Звуки природы - Шум дождя (www.hotplayer.ru).mp3" in vfs
ERROR WPSoundParser.cpp:178 audio file not found: sounds/Звуки природы - Шум дождя (www.hotplayer.ru).mp3
INFO audio Switch: loading 'sounds/Veela and Kooma - Retrospect (galamp3.com).mp3' (channels=2, sampleRate=48000)
INFO not found "/assets/sounds/Veela and Kooma - Retrospect (galamp3.com).mp3" in vfs
ERROR WPSoundParser.cpp:178 audio file not found: sounds/Veela and Kooma - Retrospect (galamp3.com).mp3
INFO audio Switch: loading 'sounds/Звуки природы - Шум дождя (www.hotplayer.ru).mp3' (channels=2, sampleRate=48000)
INFO not found "/assets/sounds/Звуки природы - Шум дождя (www.hotplayer.ru).mp3" in vfs
ERROR WPSoundParser.cpp:178 audio file not found: sounds/Звуки природы - Шум дождя (www.hotplayer.ru).mp3
INFO audio Switch: loading 'sounds/Kooma & Veela - Oasis (256  kbps).mp3' (channels=2, sampleRate=48000)
INFO not found "/assets/sounds/Kooma & Veela - Oasis (256  kbps).mp3" in vfs
ERROR WPSoundParser.cpp:178 audio file not found: sounds/Kooma & Veela - Oasis (256  kbps).mp3
INFO audio Switch: loading 'sounds/Звуки природы - Шум дождя (www.hotplayer.ru).mp3' (channels=2, sampleRate=48000)
INFO not found "/assets/sounds/Звуки природы - Шум дождя (www.hotplayer.ru).mp3" in vfs
ERROR WPSoundParser.cpp:178 audio file not found: sounds/Звуки природы - Шум дождя (www.hotplayer.ru).mp3
INFO audio Switch: loading 'sounds/aether-scotland-veela-valentine.mp3' (channels=2, sampleRate=48000)
INFO not found "/assets/sounds/aether-scotland-veela-valentine.mp3" in vfs
ERROR WPSoundParser.cpp:178 audio file not found: sounds/aether-scotland-veela-valentine.mp3
INFO audio Switch: loading 'sounds/Звуки природы - Шум дождя (www.hotplayer.ru).mp3' (channels=2, sampleRate=48000)
INFO not found "/assets/sounds/Звуки природы - Шум дождя (www.hotplayer.ru).mp3" in vfs
ERROR WPSoundParser.cpp:178 audio file not found: sounds/Звуки природы - Шум дождя (www.hotplayer.ru).mp3
INFO audio Switch: loading 'sounds/Veela and Irosa Rosali - Going Home (galamp3.com).mp3' (channels=2, sampleRate=48000)
INFO not found "/assets/sounds/Veela and Irosa Rosali - Going Home (galamp3.com).mp3" in vfs
ERROR WPSoundParser.cpp:178 audio file not found: sounds/Veela and Irosa Rosali - Going Home (galamp3.com).mp3
INFO audio Switch: loading 'sounds/Звуки природы - Шум дождя (www.hotplayer.ru).mp3' (channels=2, sampleRate=48000)
INFO not found "/assets/sounds/Звуки природы - Шум дождя (www.hotplayer.ru).mp3" in vfs
ERROR WPSoundParser.cpp:178 audio file not found: sounds/Звуки природы - Шум дождя (www.hotplayer.ru).mp3
INFO audio Switch: loading 'sounds/Veela and Irosa Rosali, Elsie - Closed (galamp3.com).mp3' (channels=2, sampleRate=48000)
INFO not found "/assets/sounds/Veela and Irosa Rosali, Elsie - Closed (galamp3.com).mp3" in vfs
ERROR WPSoundParser.cpp:178 audio file not found: sounds/Veela and Irosa Rosali, Elsie - Closed (galamp3.com).mp3
INFO audio Switch: loading 'sounds/Звуки природы - Шум дождя (www.hotplayer.ru).mp3' (channels=2, sampleRate=48000)
INFO not found "/assets/sounds/Звуки природы - Шум дождя (www.hotplayer.ru).mp3" in vfs
ERROR WPSoundParser.cpp:178 audio file not found: sounds/Звуки природы - Шум дождя (www.hotplayer.ru).mp3
INFO audio Switch: loading 'sounds/Veela and Kooma - Pointless (galamp3.com).mp3' (channels=2, sampleRate=48000)
INFO not found "/assets/sounds/Veela and Kooma - Pointless (galamp3.com).mp3" in vfs
ERROR WPSoundParser.cpp:178 audio file not found: sounds/Veela and Kooma - Pointless (galamp3.com).mp3
INFO audio Switch: loading 'sounds/Звуки природы - Шум дождя (www.hotplayer.ru).mp3' (channels=2, sampleRate=48000)
INFO not found "/assets/sounds/Звуки природы - Шум дождя (www.hotplayer.ru).mp3" in vfs
ERROR WPSoundParser.cpp:178 audio file not found: sounds/Звуки природы - Шум дождя (www.hotplayer.ru).mp3
INFO audio Switch: loading 'sounds/Veela and Kooma - Retrospect (galamp3.com).mp3' (channels=2, sampleRate=48000)
INFO not found "/assets/sounds/Veela and Kooma - Retrospect (galamp3.com).mp3" in vfs
ERROR WPSoundParser.cpp:178 audio file not found: sounds/Veela and Kooma - Retrospect (galamp3.com).mp3
INFO audio Switch: loading 'sounds/Звуки природы - Шум дождя (www.hotplayer.ru).mp3' (channels=2, sampleRate=48000)
INFO not found "/assets/sounds/Звуки природы - Шум дождя (www.hotplayer.ru).mp3" in vfs
ERROR WPSoundParser.cpp:178 audio file not found: sounds/Звуки природы - Шум дождя (www.hotplayer.ru).mp3
INFO audio Switch: loading 'sounds/Kooma & Veela - Oasis (256  kbps).mp3' (channels=2, sampleRate=48000)
INFO not found "/assets/sounds/Kooma & Veela - Oasis (256  kbps).mp3" in vfs
ERROR WPSoundParser.cpp:178 audio file not found: sounds/Kooma & Veela - Oasis (256  kbps).mp3
INFO audio Switch: loading 'sounds/Звуки природы - Шум дождя (www.hotplayer.ru).mp3' (channels=2, sampleRate=48000)
INFO not found "/assets/sounds/Звуки природы - Шум дождя (www.hotplayer.ru).mp3" in vfs
ERROR WPSoundParser.cpp:178 audio file not found: sounds/Звуки природы - Шум дождя (www.hotplayer.ru).mp3
INFO audio Switch: loading 'sounds/aether-scotland-veela-valentine.mp3' (channels=2, sampleRate=48000)
INFO not found "/assets/sounds/aether-scotland-veela-valentine.mp3" in vfs
ERROR WPSoundParser.cpp:178 audio file not found: sounds/aether-scotland-veela-valentine.mp3
INFO audio Switch: loading 'sounds/Звуки природы - Шум дождя (www.hotplayer.ru).mp3' (channels=2, sampleRate=48000)
INFO not found "/assets/sounds/Звуки природы - Шум дождя (www.hotplayer.ru).mp3" in vfs
ERROR WPSoundParser.cpp:178 audio file not found: sounds/Звуки природы - Шум дождя (www.hotplayer.ru).mp3
INFO audio Switch: loading 'sounds/Veela and Irosa Rosali - Going Home (galamp3.com).mp3' (channels=2, sampleRate=48000)
INFO not found "/assets/sounds/Veela and Irosa Rosali - Going Home (galamp3.com).mp3" in vfs
ERROR WPSoundParser.cpp:178 audio file not found: sounds/Veela and Irosa Rosali - Going Home (galamp3.com).mp3
INFO audio Switch: loading 'sounds/Звуки природы - Шум дождя (www.hotplayer.ru).mp3' (channels=2, sampleRate=48000)
INFO not found "/assets/sounds/Звуки природы - Шум дождя (www.hotplayer.ru).mp3" in vfs
ERROR WPSoundParser.cpp:178 audio file not found: sounds/Звуки природы - Шум дождя (www.hotplayer.ru).mp3
INFO audio Switch: loading 'sounds/Veela and Irosa Rosali, Elsie - Closed (galamp3.com).mp3' (channels=2, sampleRate=48000)
INFO not found "/assets/sounds/Veela and Irosa Rosali, Elsie - Closed (galamp3.com).mp3" in vfs
ERROR WPSoundParser.cpp:178 audio file not found: sounds/Veela and Irosa Rosali, Elsie - Closed (galamp3.com).mp3
INFO audio Switch: loading 'sounds/Звуки природы - Шум дождя (www.hotplayer.ru).mp3' (channels=2, sampleRate=48000)
INFO not found "/assets/sounds/Звуки природы - Шум дождя (www.hotplayer.ru).mp3" in vfs
ERROR WPSoundParser.cpp:178 audio file not found: sounds/Звуки природы - Шум дождя (www.hotplayer.ru).mp3
INFO audio Switch: loading 'sounds/Veela and Kooma - Pointless (galamp3.com).mp3' (channels=2, sampleRate=48000)
INFO not found "/assets/sounds/Veela and Kooma - Pointless (galamp3.com).mp3" in vfs
ERROR WPSoundParser.cpp:178 audio file not found: sounds/Veela and Kooma - Pointless (galamp3.com).mp3
INFO audio Switch: loading 'sounds/Звуки природы - Шум дождя (www.hotplayer.ru).mp3' (channels=2, sampleRate=48000)
INFO not found "/assets/sounds/Звуки природы - Шум дождя (www.hotplayer.ru).mp3" in vfs
ERROR WPSoundParser.cpp:178 audio file not found: sounds/Звуки природы - Шум дождя (www.hotplayer.ru).mp3
INFO audio Switch: loading 'sounds/Veela and Kooma - Retrospect (galamp3.com).mp3' (channels=2, sampleRate=48000)
INFO not found "/assets/sounds/Veela and Kooma - Retrospect (galamp3.com).mp3" in vfs
ERROR WPSoundParser.cpp:178 audio file not found: sounds/Veela and Kooma - Retrospect (galamp3.com).mp3
INFO audio Switch: loading 'sounds/Звуки природы - Шум дождя (www.hotplayer.ru).mp3' (channels=2, sampleRate=48000)
INFO not found "/assets/sounds/Звуки природы - Шум дождя (www.hotplayer.ru).mp3" in vfs
ERROR WPSoundParser.cpp:178 audio file not found: sounds/Звуки природы - Шум дождя (www.hotplayer.ru).mp3
INFO audio Switch: loading 'sounds/Kooma & Veela - Oasis (256  kbps).mp3' (channels=2, sampleRate=48000)
INFO not found "/assets/sounds/Kooma & Veela - Oasis (256  kbps).mp3" in vfs
ERROR WPSoundParser.cpp:178 audio file not found: sounds/Kooma & Veela - Oasis (256  kbps).mp3
INFO audio Switch: loading 'sounds/Звуки природы - Шум дождя (www.hotplayer.ru).mp3' (channels=2, sampleRate=48000)
INFO not found "/assets/sounds/Звуки природы - Шум дождя (www.hotplayer.ru).mp3" in vfs
ERROR WPSoundParser.cpp:178 audio file not found: sounds/Звуки природы - Шум дождя (www.hotplayer.ru).mp3
INFO audio Switch: loading 'sounds/aether-scotland-veela-valentine.mp3' (channels=2, sampleRate=48000)
INFO not found "/assets/sounds/aether-scotland-veela-valentine.mp3" in vfs
ERROR WPSoundParser.cpp:178 audio file not found: sounds/aether-scotland-veela-valentine.mp3
INFO audio Switch: loading 'sounds/Звуки природы - Шум дождя (www.hotplayer.ru).mp3' (channels=2, sampleRate=48000)
INFO not found "/assets/sounds/Звуки природы - Шум дождя (www.hotplayer.ru).mp3" in vfs
ERROR WPSoundParser.cpp:178 audio file not found: sounds/Звуки природы - Шум дождя (www.hotplayer.ru).mp3
INFO audio Switch: loading 'sounds/Veela and Irosa Rosali - Going Home (galamp3.com).mp3' (channels=2, sampleRate=48000)
INFO not found "/assets/sounds/Veela and Irosa Rosali - Going Home (galamp3.com).mp3" in vfs
ERROR WPSoundParser.cpp:178 audio file not found: sounds/Veela and Irosa Rosali - Going Home (galamp3.com).mp3
INFO audio Switch: loading 'sounds/Звуки природы - Шум дождя (www.hotplayer.ru).mp3' (channels=2, sampleRate=48000)
INFO not found "/assets/sounds/Звуки природы - Шум дождя (www.hotplayer.ru).mp3" in vfs
ERROR WPSoundParser.cpp:178 audio file not found: sounds/Звуки природы - Шум дождя (www.hotplayer.ru).mp3
INFO audio Switch: loading 'sounds/Veela and Irosa Rosali, Elsie - Closed (galamp3.com).mp3' (channels=2, sampleRate=48000)
INFO not found "/assets/sounds/Veela and Irosa Rosali, Elsie - Closed (galamp3.com).mp3" in vfs
ERROR WPSoundParser.cpp:178 audio file not found: sounds/Veela and Irosa Rosali, Elsie - Closed (galamp3.com).mp3
INFO audio Switch: loading 'sounds/Звуки природы - Шум дождя (www.hotplayer.ru).mp3' (channels=2, sampleRate=48000)
INFO not found "/assets/sounds/Звуки природы - Шум дождя (www.hotplayer.ru).mp3" in vfs
ERROR WPSoundParser.cpp:178 audio file not found: sounds/Звуки природы - Шум дождя (www.hotplayer.ru).mp3
INFO audio Switch: loading 'sounds/Veela and Kooma - Pointless (galamp3.com).mp3' (channels=2, sampleRate=48000)
INFO not found "/assets/sounds/Veela and Kooma - Pointless (galamp3.com).mp3" in vfs
ERROR WPSoundParser.cpp:178 audio file not found: sounds/Veela and Kooma - Pointless (galamp3.com).mp3
INFO audio Switch: loading 'sounds/Звуки природы - Шум дождя (www.hotplayer.ru).mp3' (channels=2, sampleRate=48000)
INFO not found "/assets/sounds/Звуки природы - Шум дождя (www.hotplayer.ru).mp3" in vfs
ERROR WPSoundParser.cpp:178 audio file not found: sounds/Звуки природы - Шум дождя (www.hotplayer.ru).mp3
INFO audio Switch: loading 'sounds/Veela and Kooma - Retrospect (galamp3.com).mp3' (channels=2, sampleRate=48000)
INFO not found "/assets/sounds/Veela and Kooma - Retrospect (galamp3.com).mp3" in vfs
ERROR WPSoundParser.cpp:178 audio file not found: sounds/Veela and Kooma - Retrospect (galamp3.com).mp3
INFO audio Switch: loading 'sounds/Звуки природы - Шум дождя (www.hotplayer.ru).mp3' (channels=2, sampleRate=48000)
INFO not found "/assets/sounds/Звуки природы - Шум дождя (www.hotplayer.ru).mp3" in vfs
ERROR WPSoundParser.cpp:178 audio file not found: sounds/Звуки природы - Шум дождя (www.hotplayer.ru).mp3
INFO audio Switch: loading 'sounds/Kooma & Veela - Oasis (256  kbps).mp3' (channels=2, sampleRate=48000)
INFO not found "/assets/sounds/Kooma & Veela - Oasis (256  kbps).mp3" in vfs
ERROR WPSoundParser.cpp:178 audio file not found: sounds/Kooma & Veela - Oasis (256  kbps).mp3
INFO audio Switch: loading 'sounds/Звуки природы - Шум дождя (www.hotplayer.ru).mp3' (channels=2, sampleRate=48000)
INFO not found "/assets/sounds/Звуки природы - Шум дождя (www.hotplayer.ru).mp3" in vfs
ERROR WPSoundParser.cpp:178 audio file not found: sounds/Звуки природы - Шум дождя (www.hotplayer.ru).mp3
INFO audio Switch: loading 'sounds/aether-scotland-veela-valentine.mp3' (channels=2, sampleRate=48000)
INFO not found "/assets/sounds/aether-scotland-veela-valentine.mp3" in vfs
ERROR WPSoundParser.cpp:178 audio file not found: sounds/aether-scotland-veela-valentine.mp3
INFO audio Switch: loading 'sounds/Звуки природы - Шум дождя (www.hotplayer.ru).mp3' (channels=2, sampleRate=48000)
INFO not found "/assets/sounds/Звуки природы - Шум дождя (www.hotplayer.ru).mp3" in vfs
ERROR WPSoundParser.cpp:178 audio file not found: sounds/Звуки природы - Шум дождя (www.hotplayer.ru).mp3
INFO audio Switch: loading 'sounds/Veela and Irosa Rosali - Going Home (galamp3.com).mp3' (channels=2, sampleRate=48000)
INFO not found "/assets/sounds/Veela and Irosa Rosali - Going Home (galamp3.com).mp3" in vfs
ERROR WPSoundParser.cpp:178 audio file not found: sounds/Veela and Irosa Rosali - Going Home (galamp3.com).mp3
INFO audio Switch: loading 'sounds/Звуки природы - Шум дождя (www.hotplayer.ru).mp3' (channels=2, sampleRate=48000)
INFO not found "/assets/sounds/Звуки природы - Шум дождя (www.hotplayer.ru).mp3" in vfs
ERROR WPSoundParser.cpp:178 audio file not found: sounds/Звуки природы - Шум дождя (www.hotplayer.ru).mp3
INFO audio Switch: loading 'sounds/Veela and Irosa Rosali, Elsie - Closed (galamp3.com).mp3' (channels=2, sampleRate=48000)
INFO not found "/assets/sounds/Veela and Irosa Rosali, Elsie - Closed (galamp3.com).mp3" in vfs
ERROR WPSoundParser.cpp:178 audio file not found: sounds/Veela and Irosa Rosali, Elsie - Closed (galamp3.com).mp3
INFO audio Switch: loading 'sounds/Звуки природы - Шум дождя (www.hotplayer.ru).mp3' (channels=2, sampleRate=48000)
INFO not found "/assets/sounds/Звуки природы - Шум дождя (www.hotplayer.ru).mp3" in vfs
ERROR WPSoundParser.cpp:178 audio file not found: sounds/Звуки природы - Шум дождя (www.hotplayer.ru).mp3
INFO audio Switch: loading 'sounds/Veela and Kooma - Pointless (galamp3.com).mp3' (channels=2, sampleRate=48000)
INFO not found "/assets/sounds/Veela and Kooma - Pointless (galamp3.com).mp3" in vfs
ERROR WPSoundParser.cpp:178 audio file not found: sounds/Veela and Kooma - Pointless (galamp3.com).mp3
INFO audio Switch: loading 'sounds/Звуки природы - Шум дождя (www.hotplayer.ru).mp3' (channels=2, sampleRate=48000)
INFO not found "/assets/sounds/Звуки природы - Шум дождя (www.hotplayer.ru).mp3" in vfs
ERROR WPSoundParser.cpp:178 audio file not found: sounds/Звуки природы - Шум дождя (www.hotplayer.ru).mp3
INFO audio Switch: loading 'sounds/Veela and Kooma - Retrospect (galamp3.com).mp3' (channels=2, sampleRate=48000)
INFO not found "/assets/sounds/Veela and Kooma - Retrospect (galamp3.com).mp3" in vfs
ERROR WPSoundParser.cpp:178 audio file not found: sounds/Veela and Kooma - Retrospect (galamp3.com).mp3
INFO audio Switch: loading 'sounds/Звуки природы - Шум дождя (www.hotplayer.ru).mp3' (channels=2, sampleRate=48000)
INFO not found "/assets/sounds/Звуки природы - Шум дождя (www.hotplayer.ru).mp3" in vfs
ERROR WPSoundParser.cpp:178 audio file not found: sounds/Звуки природы - Шум дождя (www.hotplayer.ru).mp3
INFO audio Switch: loading 'sounds/Kooma & Veela - Oasis (256  kbps).mp3' (channels=2, sampleRate=48000)
INFO not found "/assets/sounds/Kooma & Veela - Oasis (256  kbps).mp3" in vfs
ERROR WPSoundParser.cpp:178 audio file not found: sounds/Kooma & Veela - Oasis (256  kbps).mp3
INFO audio Switch: loading 'sounds/Звуки природы - Шум дождя (www.hotplayer.ru).mp3' (channels=2, sampleRate=48000)
INFO not found "/assets/sounds/Звуки природы - Шум дождя (www.hotplayer.ru).mp3" in vfs
ERROR WPSoundParser.cpp:178 audio file not found: sounds/Звуки природы - Шум дождя (www.hotplayer.ru).mp3
INFO audio Switch: loading 'sounds/aether-scotland-veela-valentine.mp3' (channels=2, sampleRate=48000)
INFO not found "/assets/sounds/aether-scotland-veela-valentine.mp3" in vfs
ERROR WPSoundParser.cpp:178 audio file not found: sounds/aether-scotland-veela-valentine.mp3
INFO audio Switch: loading 'sounds/Звуки природы - Шум дождя (www.hotplayer.ru).mp3' (channels=2, sampleRate=48000)
INFO not found "/assets/sounds/Звуки природы - Шум дождя (www.hotplayer.ru).mp3" in vfs
ERROR WPSoundParser.cpp:178 audio file not found: sounds/Звуки природы - Шум дождя (www.hotplayer.ru).mp3
INFO audio Switch: loading 'sounds/Veela and Irosa Rosali - Going Home (galamp3.com).mp3' (channels=2, sampleRate=48000)
INFO not found "/assets/sounds/Veela and Irosa Rosali - Going Home (galamp3.com).mp3" in vfs
ERROR WPSoundParser.cpp:178 audio file not found: sounds/Veela and Irosa Rosali - Going Home (galamp3.com).mp3
INFO audio Switch: loading 'sounds/Звуки природы - Шум дождя (www.hotplayer.ru).mp3' (channels=2, sampleRate=48000)
INFO not found "/assets/sounds/Звуки природы - Шум дождя (www.hotplayer.ru).mp3" in vfs
ERROR WPSoundParser.cpp:178 audio file not found: sounds/Звуки природы - Шум дождя (www.hotplayer.ru).mp3
INFO audio Switch: loading 'sounds/Veela and Irosa Rosali, Elsie - Closed (galamp3.com).mp3' (channels=2, sampleRate=48000)
INFO not found "/assets/sounds/Veela and Irosa Rosali, Elsie - Closed (galamp3.com).mp3" in vfs
ERROR WPSoundParser.cpp:178 audio file not found: sounds/Veela and Irosa Rosali, Elsie - Closed (galamp3.com).mp3
INFO audio Switch: loading 'sounds/Звуки природы - Шум дождя (www.hotplayer.ru).mp3' (channels=2, sampleRate=48000)
INFO not found "/assets/sounds/Звуки природы - Шум дождя (www.hotplayer.ru).mp3" in vfs
ERROR WPSoundParser.cpp:178 audio file not found: sounds/Звуки природы - Шум дождя (www.hotplayer.ru).mp3
INFO audio Switch: loading 'sounds/Veela and Kooma - Pointless (galamp3.com).mp3' (channels=2, sampleRate=48000)
INFO not found "/assets/sounds/Veela and Kooma - Pointless (galamp3.com).mp3" in vfs
ERROR WPSoundParser.cpp:178 audio file not found: sounds/Veela and Kooma - Pointless (galamp3.com).mp3
INFO audio Switch: loading 'sounds/Звуки природы - Шум дождя (www.hotplayer.ru).mp3' (channels=2, sampleRate=48000)
INFO not found "/assets/sounds/Звуки природы - Шум дождя (www.hotplayer.ru).mp3" in vfs
ERROR WPSoundParser.cpp:178 audio file not found: sounds/Звуки природы - Шум дождя (www.hotplayer.ru).mp3
INFO audio Switch: loading 'sounds/Veela and Kooma - Retrospect (galamp3.com).mp3' (channels=2, sampleRate=48000)
INFO not found "/assets/sounds/Veela and Kooma - Retrospect (galamp3.com).mp3" in vfs
ERROR WPSoundParser.cpp:178 audio file not found: sounds/Veela and Kooma - Retrospect (galamp3.com).mp3
INFO audio Switch: loading 'sounds/Звуки природы - Шум дождя (www.hotplayer.ru).mp3' (channels=2, sampleRate=48000)
INFO not found "/assets/sounds/Звуки природы - Шум дождя (www.hotplayer.ru).mp3" in vfs
ERROR WPSoundParser.cpp:178 audio file not found: sounds/Звуки природы - Шум дождя (www.hotplayer.ru).mp3
INFO audio Switch: loading 'sounds/Kooma & Veela - Oasis (256  kbps).mp3' (channels=2, sampleRate=48000)
INFO not found "/assets/sounds/Kooma & Veela - Oasis (256  kbps).mp3" in vfs
ERROR WPSoundParser.cpp:178 audio file not found: sounds/Kooma & Veela - Oasis (256  kbps).mp3
INFO audio Switch: loading 'sounds/Звуки природы - Шум дождя (www.hotplayer.ru).mp3' (channels=2, sampleRate=48000)
INFO not found "/assets/sounds/Звуки природы - Шум дождя (www.hotplayer.ru).mp3" in vfs
ERROR WPSoundParser.cpp:178 audio file not found: sounds/Звуки природы - Шум дождя (www.hotplayer.ru).mp3
INFO audio Switch: loading 'sounds/aether-scotland-veela-valentine.mp3' (channels=2, sampleRate=48000)
INFO not found "/assets/sounds/aether-scotland-veela-valentine.mp3" in vfs
ERROR WPSoundParser.cpp:178 audio file not found: sounds/aether-scotland-veela-valentine.mp3
INFO audio Switch: loading 'sounds/Звуки природы - Шум дождя (www.hotplayer.ru).mp3' (channels=2, sampleRate=48000)
INFO not found "/assets/sounds/Звуки природы - Шум дождя (www.hotplayer.ru).mp3" in vfs
ERROR WPSoundParser.cpp:178 audio file not found: sounds/Звуки природы - Шум дождя (www.hotplayer.ru).mp3
INFO audio Switch: loading 'sounds/Veela and Irosa Rosali - Going Home (galamp3.com).mp3' (channels=2, sampleRate=48000)
INFO not found "/assets/sounds/Veela and Irosa Rosali - Going Home (galamp3.com).mp3" in vfs
ERROR WPSoundParser.cpp:178 audio file not found: sounds/Veela and Irosa Rosali - Going Home (galamp3.com).mp3
INFO audio Switch: loading 'sounds/Звуки природы - Шум дождя (www.hotplayer.ru).mp3' (channels=2, sampleRate=48000)
INFO not found "/assets/sounds/Звуки природы - Шум дождя (www.hotplayer.ru).mp3" in vfs
ERROR WPSoundParser.cpp:178 audio file not found: sounds/Звуки природы - Шум дождя (www.hotplayer.ru).mp3
INFO audio Switch: loading 'sounds/Veela and Irosa Rosali, Elsie - Closed (galamp3.com).mp3' (channels=2, sampleRate=48000)
INFO not found "/assets/sounds/Veela and Irosa Rosali, Elsie - Closed (galamp3.com).mp3" in vfs
ERROR WPSoundParser.cpp:178 audio file not found: sounds/Veela and Irosa Rosali, Elsie - Closed (galamp3.com).mp3
INFO audio Switch: loading 'sounds/Звуки природы - Шум дождя (www.hotplayer.ru).mp3' (channels=2, sampleRate=48000)
INFO not found "/assets/sounds/Звуки природы - Шум дождя (www.hotplayer.ru).mp3" in vfs
ERROR WPSoundParser.cpp:178 audio file not found: sounds/Звуки природы - Шум дождя (www.hotplayer.ru).mp3
INFO audio Switch: loading 'sounds/Veela and Kooma - Pointless (galamp3.com).mp3' (channels=2, sampleRate=48000)
INFO not found "/assets/sounds/Veela and Kooma - Pointless (galamp3.com).mp3" in vfs
ERROR WPSoundParser.cpp:178 audio file not found: sounds/Veela and Kooma - Pointless (galamp3.com).mp3
INFO audio Switch: loading 'sounds/Звуки природы - Шум дождя (www.hotplayer.ru).mp3' (channels=2, sampleRate=48000)
INFO not found "/assets/sounds/Звуки природы - Шум дождя (www.hotplayer.ru).mp3" in vfs
ERROR WPSoundParser.cpp:178 audio file not found: sounds/Звуки природы - Шум дождя (www.hotplayer.ru).mp3
INFO audio Switch: loading 'sounds/Veela and Kooma - Retrospect (galamp3.com).mp3' (channels=2, sampleRate=48000)
INFO not found "/assets/sounds/Veela and Kooma - Retrospect (galamp3.com).mp3" in vfs
ERROR WPSoundParser.cpp:178 audio file not found: sounds/Veela and Kooma - Retrospect (galamp3.com).mp3
INFO audio Switch: loading 'sounds/Звуки природы - Шум дождя (www.hotplayer.ru).mp3' (channels=2, sampleRate=48000)
INFO not found "/assets/sounds/Звуки природы - Шум дождя (www.hotplayer.ru).mp3" in vfs
ERROR WPSoundParser.cpp:178 audio file not found: sounds/Звуки природы - Шум дождя (www.hotplayer.ru).mp3
INFO audio Switch: loading 'sounds/Kooma & Veela - Oasis (256  kbps).mp3' (channels=2, sampleRate=48000)
INFO not found "/assets/sounds/Kooma & Veela - Oasis (256  kbps).mp3" in vfs
ERROR WPSoundParser.cpp:178 audio file not found: sounds/Kooma & Veela - Oasis (256  kbps).mp3
INFO audio Switch: loading 'sounds/Звуки природы - Шум дождя (www.hotplayer.ru).mp3' (channels=2, sampleRate=48000)
INFO not found "/assets/sounds/Звуки природы - Шум дождя (www.hotplayer.ru).mp3" in vfs
ERROR WPSoundParser.cpp:178 audio file not found: sounds/Звуки природы - Шум дождя (www.hotplayer.ru).mp3
INFO audio Switch: loading 'sounds/aether-scotland-veela-valentine.mp3' (channels=2, sampleRate=48000)
INFO not found "/assets/sounds/aether-scotland-veela-valentine.mp3" in vfs
ERROR WPSoundParser.cpp:178 audio file not found: sounds/aether-scotland-veela-valentine.mp3
INFO audio Switch: loading 'sounds/Звуки природы - Шум дождя (www.hotplayer.ru).mp3' (channels=2, sampleRate=48000)
INFO not found "/assets/sounds/Звуки природы - Шум дождя (www.hotplayer.ru).mp3" in vfs
ERROR WPSoundParser.cpp:178 audio file not found: sounds/Звуки природы - Шум дождя (www.hotplayer.ru).mp3
INFO audio Switch: loading 'sounds/Veela and Irosa Rosali - Going Home (galamp3.com).mp3' (channels=2, sampleRate=48000)
INFO not found "/assets/sounds/Veela and Irosa Rosali - Going Home (galamp3.com).mp3" in vfs
ERROR WPSoundParser.cpp:178 audio file not found: sounds/Veela and Irosa Rosali - Going Home (galamp3.com).mp3
INFO audio Switch: loading 'sounds/Звуки природы - Шум дождя (www.hotplayer.ru).mp3' (channels=2, sampleRate=48000)
INFO not found "/assets/sounds/Звуки природы - Шум дождя (www.hotplayer.ru).mp3" in vfs
ERROR WPSoundParser.cpp:178 audio file not found: sounds/Звуки природы - Шум дождя (www.hotplayer.ru).mp3
INFO audio Switch: loading 'sounds/Veela and Irosa Rosali, Elsie - Closed (galamp3.com).mp3' (channels=2, sampleRate=48000)
INFO not found "/assets/sounds/Veela and Irosa Rosali, Elsie - Closed (galamp3.com).mp3" in vfs
ERROR WPSoundParser.cpp:178 audio file not found: sounds/Veela and Irosa Rosali, Elsie - Closed (galamp3.com).mp3
INFO audio Switch: loading 'sounds/Звуки природы - Шум дождя (www.hotplayer.ru).mp3' (channels=2, sampleRate=48000)
INFO not found "/assets/sounds/Звуки природы - Шум дождя (www.hotplayer.ru).mp3" in vfs
ERROR WPSoundParser.cpp:178 audio file not found: sounds/Звуки природы - Шум дождя (www.hotplayer.ru).mp3
INFO audio Switch: loading 'sounds/Veela and Kooma - Pointless (galamp3.com).mp3' (channels=2, sampleRate=48000)
INFO not found "/assets/sounds/Veela and Kooma - Pointless (galamp3.com).mp3" in vfs
ERROR WPSoundParser.cpp:178 audio file not found: sounds/Veela and Kooma - Pointless (galamp3.com).mp3
INFO audio Switch: loading 'sounds/Звуки природы - Шум дождя (www.hotplayer.ru).mp3' (channels=2, sampleRate=48000)
INFO not found "/assets/sounds/Звуки природы - Шум дождя (www.hotplayer.ru).mp3" in vfs
ERROR WPSoundParser.cpp:178 audio file not found: sounds/Звуки природы - Шум дождя (www.hotplayer.ru).mp3
INFO audio Switch: loading 'sounds/Veela and Kooma - Retrospect (galamp3.com).mp3' (channels=2, sampleRate=48000)
INFO not found "/assets/sounds/Veela and Kooma - Retrospect (galamp3.com).mp3" in vfs
ERROR WPSoundParser.cpp:178 audio file not found: sounds/Veela and Kooma - Retrospect (galamp3.com).mp3
INFO audio Switch: loading 'sounds/Звуки природы - Шум дождя (www.hotplayer.ru).mp3' (channels=2, sampleRate=48000)
INFO not found "/assets/sounds/Звуки природы - Шум дождя (www.hotplayer.ru).mp3" in vfs
ERROR WPSoundParser.cpp:178 audio file not found: sounds/Звуки природы - Шум дождя (www.hotplayer.ru).mp3
INFO audio Switch: loading 'sounds/Kooma & Veela - Oasis (256  kbps).mp3' (channels=2, sampleRate=48000)
INFO not found "/assets/sounds/Kooma & Veela - Oasis (256  kbps).mp3" in vfs
ERROR WPSoundParser.cpp:178 audio file not found: sounds/Kooma & Veela - Oasis (256  kbps).mp3
INFO audio Switch: loading 'sounds/Звуки природы - Шум дождя (www.hotplayer.ru).mp3' (channels=2, sampleRate=48000)
INFO not found "/assets/sounds/Звуки природы - Шум дождя (www.hotplayer.ru).mp3" in vfs
ERROR WPSoundParser.cpp:178 audio file not found: sounds/Звуки природы - Шум дождя (www.hotplayer.ru).mp3
INFO audio Switch: loading 'sounds/aether-scotland-veela-valentine.mp3' (channels=2, sampleRate=48000)
INFO not found "/assets/sounds/aether-scotland-veela-valentine.mp3" in vfs
ERROR WPSoundParser.cpp:178 audio file not found: sounds/aether-scotland-veela-valentine.mp3
INFO audio Switch: loading 'sounds/Звуки природы - Шум дождя (www.hotplayer.ru).mp3' (channels=2, sampleRate=48000)
INFO not found "/assets/sounds/Звуки природы - Шум дождя (www.hotplayer.ru).mp3" in vfs
ERROR WPSoundParser.cpp:178 audio file not found: sounds/Звуки природы - Шум дождя (www.hotplayer.ru).mp3
INFO audio Switch: loading 'sounds/Veela and Irosa Rosali - Going Home (galamp3.com).mp3' (channels=2, sampleRate=48000)
INFO not found "/assets/sounds/Veela and Irosa Rosali - Going Home (galamp3.com).mp3" in vfs
ERROR WPSoundParser.cpp:178 audio file not found: sounds/Veela and Irosa Rosali - Going Home (galamp3.com).mp3
INFO audio Switch: loading 'sounds/Звуки природы - Шум дождя (www.hotplayer.ru).mp3' (channels=2, sampleRate=48000)
INFO not found "/assets/sounds/Звуки природы - Шум дождя (www.hotplayer.ru).mp3" in vfs
ERROR WPSoundParser.cpp:178 audio file not found: sounds/Звуки природы - Шум дождя (www.hotplayer.ru).mp3
INFO audio Switch: loading 'sounds/Veela and Irosa Rosali, Elsie - Closed (galamp3.com).mp3' (channels=2, sampleRate=48000)
INFO not found "/assets/sounds/Veela and Irosa Rosali, Elsie - Closed (galamp3.com).mp3" in vfs
ERROR WPSoundParser.cpp:178 audio file not found: sounds/Veela and Irosa Rosali, Elsie - Closed (galamp3.com).mp3
INFO audio Switch: loading 'sounds/Звуки природы - Шум дождя (www.hotplayer.ru).mp3' (channels=2, sampleRate=48000)
INFO not found "/assets/sounds/Звуки природы - Шум дождя (www.hotplayer.ru).mp3" in vfs
ERROR WPSoundParser.cpp:178 audio file not found: sounds/Звуки природы - Шум дождя (www.hotplayer.ru).mp3
INFO audio Switch: loading 'sounds/Veela and Kooma - Pointless (galamp3.com).mp3' (channels=2, sampleRate=48000)
INFO not found "/assets/sounds/Veela and Kooma - Pointless (galamp3.com).mp3" in vfs
ERROR WPSoundParser.cpp:178 audio file not found: sounds/Veela and Kooma - Pointless (galamp3.com).mp3
INFO audio Switch: loading 'sounds/Звуки природы - Шум дождя (www.hotplayer.ru).mp3' (channels=2, sampleRate=48000)
INFO not found "/assets/sounds/Звуки природы - Шум дождя (www.hotplayer.ru).mp3" in vfs
ERROR WPSoundParser.cpp:178 audio file not found: sounds/Звуки природы - Шум дождя (www.hotplayer.ru).mp3
INFO audio Switch: loading 'sounds/Veela and Kooma - Retrospect (galamp3.com).mp3' (channels=2, sampleRate=48000)
INFO not found "/assets/sounds/Veela and Kooma - Retrospect (galamp3.com).mp3" in vfs
ERROR WPSoundParser.cpp:178 audio file not found: sounds/Veela and Kooma - Retrospect (galamp3.com).mp3
INFO audio Switch: loading 'sounds/Звуки природы - Шум дождя (www.hotplayer.ru).mp3' (channels=2, sampleRate=48000)
INFO not found "/assets/sounds/Звуки природы - Шум дождя (www.hotplayer.ru).mp3" in vfs
ERROR WPSoundParser.cpp:178 audio file not found: sounds/Звуки природы - Шум дождя (www.hotplayer.ru).mp3
INFO audio Switch: loading 'sounds/Kooma & Veela - Oasis (256  kbps).mp3' (channels=2, sampleRate=48000)
INFO not found "/assets/sounds/Kooma & Veela - Oasis (256  kbps).mp3" in vfs
ERROR WPSoundParser.cpp:178 audio file not found: sounds/Kooma & Veela - Oasis (256  kbps).mp3
INFO audio Switch: loading 'sounds/Звуки природы - Шум дождя (www.hotplayer.ru).mp3' (channels=2, sampleRate=48000)
INFO not found "/assets/sounds/Звуки природы - Шум дождя (www.hotplayer.ru).mp3" in vfs
ERROR WPSoundParser.cpp:178 audio file not found: sounds/Звуки природы - Шум дождя (www.hotplayer.ru).mp3
INFO audio Switch: loading 'sounds/aether-scotland-veela-valentine.mp3' (channels=2, sampleRate=48000)
INFO not found "/assets/sounds/aether-scotland-veela-valentine.mp3" in vfs
ERROR WPSoundParser.cpp:178 audio file not found: sounds/aether-scotland-veela-valentine.mp3
INFO audio Switch: loading 'sounds/Звуки природы - Шум дождя (www.hotplayer.ru).mp3' (channels=2, sampleRate=48000)
INFO not found "/assets/sounds/Звуки природы - Шум дождя (www.hotplayer.ru).mp3" in vfs
ERROR WPSoundParser.cpp:178 audio file not found: sounds/Звуки природы - Шум дождя (www.hotplayer.ru).mp3
INFO audio Switch: loading 'sounds/Veela and Irosa Rosali - Going Home (galamp3.com).mp3' (channels=2, sampleRate=48000)
INFO not found "/assets/sounds/Veela and Irosa Rosali - Going Home (galamp3.com).mp3" in vfs
ERROR WPSoundParser.cpp:178 audio file not found: sounds/Veela and Irosa Rosali - Going Home (galamp3.com).mp3
INFO audio Switch: loading 'sounds/Звуки природы - Шум дождя (www.hotplayer.ru).mp3' (channels=2, sampleRate=48000)
INFO not found "/assets/sounds/Звуки природы - Шум дождя (www.hotplayer.ru).mp3" in vfs
ERROR WPSoundParser.cpp:178 audio file not found: sounds/Звуки природы - Шум дождя (www.hotplayer.ru).mp3
INFO audio Switch: loading 'sounds/Veela and Irosa Rosali, Elsie - Closed (galamp3.com).mp3' (channels=2, sampleRate=48000)
INFO not found "/assets/sounds/Veela and Irosa Rosali, Elsie - Closed (galamp3.com).mp3" in vfs
ERROR WPSoundParser.cpp:178 audio file not found: sounds/Veela and Irosa Rosali, Elsie - Closed (galamp3.com).mp3
INFO audio Switch: loading 'sounds/Звуки природы - Шум дождя (www.hotplayer.ru).mp3' (channels=2, sampleRate=48000)
INFO not found "/assets/sounds/Звуки природы - Шум дождя (www.hotplayer.ru).mp3" in vfs
ERROR WPSoundParser.cpp:178 audio file not found: sounds/Звуки природы - Шум дождя (www.hotplayer.ru).mp3
INFO audio Switch: loading 'sounds/Veela and Kooma - Pointless (galamp3.com).mp3' (channels=2, sampleRate=48000)
INFO not found "/assets/sounds/Veela and Kooma - Pointless (galamp3.com).mp3" in vfs
ERROR WPSoundParser.cpp:178 audio file not found: sounds/Veela and Kooma - Pointless (galamp3.com).mp3
INFO audio Switch: loading 'sounds/Звуки природы - Шум дождя (www.hotplayer.ru).mp3' (channels=2, sampleRate=48000)
INFO not found "/assets/sounds/Звуки природы - Шум дождя (www.hotplayer.ru).mp3" in vfs
ERROR WPSoundParser.cpp:178 audio file not found: sounds/Звуки природы - Шум дождя (www.hotplayer.ru).mp3
INFO audio Switch: loading 'sounds/Veela and Kooma - Retrospect (galamp3.com).mp3' (channels=2, sampleRate=48000)
INFO not found "/assets/sounds/Veela and Kooma - Retrospect (galamp3.com).mp3" in vfs
ERROR WPSoundParser.cpp:178 audio file not found: sounds/Veela and Kooma - Retrospect (galamp3.com).mp3
INFO audio Switch: loading 'sounds/Звуки природы - Шум дождя (www.hotplayer.ru).mp3' (channels=2, sampleRate=48000)
INFO not found "/assets/sounds/Звуки природы - Шум дождя (www.hotplayer.ru).mp3" in vfs
ERROR WPSoundParser.cpp:178 audio file not found: sounds/Звуки природы - Шум дождя (www.hotplayer.ru).mp3
INFO audio Switch: loading 'sounds/Kooma & Veela - Oasis (256  kbps).mp3' (channels=2, sampleRate=48000)
INFO not found "/assets/sounds/Kooma & Veela - Oasis (256  kbps).mp3" in vfs
ERROR WPSoundParser.cpp:178 audio file not found: sounds/Kooma & Veela - Oasis (256  kbps).mp3
INFO audio Switch: loading 'sounds/Звуки природы - Шум дождя (www.hotplayer.ru).mp3' (channels=2, sampleRate=48000)
INFO not found "/assets/sounds/Звуки природы - Шум дождя (www.hotplayer.ru).mp3" in vfs
ERROR WPSoundParser.cpp:178 audio file not found: sounds/Звуки природы - Шум дождя (www.hotplayer.ru).mp3
INFO audio Switch: loading 'sounds/aether-scotland-veela-valentine.mp3' (channels=2, sampleRate=48000)
INFO not found "/assets/sounds/aether-scotland-veela-valentine.mp3" in vfs
ERROR WPSoundParser.cpp:178 audio file not found: sounds/aether-scotland-veela-valentine.mp3
INFO audio Switch: loading 'sounds/Звуки природы - Шум дождя (www.hotplayer.ru).mp3' (channels=2, sampleRate=48000)
INFO not found "/assets/sounds/Звуки природы - Шум дождя (www.hotplayer.ru).mp3" in vfs
ERROR WPSoundParser.cpp:178 audio file not found: sounds/Звуки природы - Шум дождя (www.hotplayer.ru).mp3
INFO audio Switch: loading 'sounds/Veela and Irosa Rosali - Going Home (galamp3.com).mp3' (channels=2, sampleRate=48000)
INFO not found "/assets/sounds/Veela and Irosa Rosali - Going Home (galamp3.com).mp3" in vfs
ERROR WPSoundParser.cpp:178 audio file not found: sounds/Veela and Irosa Rosali - Going Home (galamp3.com).mp3
INFO audio Switch: loading 'sounds/Звуки природы - Шум дождя (www.hotplayer.ru).mp3' (channels=2, sampleRate=48000)
INFO not found "/assets/sounds/Звуки природы - Шум дождя (www.hotplayer.ru).mp3" in vfs
ERROR WPSoundParser.cpp:178 audio file not found: sounds/Звуки природы - Шум дождя (www.hotplayer.ru).mp3
INFO audio Switch: loading 'sounds/Veela and Irosa Rosali, Elsie - Closed (galamp3.com).mp3' (channels=2, sampleRate=48000)
INFO not found "/assets/sounds/Veela and Irosa Rosali, Elsie - Closed (galamp3.com).mp3" in vfs
ERROR WPSoundParser.cpp:178 audio file not found: sounds/Veela and Irosa Rosali, Elsie - Closed (galamp3.com).mp3
INFO audio Switch: loading 'sounds/Звуки природы - Шум дождя (www.hotplayer.ru).mp3' (channels=2, sampleRate=48000)
INFO not found "/assets/sounds/Звуки природы - Шум дождя (www.hotplayer.ru).mp3" in vfs
ERROR WPSoundParser.cpp:178 audio file not found: sounds/Звуки природы - Шум дождя (www.hotplayer.ru).mp3
INFO audio Switch: loading 'sounds/Veela and Kooma - Pointless (galamp3.com).mp3' (channels=2, sampleRate=48000)
INFO not found "/assets/sounds/Veela and Kooma - Pointless (galamp3.com).mp3" in vfs
ERROR WPSoundParser.cpp:178 audio file not found: sounds/Veela and Kooma - Pointless (galamp3.com).mp3
INFO audio Switch: loading 'sounds/Звуки природы - Шум дождя (www.hotplayer.ru).mp3' (channels=2, sampleRate=48000)
INFO not found "/assets/sounds/Звуки природы - Шум дождя (www.hotplayer.ru).mp3" in vfs
ERROR WPSoundParser.cpp:178 audio file not found: sounds/Звуки природы - Шум дождя (www.hotplayer.ru).mp3
INFO audio Switch: loading 'sounds/Veela and Kooma - Retrospect (galamp3.com).mp3' (channels=2, sampleRate=48000)
INFO not found "/assets/sounds/Veela and Kooma - Retrospect (galamp3.com).mp3" in vfs
ERROR WPSoundParser.cpp:178 audio file not found: sounds/Veela and Kooma - Retrospect (galamp3.com).mp3
INFO audio Switch: loading 'sounds/Звуки природы - Шум дождя (www.hotplayer.ru).mp3' (channels=2, sampleRate=48000)
INFO not found "/assets/sounds/Звуки природы - Шум дождя (www.hotplayer.ru).mp3" in vfs
ERROR WPSoundParser.cpp:178 audio file not found: sounds/Звуки природы - Шум дождя (www.hotplayer.ru).mp3
INFO audio Switch: loading 'sounds/Kooma & Veela - Oasis (256  kbps).mp3' (channels=2, sampleRate=48000)
INFO not found "/assets/sounds/Kooma & Veela - Oasis (256  kbps).mp3" in vfs
ERROR WPSoundParser.cpp:178 audio file not found: sounds/Kooma & Veela - Oasis (256  kbps).mp3
INFO audio Switch: loading 'sounds/Звуки природы - Шум дождя (www.hotplayer.ru).mp3' (channels=2, sampleRate=48000)
INFO not found "/assets/sounds/Звуки природы - Шум дождя (www.hotplayer.ru).mp3" in vfs
ERROR WPSoundParser.cpp:178 audio file not found: sounds/Звуки природы - Шум дождя (www.hotplayer.ru).mp3
INFO audio Switch: loading 'sounds/aether-scotland-veela-valentine.mp3' (channels=2, sampleRate=48000)
INFO not found "/assets/sounds/aether-scotland-veela-valentine.mp3" in vfs
ERROR WPSoundParser.cpp:178 audio file not found: sounds/aether-scotland-veela-valentine.mp3
INFO audio Switch: loading 'sounds/Звуки природы - Шум дождя (www.hotplayer.ru).mp3' (channels=2, sampleRate=48000)
INFO not found "/assets/sounds/Звуки природы - Шум дождя (www.hotplayer.ru).mp3" in vfs
ERROR WPSoundParser.cpp:178 audio file not found: sounds/Звуки природы - Шум дождя (www.hotplayer.ru).mp3
INFO audio Switch: loading 'sounds/Veela and Irosa Rosali - Going Home (galamp3.com).mp3' (channels=2, sampleRate=48000)
INFO not found "/assets/sounds/Veela and Irosa Rosali - Going Home (galamp3.com).mp3" in vfs
ERROR WPSoundParser.cpp:178 audio file not found: sounds/Veela and Irosa Rosali - Going Home (galamp3.com).mp3
INFO audio Switch: loading 'sounds/Звуки природы - Шум дождя (www.hotplayer.ru).mp3' (channels=2, sampleRate=48000)
INFO not found "/assets/sounds/Звуки природы - Шум дождя (www.hotplayer.ru).mp3" in vfs
ERROR WPSoundParser.cpp:178 audio file not found: sounds/Звуки природы - Шум дождя (www.hotplayer.ru).mp3
INFO audio Switch: loading 'sounds/Veela and Irosa Rosali, Elsie - Closed (galamp3.com).mp3' (channels=2, sampleRate=48000)
INFO not found "/assets/sounds/Veela and Irosa Rosali, Elsie - Closed (galamp3.com).mp3" in vfs
ERROR WPSoundParser.cpp:178 audio file not found: sounds/Veela and Irosa Rosali, Elsie - Closed (galamp3.com).mp3
INFO audio Switch: loading 'sounds/Звуки природы - Шум дождя (www.hotplayer.ru).mp3' (channels=2, sampleRate=48000)
INFO not found "/assets/sounds/Звуки природы - Шум дождя (www.hotplayer.ru).mp3" in vfs
ERROR WPSoundParser.cpp:178 audio file not found: sounds/Звуки природы - Шум дождя (www.hotplayer.ru).mp3
INFO audio Switch: loading 'sounds/Veela and Kooma - Pointless (galamp3.com).mp3' (channels=2, sampleRate=48000)
INFO not found "/assets/sounds/Veela and Kooma - Pointless (galamp3.com).mp3" in vfs
ERROR WPSoundParser.cpp:178 audio file not found: sounds/Veela and Kooma - Pointless (galamp3.com).mp3
INFO audio Switch: loading 'sounds/Звуки природы - Шум дождя (www.hotplayer.ru).mp3' (channels=2, sampleRate=48000)
INFO not found "/assets/sounds/Звуки природы - Шум дождя (www.hotplayer.ru).mp3" in vfs
ERROR WPSoundParser.cpp:178 audio file not found: sounds/Звуки природы - Шум дождя (www.hotplayer.ru).mp3
INFO audio Switch: loading 'sounds/Veela and Kooma - Retrospect (galamp3.com).mp3' (channels=2, sampleRate=48000)
INFO not found "/assets/sounds/Veela and Kooma - Retrospect (galamp3.com).mp3" in vfs
ERROR WPSoundParser.cpp:178 audio file not found: sounds/Veela and Kooma - Retrospect (galamp3.com).mp3
INFO audio Switch: loading 'sounds/Звуки природы - Шум дождя (www.hotplayer.ru).mp3' (channels=2, sampleRate=48000)
INFO not found "/assets/sounds/Звуки природы - Шум дождя (www.hotplayer.ru).mp3" in vfs
ERROR WPSoundParser.cpp:178 audio file not found: sounds/Звуки природы - Шум дождя (www.hotplayer.ru).mp3
INFO audio Switch: loading 'sounds/Kooma & Veela - Oasis (256  kbps).mp3' (channels=2, sampleRate=48000)
INFO not found "/assets/sounds/Kooma & Veela - Oasis (256  kbps).mp3" in vfs
ERROR WPSoundParser.cpp:178 audio file not found: sounds/Kooma & Veela - Oasis (256  kbps).mp3
INFO audio Switch: loading 'sounds/Звуки природы - Шум дождя (www.hotplayer.ru).mp3' (channels=2, sampleRate=48000)
INFO not found "/assets/sounds/Звуки природы - Шум дождя (www.hotplayer.ru).mp3" in vfs
ERROR WPSoundParser.cpp:178 audio file not found: sounds/Звуки природы - Шум дождя (www.hotplayer.ru).mp3
INFO audio Switch: loading 'sounds/aether-scotland-veela-valentine.mp3' (channels=2, sampleRate=48000)
INFO not found "/assets/sounds/aether-scotland-veela-valentine.mp3" in vfs
ERROR WPSoundParser.cpp:178 audio file not found: sounds/aether-scotland-veela-valentine.mp3
INFO audio Switch: loading 'sounds/Звуки природы - Шум дождя (www.hotplayer.ru).mp3' (channels=2, sampleRate=48000)
INFO not found "/assets/sounds/Звуки природы - Шум дождя (www.hotplayer.ru).mp3" in vfs
ERROR WPSoundParser.cpp:178 audio file not found: sounds/Звуки природы - Шум дождя (www.hotplayer.ru).mp3
INFO audio Switch: loading 'sounds/Veela and Irosa Rosali - Going Home (galamp3.com).mp3' (channels=2, sampleRate=48000)
INFO not found "/assets/sounds/Veela and Irosa Rosali - Going Home (galamp3.com).mp3" in vfs
ERROR WPSoundParser.cpp:178 audio file not found: sounds/Veela and Irosa Rosali - Going Home (galamp3.com).mp3
INFO audio Switch: loading 'sounds/Звуки природы - Шум дождя (www.hotplayer.ru).mp3' (channels=2, sampleRate=48000)
INFO not found "/assets/sounds/Звуки природы - Шум дождя (www.hotplayer.ru).mp3" in vfs
ERROR WPSoundParser.cpp:178 audio file not found: sounds/Звуки природы - Шум дождя (www.hotplayer.ru).mp3
INFO audio Switch: loading 'sounds/Veela and Irosa Rosali, Elsie - Closed (galamp3.com).mp3' (channels=2, sampleRate=48000)
INFO not found "/assets/sounds/Veela and Irosa Rosali, Elsie - Closed (galamp3.com).mp3" in vfs
ERROR WPSoundParser.cpp:178 audio file not found: sounds/Veela and Irosa Rosali, Elsie - Closed (galamp3.com).mp3
INFO audio Switch: loading 'sounds/Звуки природы - Шум дождя (www.hotplayer.ru).mp3' (channels=2, sampleRate=48000)
INFO not found "/assets/sounds/Звуки природы - Шум дождя (www.hotplayer.ru).mp3" in vfs
ERROR WPSoundParser.cpp:178 audio file not found: sounds/Звуки природы - Шум дождя (www.hotplayer.ru).mp3
INFO audio Switch: loading 'sounds/Veela and Kooma - Pointless (galamp3.com).mp3' (channels=2, sampleRate=48000)
INFO not found "/assets/sounds/Veela and Kooma - Pointless (galamp3.com).mp3" in vfs
ERROR WPSoundParser.cpp:178 audio file not found: sounds/Veela and Kooma - Pointless (galamp3.com).mp3
INFO audio Switch: loading 'sounds/Звуки природы - Шум дождя (www.hotplayer.ru).mp3' (channels=2, sampleRate=48000)
INFO not found "/assets/sounds/Звуки природы - Шум дождя (www.hotplayer.ru).mp3" in vfs
ERROR WPSoundParser.cpp:178 audio file not found: sounds/Звуки природы - Шум дождя (www.hotplayer.ru).mp3
INFO audio Switch: loading 'sounds/Veela and Kooma - Retrospect (galamp3.com).mp3' (channels=2, sampleRate=48000)
INFO not found "/assets/sounds/Veela and Kooma - Retrospect (galamp3.com).mp3" in vfs
ERROR WPSoundParser.cpp:178 audio file not found: sounds/Veela and Kooma - Retrospect (galamp3.com).mp3
INFO audio Switch: loading 'sounds/Звуки природы - Шум дождя (www.hotplayer.ru).mp3' (channels=2, sampleRate=48000)
INFO not found "/assets/sounds/Звуки природы - Шум дождя (www.hotplayer.ru).mp3" in vfs
ERROR WPSoundParser.cpp:178 audio file not found: sounds/Звуки природы - Шум дождя (www.hotplayer.ru).mp3
INFO audio Switch: loading 'sounds/Kooma & Veela - Oasis (256  kbps).mp3' (channels=2, sampleRate=48000)
INFO not found "/assets/sounds/Kooma & Veela - Oasis (256  kbps).mp3" in vfs
ERROR WPSoundParser.cpp:178 audio file not found: sounds/Kooma & Veela - Oasis (256  kbps).mp3
INFO audio Switch: loading 'sounds/Звуки природы - Шум дождя (www.hotplayer.ru).mp3' (channels=2, sampleRate=48000)
INFO not found "/assets/sounds/Звуки природы - Шум дождя (www.hotplayer.ru).mp3" in vfs
ERROR WPSoundParser.cpp:178 audio file not found: sounds/Звуки природы - Шум дождя (www.hotplayer.ru).mp3
INFO audio Switch: loading 'sounds/aether-scotland-veela-valentine.mp3' (channels=2, sampleRate=48000)
INFO not found "/assets/sounds/aether-scotland-veela-valentine.mp3" in vfs
ERROR WPSoundParser.cpp:178 audio file not found: sounds/aether-scotland-veela-valentine.mp3
INFO audio Switch: loading 'sounds/Звуки природы - Шум дождя (www.hotplayer.ru).mp3' (channels=2, sampleRate=48000)
INFO not found "/assets/sounds/Звуки природы - Шум дождя (www.hotplayer.ru).mp3" in vfs
ERROR WPSoundParser.cpp:178 audio file not found: sounds/Звуки природы - Шум дождя (www.hotplayer.ru).mp3
INFO audio Switch: loading 'sounds/Veela and Irosa Rosali - Going Home (galamp3.com).mp3' (channels=2, sampleRate=48000)
INFO not found "/assets/sounds/Veela and Irosa Rosali - Going Home (galamp3.com).mp3" in vfs
ERROR WPSoundParser.cpp:178 audio file not found: sounds/Veela and Irosa Rosali - Going Home (galamp3.com).mp3
INFO audio Switch: loading 'sounds/Звуки природы - Шум дождя (www.hotplayer.ru).mp3' (channels=2, sampleRate=48000)
INFO not found "/assets/sounds/Звуки природы - Шум дождя (www.hotplayer.ru).mp3" in vfs
ERROR WPSoundParser.cpp:178 audio file not found: sounds/Звуки природы - Шум дождя (www.hotplayer.ru).mp3
INFO audio Switch: loading 'sounds/Veela and Irosa Rosali, Elsie - Closed (galamp3.com).mp3' (channels=2, sampleRate=48000)
INFO not found "/assets/sounds/Veela and Irosa Rosali, Elsie - Closed (galamp3.com).mp3" in vfs
ERROR WPSoundParser.cpp:178 audio file not found: sounds/Veela and Irosa Rosali, Elsie - Closed (galamp3.com).mp3
INFO audio Switch: loading 'sounds/Звуки природы - Шум дождя (www.hotplayer.ru).mp3' (channels=2, sampleRate=48000)
INFO not found "/assets/sounds/Звуки природы - Шум дождя (www.hotplayer.ru).mp3" in vfs
ERROR WPSoundParser.cpp:178 audio file not found: sounds/Звуки природы - Шум дождя (www.hotplayer.ru).mp3
INFO audio Switch: loading 'sounds/Veela and Kooma - Pointless (galamp3.com).mp3' (channels=2, sampleRate=48000)
INFO not found "/assets/sounds/Veela and Kooma - Pointless (galamp3.com).mp3" in vfs
ERROR WPSoundParser.cpp:178 audio file not found: sounds/Veela and Kooma - Pointless (galamp3.com).mp3
INFO audio Switch: loading 'sounds/Звуки природы - Шум дождя (www.hotplayer.ru).mp3' (channels=2, sampleRate=48000)
INFO not found "/assets/sounds/Звуки природы - Шум дождя (www.hotplayer.ru).mp3" in vfs
ERROR WPSoundParser.cpp:178 audio file not found: sounds/Звуки природы - Шум дождя (www.hotplayer.ru).mp3
INFO audio Switch: loading 'sounds/Veela and Kooma - Retrospect (galamp3.com).mp3' (channels=2, sampleRate=48000)
INFO not found "/assets/sounds/Veela and Kooma - Retrospect (galamp3.com).mp3" in vfs
ERROR WPSoundParser.cpp:178 audio file not found: sounds/Veela and Kooma - Retrospect (galamp3.com).mp3
INFO audio Switch: loading 'sounds/Звуки природы - Шум дождя (www.hotplayer.ru).mp3' (channels=2, sampleRate=48000)
INFO not found "/assets/sounds/Звуки природы - Шум дождя (www.hotplayer.ru).mp3" in vfs
ERROR WPSoundParser.cpp:178 audio file not found: sounds/Звуки природы - Шум дождя (www.hotplayer.ru).mp3
INFO audio Switch: loading 'sounds/Kooma & Veela - Oasis (256  kbps).mp3' (channels=2, sampleRate=48000)
INFO not found "/assets/sounds/Kooma & Veela - Oasis (256  kbps).mp3" in vfs
ERROR WPSoundParser.cpp:178 audio file not found: sounds/Kooma & Veela - Oasis (256  kbps).mp3
INFO audio Switch: loading 'sounds/Звуки природы - Шум дождя (www.hotplayer.ru).mp3' (channels=2, sampleRate=48000)
INFO not found "/assets/sounds/Звуки природы - Шум дождя (www.hotplayer.ru).mp3" in vfs
ERROR WPSoundParser.cpp:178 audio file not found: sounds/Звуки природы - Шум дождя (www.hotplayer.ru).mp3
INFO audio Switch: loading 'sounds/aether-scotland-veela-valentine.mp3' (channels=2, sampleRate=48000)
INFO not found "/assets/sounds/aether-scotland-veela-valentine.mp3" in vfs
ERROR WPSoundParser.cpp:178 audio file not found: sounds/aether-scotland-veela-valentine.mp3
INFO audio Switch: loading 'sounds/Звуки природы - Шум дождя (www.hotplayer.ru).mp3' (channels=2, sampleRate=48000)
INFO not found "/assets/sounds/Звуки природы - Шум дождя (www.hotplayer.ru).mp3" in vfs
ERROR WPSoundParser.cpp:178 audio file not found: sounds/Звуки природы - Шум дождя (www.hotplayer.ru).mp3
INFO audio Switch: loading 'sounds/Veela and Irosa Rosali - Going Home (galamp3.com).mp3' (channels=2, sampleRate=48000)
INFO not found "/assets/sounds/Veela and Irosa Rosali - Going Home (galamp3.com).mp3" in vfs
ERROR WPSoundParser.cpp:178 audio file not found: sounds/Veela and Irosa Rosali - Going Home (galamp3.com).mp3
INFO audio Switch: loading 'sounds/Звуки природы - Шум дождя (www.hotplayer.ru).mp3' (channels=2, sampleRate=48000)
INFO not found "/assets/sounds/Звуки природы - Шум дождя (www.hotplayer.ru).mp3" in vfs
ERROR WPSoundParser.cpp:178 audio file not found: sounds/Звуки природы - Шум дождя (www.hotplayer.ru).mp3
INFO audio Switch: loading 'sounds/Veela and Irosa Rosali, Elsie - Closed (galamp3.com).mp3' (channels=2, sampleRate=48000)
INFO not found "/assets/sounds/Veela and Irosa Rosali, Elsie - Closed (galamp3.com).mp3" in vfs
ERROR WPSoundParser.cpp:178 audio file not found: sounds/Veela and Irosa Rosali, Elsie - Closed (galamp3.com).mp3
INFO audio Switch: loading 'sounds/Звуки природы - Шум дождя (www.hotplayer.ru).mp3' (channels=2, sampleRate=48000)
INFO not found "/assets/sounds/Звуки природы - Шум дождя (www.hotplayer.ru).mp3" in vfs
ERROR WPSoundParser.cpp:178 audio file not found: sounds/Звуки природы - Шум дождя (www.hotplayer.ru).mp3
INFO audio Switch: loading 'sounds/Veela and Kooma - Pointless (galamp3.com).mp3' (channels=2, sampleRate=48000)
INFO not found "/assets/sounds/Veela and Kooma - Pointless (galamp3.com).mp3" in vfs
ERROR WPSoundParser.cpp:178 audio file not found: sounds/Veela and Kooma - Pointless (galamp3.com).mp3
INFO audio Switch: loading 'sounds/Звуки природы - Шум дождя (www.hotplayer.ru).mp3' (channels=2, sampleRate=48000)
INFO not found "/assets/sounds/Звуки природы - Шум дождя (www.hotplayer.ru).mp3" in vfs
ERROR WPSoundParser.cpp:178 audio file not found: sounds/Звуки природы - Шум дождя (www.hotplayer.ru).mp3
INFO audio Switch: loading 'sounds/Veela and Kooma - Retrospect (galamp3.com).mp3' (channels=2, sampleRate=48000)
INFO not found "/assets/sounds/Veela and Kooma - Retrospect (galamp3.com).mp3" in vfs
ERROR WPSoundParser.cpp:178 audio file not found: sounds/Veela and Kooma - Retrospect (galamp3.com).mp3
INFO audio Switch: loading 'sounds/Звуки природы - Шум дождя (www.hotplayer.ru).mp3' (channels=2, sampleRate=48000)
INFO not found "/assets/sounds/Звуки природы - Шум дождя (www.hotplayer.ru).mp3" in vfs
ERROR WPSoundParser.cpp:178 audio file not found: sounds/Звуки природы - Шум дождя (www.hotplayer.ru).mp3
INFO audio Switch: loading 'sounds/Kooma & Veela - Oasis (256  kbps).mp3' (channels=2, sampleRate=48000)
INFO not found "/assets/sounds/Kooma & Veela - Oasis (256  kbps).mp3" in vfs
ERROR WPSoundParser.cpp:178 audio file not found: sounds/Kooma & Veela - Oasis (256  kbps).mp3
INFO audio Switch: loading 'sounds/Звуки природы - Шум дождя (www.hotplayer.ru).mp3' (channels=2, sampleRate=48000)
INFO not found "/assets/sounds/Звуки природы - Шум дождя (www.hotplayer.ru).mp3" in vfs
ERROR WPSoundParser.cpp:178 audio file not found: sounds/Звуки природы - Шум дождя (www.hotplayer.ru).mp3
INFO audio Switch: loading 'sounds/aether-scotland-veela-valentine.mp3' (channels=2, sampleRate=48000)
INFO not found "/assets/sounds/aether-scotland-veela-valentine.mp3" in vfs
ERROR WPSoundParser.cpp:178 audio file not found: sounds/aether-scotland-veela-valentine.mp3
INFO audio Switch: loading 'sounds/Звуки природы - Шум дождя (www.hotplayer.ru).mp3' (channels=2, sampleRate=48000)
INFO not found "/assets/sounds/Звуки природы - Шум дождя (www.hotplayer.ru).mp3" in vfs
ERROR WPSoundParser.cpp:178 audio file not found: sounds/Звуки природы - Шум дождя (www.hotplayer.ru).mp3
INFO audio Switch: loading 'sounds/Veela and Irosa Rosali - Going Home (galamp3.com).mp3' (channels=2, sampleRate=48000)
INFO not found "/assets/sounds/Veela and Irosa Rosali - Going Home (galamp3.com).mp3" in vfs
ERROR WPSoundParser.cpp:178 audio file not found: sounds/Veela and Irosa Rosali - Going Home (galamp3.com).mp3
INFO audio Switch: loading 'sounds/Звуки природы - Шум дождя (www.hotplayer.ru).mp3' (channels=2, sampleRate=48000)
INFO not found "/assets/sounds/Звуки природы - Шум дождя (www.hotplayer.ru).mp3" in vfs
ERROR WPSoundParser.cpp:178 audio file not found: sounds/Звуки природы - Шум дождя (www.hotplayer.ru).mp3
INFO audio Switch: loading 'sounds/Veela and Irosa Rosali, Elsie - Closed (galamp3.com).mp3' (channels=2, sampleRate=48000)
INFO not found "/assets/sounds/Veela and Irosa Rosali, Elsie - Closed (galamp3.com).mp3" in vfs
ERROR WPSoundParser.cpp:178 audio file not found: sounds/Veela and Irosa Rosali, Elsie - Closed (galamp3.com).mp3
INFO audio Switch: loading 'sounds/Звуки природы - Шум дождя (www.hotplayer.ru).mp3' (channels=2, sampleRate=48000)
INFO not found "/assets/sounds/Звуки природы - Шум дождя (www.hotplayer.ru).mp3" in vfs
ERROR WPSoundParser.cpp:178 audio file not found: sounds/Звуки природы - Шум дождя (www.hotplayer.ru).mp3
INFO audio Switch: loading 'sounds/Veela and Kooma - Pointless (galamp3.com).mp3' (channels=2, sampleRate=48000)
INFO not found "/assets/sounds/Veela and Kooma - Pointless (galamp3.com).mp3" in vfs
ERROR WPSoundParser.cpp:178 audio file not found: sounds/Veela and Kooma - Pointless (galamp3.com).mp3
INFO audio Switch: loading 'sounds/Звуки природы - Шум дождя (www.hotplayer.ru).mp3' (channels=2, sampleRate=48000)
INFO not found "/assets/sounds/Звуки природы - Шум дождя (www.hotplayer.ru).mp3" in vfs
ERROR WPSoundParser.cpp:178 audio file not found: sounds/Звуки природы - Шум дождя (www.hotplayer.ru).mp3
INFO audio Switch: loading 'sounds/Veela and Kooma - Retrospect (galamp3.com).mp3' (channels=2, sampleRate=48000)
INFO not found "/assets/sounds/Veela and Kooma - Retrospect (galamp3.com).mp3" in vfs
ERROR WPSoundParser.cpp:178 audio file not found: sounds/Veela and Kooma - Retrospect (galamp3.com).mp3
INFO audio Switch: loading 'sounds/Звуки природы - Шум дождя (www.hotplayer.ru).mp3' (channels=2, sampleRate=48000)
INFO not found "/assets/sounds/Звуки природы - Шум дождя (www.hotplayer.ru).mp3" in vfs
ERROR WPSoundParser.cpp:178 audio file not found: sounds/Звуки природы - Шум дождя (www.hotplayer.ru).mp3
INFO audio Switch: loading 'sounds/Kooma & Veela - Oasis (256  kbps).mp3' (channels=2, sampleRate=48000)
INFO not found "/assets/sounds/Kooma & Veela - Oasis (256  kbps).mp3" in vfs
ERROR WPSoundParser.cpp:178 audio file not found: sounds/Kooma & Veela - Oasis (256  kbps).mp3
INFO audio Switch: loading 'sounds/Звуки природы - Шум дождя (www.hotplayer.ru).mp3' (channels=2, sampleRate=48000)
INFO not found "/assets/sounds/Звуки природы - Шум дождя (www.hotplayer.ru).mp3" in vfs
ERROR WPSoundParser.cpp:178 audio file not found: sounds/Звуки природы - Шум дождя (www.hotplayer.ru).mp3
INFO audio Switch: loading 'sounds/aether-scotland-veela-valentine.mp3' (channels=2, sampleRate=48000)
INFO not found "/assets/sounds/aether-scotland-veela-valentine.mp3" in vfs
ERROR WPSoundParser.cpp:178 audio file not found: sounds/aether-scotland-veela-valentine.mp3
INFO audio Switch: loading 'sounds/Звуки природы - Шум дождя (www.hotplayer.ru).mp3' (channels=2, sampleRate=48000)
INFO not found "/assets/sounds/Звуки природы - Шум дождя (www.hotplayer.ru).mp3" in vfs
ERROR WPSoundParser.cpp:178 audio file not found: sounds/Звуки природы - Шум дождя (www.hotplayer.ru).mp3
INFO audio Switch: loading 'sounds/Veela and Irosa Rosali - Going Home (galamp3.com).mp3' (channels=2, sampleRate=48000)
INFO not found "/assets/sounds/Veela and Irosa Rosali - Going Home (galamp3.com).mp3" in vfs
ERROR WPSoundParser.cpp:178 audio file not found: sounds/Veela and Irosa Rosali - Going Home (galamp3.com).mp3
INFO audio Switch: loading 'sounds/Звуки природы - Шум дождя (www.hotplayer.ru).mp3' (channels=2, sampleRate=48000)
INFO not found "/assets/sounds/Звуки природы - Шум дождя (www.hotplayer.ru).mp3" in vfs
ERROR WPSoundParser.cpp:178 audio file not found: sounds/Звуки природы - Шум дождя (www.hotplayer.ru).mp3
INFO audio Switch: loading 'sounds/Veela and Irosa Rosali, Elsie - Closed (galamp3.com).mp3' (channels=2, sampleRate=48000)
INFO not found "/assets/sounds/Veela and Irosa Rosali, Elsie - Closed (galamp3.com).mp3" in vfs
ERROR WPSoundParser.cpp:178 audio file not found: sounds/Veela and Irosa Rosali, Elsie - Closed (galamp3.com).mp3
INFO audio Switch: loading 'sounds/Звуки природы - Шум дождя (www.hotplayer.ru).mp3' (channels=2, sampleRate=48000)
INFO not found "/assets/sounds/Звуки природы - Шум дождя (www.hotplayer.ru).mp3" in vfs
ERROR WPSoundParser.cpp:178 audio file not found: sounds/Звуки природы - Шум дождя (www.hotplayer.ru).mp3
INFO audio Switch: loading 'sounds/Veela and Kooma - Pointless (galamp3.com).mp3' (channels=2, sampleRate=48000)
INFO not found "/assets/sounds/Veela and Kooma - Pointless (galamp3.com).mp3" in vfs
ERROR WPSoundParser.cpp:178 audio file not found: sounds/Veela and Kooma - Pointless (galamp3.com).mp3
INFO audio Switch: loading 'sounds/Звуки природы - Шум дождя (www.hotplayer.ru).mp3' (channels=2, sampleRate=48000)
INFO not found "/assets/sounds/Звуки природы - Шум дождя (www.hotplayer.ru).mp3" in vfs
ERROR WPSoundParser.cpp:178 audio file not found: sounds/Звуки природы - Шум дождя (www.hotplayer.ru).mp3
INFO audio Switch: loading 'sounds/Veela and Kooma - Retrospect (galamp3.com).mp3' (channels=2, sampleRate=48000)
INFO not found "/assets/sounds/Veela and Kooma - Retrospect (galamp3.com).mp3" in vfs
ERROR WPSoundParser.cpp:178 audio file not found: sounds/Veela and Kooma - Retrospect (galamp3.com).mp3
INFO audio Switch: loading 'sounds/Звуки природы - Шум дождя (www.hotplayer.ru).mp3' (channels=2, sampleRate=48000)
INFO not found "/assets/sounds/Звуки природы - Шум дождя (www.hotplayer.ru).mp3" in vfs
ERROR WPSoundParser.cpp:178 audio file not found: sounds/Звуки природы - Шум дождя (www.hotplayer.ru).mp3
INFO audio Switch: loading 'sounds/Kooma & Veela - Oasis (256  kbps).mp3' (channels=2, sampleRate=48000)
INFO not found "/assets/sounds/Kooma & Veela - Oasis (256  kbps).mp3" in vfs
ERROR WPSoundParser.cpp:178 audio file not found: sounds/Kooma & Veela - Oasis (256  kbps).mp3
INFO audio Switch: loading 'sounds/Звуки природы - Шум дождя (www.hotplayer.ru).mp3' (channels=2, sampleRate=48000)
INFO not found "/assets/sounds/Звуки природы - Шум дождя (www.hotplayer.ru).mp3" in vfs
ERROR WPSoundParser.cpp:178 audio file not found: sounds/Звуки природы - Шум дождя (www.hotplayer.ru).mp3
INFO audio Switch: loading 'sounds/aether-scotland-veela-valentine.mp3' (channels=2, sampleRate=48000)
INFO not found "/assets/sounds/aether-scotland-veela-valentine.mp3" in vfs
ERROR WPSoundParser.cpp:178 audio file not found: sounds/aether-scotland-veela-valentine.mp3
INFO audio Switch: loading 'sounds/Звуки природы - Шум дождя (www.hotplayer.ru).mp3' (channels=2, sampleRate=48000)
INFO not found "/assets/sounds/Звуки природы - Шум дождя (www.hotplayer.ru).mp3" in vfs
ERROR WPSoundParser.cpp:178 audio file not found: sounds/Звуки природы - Шум дождя (www.hotplayer.ru).mp3
INFO audio Switch: loading 'sounds/Veela and Irosa Rosali - Going Home (galamp3.com).mp3' (channels=2, sampleRate=48000)
INFO not found "/assets/sounds/Veela and Irosa Rosali - Going Home (galamp3.com).mp3" in vfs
ERROR WPSoundParser.cpp:178 audio file not found: sounds/Veela and Irosa Rosali - Going Home (galamp3.com).mp3
INFO audio Switch: loading 'sounds/Звуки природы - Шум дождя (www.hotplayer.ru).mp3' (channels=2, sampleRate=48000)
INFO not found "/assets/sounds/Звуки природы - Шум дождя (www.hotplayer.ru).mp3" in vfs
ERROR WPSoundParser.cpp:178 audio file not found: sounds/Звуки природы - Шум дождя (www.hotplayer.ru).mp3
INFO audio Switch: loading 'sounds/Veela and Irosa Rosali, Elsie - Closed (galamp3.com).mp3' (channels=2, sampleRate=48000)
INFO not found "/assets/sounds/Veela and Irosa Rosali, Elsie - Closed (galamp3.com).mp3" in vfs
ERROR WPSoundParser.cpp:178 audio file not found: sounds/Veela and Irosa Rosali, Elsie - Closed (galamp3.com).mp3
INFO audio Switch: loading 'sounds/Звуки природы - Шум дождя (www.hotplayer.ru).mp3' (channels=2, sampleRate=48000)
INFO not found "/assets/sounds/Звуки природы - Шум дождя (www.hotplayer.ru).mp3" in vfs
ERROR WPSoundParser.cpp:178 audio file not found: sounds/Звуки природы - Шум дождя (www.hotplayer.ru).mp3
INFO audio Switch: loading 'sounds/Veela and Kooma - Pointless (galamp3.com).mp3' (channels=2, sampleRate=48000)
INFO not found "/assets/sounds/Veela and Kooma - Pointless (galamp3.com).mp3" in vfs
ERROR WPSoundParser.cpp:178 audio file not found: sounds/Veela and Kooma - Pointless (galamp3.com).mp3
INFO audio Switch: loading 'sounds/Звуки природы - Шум дождя (www.hotplayer.ru).mp3' (channels=2, sampleRate=48000)
INFO not found "/assets/sounds/Звуки природы - Шум дождя (www.hotplayer.ru).mp3" in vfs
ERROR WPSoundParser.cpp:178 audio file not found: sounds/Звуки природы - Шум дождя (www.hotplayer.ru).mp3
INFO audio Switch: loading 'sounds/Veela and Kooma - Retrospect (galamp3.com).mp3' (channels=2, sampleRate=48000)
INFO not found "/assets/sounds/Veela and Kooma - Retrospect (galamp3.com).mp3" in vfs
ERROR WPSoundParser.cpp:178 audio file not found: sounds/Veela and Kooma - Retrospect (galamp3.com).mp3
INFO audio Switch: loading 'sounds/Звуки природы - Шум дождя (www.hotplayer.ru).mp3' (channels=2, sampleRate=48000)
INFO not found "/assets/sounds/Звуки природы - Шум дождя (www.hotplayer.ru).mp3" in vfs
ERROR WPSoundParser.cpp:178 audio file not found: sounds/Звуки природы - Шум дождя (www.hotplayer.ru).mp3
INFO audio Switch: loading 'sounds/Kooma & Veela - Oasis (256  kbps).mp3' (channels=2, sampleRate=48000)
INFO not found "/assets/sounds/Kooma & Veela - Oasis (256  kbps).mp3" in vfs
ERROR WPSoundParser.cpp:178 audio file not found: sounds/Kooma & Veela - Oasis (256  kbps).mp3
INFO audio Switch: loading 'sounds/Звуки природы - Шум дождя (www.hotplayer.ru).mp3' (channels=2, sampleRate=48000)
INFO not found "/assets/sounds/Звуки природы - Шум дождя (www.hotplayer.ru).mp3" in vfs
ERROR WPSoundParser.cpp:178 audio file not found: sounds/Звуки природы - Шум дождя (www.hotplayer.ru).mp3
INFO audio Switch: loading 'sounds/aether-scotland-veela-valentine.mp3' (channels=2, sampleRate=48000)
INFO not found "/assets/sounds/aether-scotland-veela-valentine.mp3" in vfs
ERROR WPSoundParser.cpp:178 audio file not found: sounds/aether-scotland-veela-valentine.mp3
INFO audio Switch: loading 'sounds/Звуки природы - Шум дождя (www.hotplayer.ru).mp3' (channels=2, sampleRate=48000)
INFO not found "/assets/sounds/Звуки природы - Шум дождя (www.hotplayer.ru).mp3" in vfs
ERROR WPSoundParser.cpp:178 audio file not found: sounds/Звуки природы - Шум дождя (www.hotplayer.ru).mp3
INFO audio Switch: loading 'sounds/Veela and Irosa Rosali - Going Home (galamp3.com).mp3' (channels=2, sampleRate=48000)
INFO not found "/assets/sounds/Veela and Irosa Rosali - Going Home (galamp3.com).mp3" in vfs
ERROR WPSoundParser.cpp:178 audio file not found: sounds/Veela and Irosa Rosali - Going Home (galamp3.com).mp3
INFO audio Switch: loading 'sounds/Звуки природы - Шум дождя (www.hotplayer.ru).mp3' (channels=2, sampleRate=48000)
INFO not found "/assets/sounds/Звуки природы - Шум дождя (www.hotplayer.ru).mp3" in vfs
ERROR WPSoundParser.cpp:178 audio file not found: sounds/Звуки природы - Шум дождя (www.hotplayer.ru).mp3
INFO audio Switch: loading 'sounds/Veela and Irosa Rosali, Elsie - Closed (galamp3.com).mp3' (channels=2, sampleRate=48000)
INFO not found "/assets/sounds/Veela and Irosa Rosali, Elsie - Closed (galamp3.com).mp3" in vfs
ERROR WPSoundParser.cpp:178 audio file not found: sounds/Veela and Irosa Rosali, Elsie - Closed (galamp3.com).mp3
INFO audio Switch: loading 'sounds/Звуки природы - Шум дождя (www.hotplayer.ru).mp3' (channels=2, sampleRate=48000)
INFO not found "/assets/sounds/Звуки природы - Шум дождя (www.hotplayer.ru).mp3" in vfs
ERROR WPSoundParser.cpp:178 audio file not found: sounds/Звуки природы - Шум дождя (www.hotplayer.ru).mp3
INFO audio Switch: loading 'sounds/Veela and Kooma - Pointless (galamp3.com).mp3' (channels=2, sampleRate=48000)
INFO not found "/assets/sounds/Veela and Kooma - Pointless (galamp3.com).mp3" in vfs
ERROR WPSoundParser.cpp:178 audio file not found: sounds/Veela and Kooma - Pointless (galamp3.com).mp3
INFO audio Switch: loading 'sounds/Звуки природы - Шум дождя (www.hotplayer.ru).mp3' (channels=2, sampleRate=48000)
INFO not found "/assets/sounds/Звуки природы - Шум дождя (www.hotplayer.ru).mp3" in vfs
ERROR WPSoundParser.cpp:178 audio file not found: sounds/Звуки природы - Шум дождя (www.hotplayer.ru).mp3
INFO audio Switch: loading 'sounds/Veela and Kooma - Retrospect (galamp3.com).mp3' (channels=2, sampleRate=48000)
INFO not found "/assets/sounds/Veela and Kooma - Retrospect (galamp3.com).mp3" in vfs
ERROR WPSoundParser.cpp:178 audio file not found: sounds/Veela and Kooma - Retrospect (galamp3.com).mp3
INFO audio Switch: loading 'sounds/Звуки природы - Шум дождя (www.hotplayer.ru).mp3' (channels=2, sampleRate=48000)
INFO not found "/assets/sounds/Звуки природы - Шум дождя (www.hotplayer.ru).mp3" in vfs
ERROR WPSoundParser.cpp:178 audio file not found: sounds/Звуки природы - Шум дождя (www.hotplayer.ru).mp3
INFO audio Switch: loading 'sounds/Kooma & Veela - Oasis (256  kbps).mp3' (channels=2, sampleRate=48000)
INFO not found "/assets/sounds/Kooma & Veela - Oasis (256  kbps).mp3" in vfs
ERROR WPSoundParser.cpp:178 audio file not found: sounds/Kooma & Veela - Oasis (256  kbps).mp3
INFO audio Switch: loading 'sounds/Звуки природы - Шум дождя (www.hotplayer.ru).mp3' (channels=2, sampleRate=48000)
INFO not found "/assets/sounds/Звуки природы - Шум дождя (www.hotplayer.ru).mp3" in vfs
ERROR WPSoundParser.cpp:178 audio file not found: sounds/Звуки природы - Шум дождя (www.hotplayer.ru).mp3
INFO audio Switch: loading 'sounds/aether-scotland-veela-valentine.mp3' (channels=2, sampleRate=48000)
INFO not found "/assets/sounds/aether-scotland-veela-valentine.mp3" in vfs
ERROR WPSoundParser.cpp:178 audio file not found: sounds/aether-scotland-veela-valentine.mp3
INFO audio Switch: loading 'sounds/Звуки природы - Шум дождя (www.hotplayer.ru).mp3' (channels=2, sampleRate=48000)
INFO not found "/assets/sounds/Звуки природы - Шум дождя (www.hotplayer.ru).mp3" in vfs
ERROR WPSoundParser.cpp:178 audio file not found: sounds/Звуки природы - Шум дождя (www.hotplayer.ru).mp3
INFO audio Switch: loading 'sounds/Veela and Irosa Rosali - Going Home (galamp3.com).mp3' (channels=2, sampleRate=48000)
INFO not found "/assets/sounds/Veela and Irosa Rosali - Going Home (galamp3.com).mp3" in vfs
ERROR WPSoundParser.cpp:178 audio file not found: sounds/Veela and Irosa Rosali - Going Home (galamp3.com).mp3
INFO audio Switch: loading 'sounds/Звуки природы - Шум дождя (www.hotplayer.ru).mp3' (channels=2, sampleRate=48000)
INFO not found "/assets/sounds/Звуки природы - Шум дождя (www.hotplayer.ru).mp3" in vfs
ERROR WPSoundParser.cpp:178 audio file not found: sounds/Звуки природы - Шум дождя (www.hotplayer.ru).mp3
INFO audio Switch: loading 'sounds/Veela and Irosa Rosali, Elsie - Closed (galamp3.com).mp3' (channels=2, sampleRate=48000)
INFO not found "/assets/sounds/Veela and Irosa Rosali, Elsie - Closed (galamp3.com).mp3" in vfs
ERROR WPSoundParser.cpp:178 audio file not found: sounds/Veela and Irosa Rosali, Elsie - Closed (galamp3.com).mp3
INFO audio Switch: loading 'sounds/Звуки природы - Шум дождя (www.hotplayer.ru).mp3' (channels=2, sampleRate=48000)
INFO not found "/assets/sounds/Звуки природы - Шум дождя (www.hotplayer.ru).mp3" in vfs
ERROR WPSoundParser.cpp:178 audio file not found: sounds/Звуки природы - Шум дождя (www.hotplayer.ru).mp3
INFO audio Switch: loading 'sounds/Veela and Kooma - Pointless (galamp3.com).mp3' (channels=2, sampleRate=48000)
INFO not found "/assets/sounds/Veela and Kooma - Pointless (galamp3.com).mp3" in vfs
ERROR WPSoundParser.cpp:178 audio file not found: sounds/Veela and Kooma - Pointless (galamp3.com).mp3
INFO audio Switch: loading 'sounds/Звуки природы - Шум дождя (www.hotplayer.ru).mp3' (channels=2, sampleRate=48000)
INFO not found "/assets/sounds/Звуки природы - Шум дождя (www.hotplayer.ru).mp3" in vfs
ERROR WPSoundParser.cpp:178 audio file not found: sounds/Звуки природы - Шум дождя (www.hotplayer.ru).mp3
INFO audio Switch: loading 'sounds/Veela and Kooma - Retrospect (galamp3.com).mp3' (channels=2, sampleRate=48000)
INFO not found "/assets/sounds/Veela and Kooma - Retrospect (galamp3.com).mp3" in vfs
ERROR WPSoundParser.cpp:178 audio file not found: sounds/Veela and Kooma - Retrospect (galamp3.com).mp3
INFO audio Switch: loading 'sounds/Звуки природы - Шум дождя (www.hotplayer.ru).mp3' (channels=2, sampleRate=48000)
INFO not found "/assets/sounds/Звуки природы - Шум дождя (www.hotplayer.ru).mp3" in vfs
ERROR WPSoundParser.cpp:178 audio file not found: sounds/Звуки природы - Шум дождя (www.hotplayer.ru).mp3
INFO audio Switch: loading 'sounds/Kooma & Veela - Oasis (256  kbps).mp3' (channels=2, sampleRate=48000)
INFO not found "/assets/sounds/Kooma & Veela - Oasis (256  kbps).mp3" in vfs
ERROR WPSoundParser.cpp:178 audio file not found: sounds/Kooma & Veela - Oasis (256  kbps).mp3
INFO audio Switch: loading 'sounds/Звуки природы - Шум дождя (www.hotplayer.ru).mp3' (channels=2, sampleRate=48000)
INFO not found "/assets/sounds/Звуки природы - Шум дождя (www.hotplayer.ru).mp3" in vfs
ERROR WPSoundParser.cpp:178 audio file not found: sounds/Звуки природы - Шум дождя (www.hotplayer.ru).mp3
INFO audio Switch: loading 'sounds/aether-scotland-veela-valentine.mp3' (channels=2, sampleRate=48000)
INFO not found "/assets/sounds/aether-scotland-veela-valentine.mp3" in vfs
ERROR WPSoundParser.cpp:178 audio file not found: sounds/aether-scotland-veela-valentine.mp3
INFO audio Switch: loading 'sounds/Звуки природы - Шум дождя (www.hotplayer.ru).mp3' (channels=2, sampleRate=48000)
INFO not found "/assets/sounds/Звуки природы - Шум дождя (www.hotplayer.ru).mp3" in vfs
ERROR WPSoundParser.cpp:178 audio file not found: sounds/Звуки природы - Шум дождя (www.hotplayer.ru).mp3
INFO audio Switch: loading 'sounds/Veela and Irosa Rosali - Going Home (galamp3.com).mp3' (channels=2, sampleRate=48000)
INFO not found "/assets/sounds/Veela and Irosa Rosali - Going Home (galamp3.com).mp3" in vfs
ERROR WPSoundParser.cpp:178 audio file not found: sounds/Veela and Irosa Rosali - Going Home (galamp3.com).mp3
INFO audio Switch: loading 'sounds/Звуки природы - Шум дождя (www.hotplayer.ru).mp3' (channels=2, sampleRate=48000)
INFO not found "/assets/sounds/Звуки природы - Шум дождя (www.hotplayer.ru).mp3" in vfs
ERROR WPSoundParser.cpp:178 audio file not found: sounds/Звуки природы - Шум дождя (www.hotplayer.ru).mp3
INFO audio Switch: loading 'sounds/Veela and Irosa Rosali, Elsie - Closed (galamp3.com).mp3' (channels=2, sampleRate=48000)
INFO not found "/assets/sounds/Veela and Irosa Rosali, Elsie - Closed (galamp3.com).mp3" in vfs
ERROR WPSoundParser.cpp:178 audio file not found: sounds/Veela and Irosa Rosali, Elsie - Closed (galamp3.com).mp3
INFO audio Switch: loading 'sounds/Звуки природы - Шум дождя (www.hotplayer.ru).mp3' (channels=2, sampleRate=48000)
INFO not found "/assets/sounds/Звуки природы - Шум дождя (www.hotplayer.ru).mp3" in vfs
ERROR WPSoundParser.cpp:178 audio file not found: sounds/Звуки природы - Шум дождя (www.hotplayer.ru).mp3
INFO audio Switch: loading 'sounds/Veela and Kooma - Pointless (galamp3.com).mp3' (channels=2, sampleRate=48000)
INFO not found "/assets/sounds/Veela and Kooma - Pointless (galamp3.com).mp3" in vfs
ERROR WPSoundParser.cpp:178 audio file not found: sounds/Veela and Kooma - Pointless (galamp3.com).mp3
INFO audio Switch: loading 'sounds/Звуки природы - Шум дождя (www.hotplayer.ru).mp3' (channels=2, sampleRate=48000)
INFO not found "/assets/sounds/Звуки природы - Шум дождя (www.hotplayer.ru).mp3" in vfs
ERROR WPSoundParser.cpp:178 audio file not found: sounds/Звуки природы - Шум дождя (www.hotplayer.ru).mp3
INFO audio Switch: loading 'sounds/Veela and Kooma - Retrospect (galamp3.com).mp3' (channels=2, sampleRate=48000)
INFO not found "/assets/sounds/Veela and Kooma - Retrospect (galamp3.com).mp3" in vfs
ERROR WPSoundParser.cpp:178 audio file not found: sounds/Veela and Kooma - Retrospect (galamp3.com).mp3
INFO audio Switch: loading 'sounds/Звуки природы - Шум дождя (www.hotplayer.ru).mp3' (channels=2, sampleRate=48000)
INFO not found "/assets/sounds/Звуки природы - Шум дождя (www.hotplayer.ru).mp3" in vfs
ERROR WPSoundParser.cpp:178 audio file not found: sounds/Звуки природы - Шум дождя (www.hotplayer.ru).mp3
INFO audio Switch: loading 'sounds/Kooma & Veela - Oasis (256  kbps).mp3' (channels=2, sampleRate=48000)
INFO not found "/assets/sounds/Kooma & Veela - Oasis (256  kbps).mp3" in vfs
ERROR WPSoundParser.cpp:178 audio file not found: sounds/Kooma & Veela - Oasis (256  kbps).mp3
INFO audio Switch: loading 'sounds/Звуки природы - Шум дождя (www.hotplayer.ru).mp3' (channels=2, sampleRate=48000)
INFO not found "/assets/sounds/Звуки природы - Шум дождя (www.hotplayer.ru).mp3" in vfs
ERROR WPSoundParser.cpp:178 audio file not found: sounds/Звуки природы - Шум дождя (www.hotplayer.ru).mp3
INFO audio Switch: loading 'sounds/aether-scotland-veela-valentine.mp3' (channels=2, sampleRate=48000)
INFO not found "/assets/sounds/aether-scotland-veela-valentine.mp3" in vfs
ERROR WPSoundParser.cpp:178 audio file not found: sounds/aether-scotland-veela-valentine.mp3
INFO audio Switch: loading 'sounds/Звуки природы - Шум дождя (www.hotplayer.ru).mp3' (channels=2, sampleRate=48000)
INFO not found "/assets/sounds/Звуки природы - Шум дождя (www.hotplayer.ru).mp3" in vfs
ERROR WPSoundParser.cpp:178 audio file not found: sounds/Звуки природы - Шум дождя (www.hotplayer.ru).mp3
INFO audio Switch: loading 'sounds/Veela and Irosa Rosali - Going Home (galamp3.com).mp3' (channels=2, sampleRate=48000)
INFO not found "/assets/sounds/Veela and Irosa Rosali - Going Home (galamp3.com).mp3" in vfs
ERROR WPSoundParser.cpp:178 audio file not found: sounds/Veela and Irosa Rosali - Going Home (galamp3.com).mp3
INFO audio Switch: loading 'sounds/Звуки природы - Шум дождя (www.hotplayer.ru).mp3' (channels=2, sampleRate=48000)
INFO not found "/assets/sounds/Звуки природы - Шум дождя (www.hotplayer.ru).mp3" in vfs
ERROR WPSoundParser.cpp:178 audio file not found: sounds/Звуки природы - Шум дождя (www.hotplayer.ru).mp3
INFO audio Switch: loading 'sounds/Veela and Irosa Rosali, Elsie - Closed (galamp3.com).mp3' (channels=2, sampleRate=48000)
INFO not found "/assets/sounds/Veela and Irosa Rosali, Elsie - Closed (galamp3.com).mp3" in vfs
ERROR WPSoundParser.cpp:178 audio file not found: sounds/Veela and Irosa Rosali, Elsie - Closed (galamp3.com).mp3
INFO audio Switch: loading 'sounds/Звуки природы - Шум дождя (www.hotplayer.ru).mp3' (channels=2, sampleRate=48000)
INFO not found "/assets/sounds/Звуки природы - Шум дождя (www.hotplayer.ru).mp3" in vfs
ERROR WPSoundParser.cpp:178 audio file not found: sounds/Звуки природы - Шум дождя (www.hotplayer.ru).mp3
INFO audio Switch: loading 'sounds/Veela and Kooma - Pointless (galamp3.com).mp3' (channels=2, sampleRate=48000)
INFO not found "/assets/sounds/Veela and Kooma - Pointless (galamp3.com).mp3" in vfs
ERROR WPSoundParser.cpp:178 audio file not found: sounds/Veela and Kooma - Pointless (galamp3.com).mp3
INFO audio Switch: loading 'sounds/Звуки природы - Шум дождя (www.hotplayer.ru).mp3' (channels=2, sampleRate=48000)
INFO not found "/assets/sounds/Звуки природы - Шум дождя (www.hotplayer.ru).mp3" in vfs
ERROR WPSoundParser.cpp:178 audio file not found: sounds/Звуки природы - Шум дождя (www.hotplayer.ru).mp3
INFO audio Switch: loading 'sounds/Veela and Kooma - Retrospect (galamp3.com).mp3' (channels=2, sampleRate=48000)
INFO not found "/assets/sounds/Veela and Kooma - Retrospect (galamp3.com).mp3" in vfs
ERROR WPSoundParser.cpp:178 audio file not found: sounds/Veela and Kooma - Retrospect (galamp3.com).mp3
INFO audio Switch: loading 'sounds/Звуки природы - Шум дождя (www.hotplayer.ru).mp3' (channels=2, sampleRate=48000)
INFO not found "/assets/sounds/Звуки природы - Шум дождя (www.hotplayer.ru).mp3" in vfs
ERROR WPSoundParser.cpp:178 audio file not found: sounds/Звуки природы - Шум дождя (www.hotplayer.ru).mp3
INFO audio Switch: loading 'sounds/Kooma & Veela - Oasis (256  kbps).mp3' (channels=2, sampleRate=48000)
INFO not found "/assets/sounds/Kooma & Veela - Oasis (256  kbps).mp3" in vfs
ERROR WPSoundParser.cpp:178 audio file not found: sounds/Kooma & Veela - Oasis (256  kbps).mp3
INFO audio Switch: loading 'sounds/Звуки природы - Шум дождя (www.hotplayer.ru).mp3' (channels=2, sampleRate=48000)
INFO not found "/assets/sounds/Звуки природы - Шум дождя (www.hotplayer.ru).mp3" in vfs
ERROR WPSoundParser.cpp:178 audio file not found: sounds/Звуки природы - Шум дождя (www.hotplayer.ru).mp3
INFO audio Switch: loading 'sounds/aether-scotland-veela-valentine.mp3' (channels=2, sampleRate=48000)
INFO not found "/assets/sounds/aether-scotland-veela-valentine.mp3" in vfs
ERROR WPSoundParser.cpp:178 audio file not found: sounds/aether-scotland-veela-valentine.mp3
INFO audio Switch: loading 'sounds/Звуки природы - Шум дождя (www.hotplayer.ru).mp3' (channels=2, sampleRate=48000)
INFO not found "/assets/sounds/Звуки природы - Шум дождя (www.hotplayer.ru).mp3" in vfs
ERROR WPSoundParser.cpp:178 audio file not found: sounds/Звуки природы - Шум дождя (www.hotplayer.ru).mp3
INFO audio Switch: loading 'sounds/Veela and Irosa Rosali - Going Home (galamp3.com).mp3' (channels=2, sampleRate=48000)
INFO not found "/assets/sounds/Veela and Irosa Rosali - Going Home (galamp3.com).mp3" in vfs
ERROR WPSoundParser.cpp:178 audio file not found: sounds/Veela and Irosa Rosali - Going Home (galamp3.com).mp3
INFO audio Switch: loading 'sounds/Звуки природы - Шум дождя (www.hotplayer.ru).mp3' (channels=2, sampleRate=48000)
INFO not found "/assets/sounds/Звуки природы - Шум дождя (www.hotplayer.ru).mp3" in vfs
ERROR WPSoundParser.cpp:178 audio file not found: sounds/Звуки природы - Шум дождя (www.hotplayer.ru).mp3
INFO audio Switch: loading 'sounds/Veela and Irosa Rosali, Elsie - Closed (galamp3.com).mp3' (channels=2, sampleRate=48000)
INFO not found "/assets/sounds/Veela and Irosa Rosali, Elsie - Closed (galamp3.com).mp3" in vfs
ERROR WPSoundParser.cpp:178 audio file not found: sounds/Veela and Irosa Rosali, Elsie - Closed (galamp3.com).mp3
INFO audio Switch: loading 'sounds/Звуки природы - Шум дождя (www.hotplayer.ru).mp3' (channels=2, sampleRate=48000)
INFO not found "/assets/sounds/Звуки природы - Шум дождя (www.hotplayer.ru).mp3" in vfs
ERROR WPSoundParser.cpp:178 audio file not found: sounds/Звуки природы - Шум дождя (www.hotplayer.ru).mp3
INFO audio Switch: loading 'sounds/Veela and Kooma - Pointless (galamp3.com).mp3' (channels=2, sampleRate=48000)
INFO not found "/assets/sounds/Veela and Kooma - Pointless (galamp3.com).mp3" in vfs
ERROR WPSoundParser.cpp:178 audio file not found: sounds/Veela and Kooma - Pointless (galamp3.com).mp3
INFO audio Switch: loading 'sounds/Звуки природы - Шум дождя (www.hotplayer.ru).mp3' (channels=2, sampleRate=48000)
INFO not found "/assets/sounds/Звуки природы - Шум дождя (www.hotplayer.ru).mp3" in vfs
ERROR WPSoundParser.cpp:178 audio file not found: sounds/Звуки природы - Шум дождя (www.hotplayer.ru).mp3
INFO audio Switch: loading 'sounds/Veela and Kooma - Retrospect (galamp3.com).mp3' (channels=2, sampleRate=48000)
INFO not found "/assets/sounds/Veela and Kooma - Retrospect (galamp3.com).mp3" in vfs
ERROR WPSoundParser.cpp:178 audio file not found: sounds/Veela and Kooma - Retrospect (galamp3.com).mp3
INFO audio Switch: loading 'sounds/Звуки природы - Шум дождя (www.hotplayer.ru).mp3' (channels=2, sampleRate=48000)
INFO not found "/assets/sounds/Звуки природы - Шум дождя (www.hotplayer.ru).mp3" in vfs
ERROR WPSoundParser.cpp:178 audio file not found: sounds/Звуки природы - Шум дождя (www.hotplayer.ru).mp3
INFO audio Switch: loading 'sounds/Kooma & Veela - Oasis (256  kbps).mp3' (channels=2, sampleRate=48000)
INFO not found "/assets/sounds/Kooma & Veela - Oasis (256  kbps).mp3" in vfs
ERROR WPSoundParser.cpp:178 audio file not found: sounds/Kooma & Veela - Oasis (256  kbps).mp3
INFO audio Switch: loading 'sounds/Звуки природы - Шум дождя (www.hotplayer.ru).mp3' (channels=2, sampleRate=48000)
INFO not found "/assets/sounds/Звуки природы - Шум дождя (www.hotplayer.ru).mp3" in vfs
ERROR WPSoundParser.cpp:178 audio file not found: sounds/Звуки природы - Шум дождя (www.hotplayer.ru).mp3
INFO audio Switch: loading 'sounds/aether-scotland-veela-valentine.mp3' (channels=2, sampleRate=48000)
INFO not found "/assets/sounds/aether-scotland-veela-valentine.mp3" in vfs
ERROR WPSoundParser.cpp:178 audio file not found: sounds/aether-scotland-veela-valentine.mp3
INFO audio Switch: loading 'sounds/Звуки природы - Шум дождя (www.hotplayer.ru).mp3' (channels=2, sampleRate=48000)
INFO not found "/assets/sounds/Звуки природы - Шум дождя (www.hotplayer.ru).mp3" in vfs
ERROR WPSoundParser.cpp:178 audio file not found: sounds/Звуки природы - Шум дождя (www.hotplayer.ru).mp3
INFO audio Switch: loading 'sounds/Veela and Irosa Rosali - Going Home (galamp3.com).mp3' (channels=2, sampleRate=48000)
INFO not found "/assets/sounds/Veela and Irosa Rosali - Going Home (galamp3.com).mp3" in vfs
ERROR WPSoundParser.cpp:178 audio file not found: sounds/Veela and Irosa Rosali - Going Home (galamp3.com).mp3
INFO audio Switch: loading 'sounds/Звуки природы - Шум дождя (www.hotplayer.ru).mp3' (channels=2, sampleRate=48000)
INFO not found "/assets/sounds/Звуки природы - Шум дождя (www.hotplayer.ru).mp3" in vfs
ERROR WPSoundParser.cpp:178 audio file not found: sounds/Звуки природы - Шум дождя (www.hotplayer.ru).mp3
INFO audio Switch: loading 'sounds/Veela and Irosa Rosali, Elsie - Closed (galamp3.com).mp3' (channels=2, sampleRate=48000)
INFO not found "/assets/sounds/Veela and Irosa Rosali, Elsie - Closed (galamp3.com).mp3" in vfs
ERROR WPSoundParser.cpp:178 audio file not found: sounds/Veela and Irosa Rosali, Elsie - Closed (galamp3.com).mp3
INFO audio Switch: loading 'sounds/Звуки природы - Шум дождя (www.hotplayer.ru).mp3' (channels=2, sampleRate=48000)
INFO not found "/assets/sounds/Звуки природы - Шум дождя (www.hotplayer.ru).mp3" in vfs
ERROR WPSoundParser.cpp:178 audio file not found: sounds/Звуки природы - Шум дождя (www.hotplayer.ru).mp3
INFO audio Switch: loading 'sounds/Veela and Kooma - Pointless (galamp3.com).mp3' (channels=2, sampleRate=48000)
INFO not found "/assets/sounds/Veela and Kooma - Pointless (galamp3.com).mp3" in vfs
ERROR WPSoundParser.cpp:178 audio file not found: sounds/Veela and Kooma - Pointless (galamp3.com).mp3
INFO audio Switch: loading 'sounds/Звуки природы - Шум дождя (www.hotplayer.ru).mp3' (channels=2, sampleRate=48000)
INFO not found "/assets/sounds/Звуки природы - Шум дождя (www.hotplayer.ru).mp3" in vfs
ERROR WPSoundParser.cpp:178 audio file not found: sounds/Звуки природы - Шум дождя (www.hotplayer.ru).mp3
INFO audio Switch: loading 'sounds/Veela and Kooma - Retrospect (galamp3.com).mp3' (channels=2, sampleRate=48000)
INFO not found "/assets/sounds/Veela and Kooma - Retrospect (galamp3.com).mp3" in vfs
ERROR WPSoundParser.cpp:178 audio file not found: sounds/Veela and Kooma - Retrospect (galamp3.com).mp3
INFO audio Switch: loading 'sounds/Звуки природы - Шум дождя (www.hotplayer.ru).mp3' (channels=2, sampleRate=48000)
INFO not found "/assets/sounds/Звуки природы - Шум дождя (www.hotplayer.ru).mp3" in vfs
ERROR WPSoundParser.cpp:178 audio file not found: sounds/Звуки природы - Шум дождя (www.hotplayer.ru).mp3
INFO audio Switch: loading 'sounds/Kooma & Veela - Oasis (256  kbps).mp3' (channels=2, sampleRate=48000)
INFO not found "/assets/sounds/Kooma & Veela - Oasis (256  kbps).mp3" in vfs
ERROR WPSoundParser.cpp:178 audio file not found: sounds/Kooma & Veela - Oasis (256  kbps).mp3
INFO audio Switch: loading 'sounds/Звуки природы - Шум дождя (www.hotplayer.ru).mp3' (channels=2, sampleRate=48000)
INFO not found "/assets/sounds/Звуки природы - Шум дождя (www.hotplayer.ru).mp3" in vfs
ERROR WPSoundParser.cpp:178 audio file not found: sounds/Звуки природы - Шум дождя (www.hotplayer.ru).mp3
INFO audio Switch: loading 'sounds/aether-scotland-veela-valentine.mp3' (channels=2, sampleRate=48000)
INFO not found "/assets/sounds/aether-scotland-veela-valentine.mp3" in vfs
ERROR WPSoundParser.cpp:178 audio file not found: sounds/aether-scotland-veela-valentine.mp3
INFO audio Switch: loading 'sounds/Звуки природы - Шум дождя (www.hotplayer.ru).mp3' (channels=2, sampleRate=48000)
INFO not found "/assets/sounds/Звуки природы - Шум дождя (www.hotplayer.ru).mp3" in vfs
ERROR WPSoundParser.cpp:178 audio file not found: sounds/Звуки природы - Шум дождя (www.hotplayer.ru).mp3
INFO audio Switch: loading 'sounds/Veela and Irosa Rosali - Going Home (galamp3.com).mp3' (channels=2, sampleRate=48000)
INFO not found "/assets/sounds/Veela and Irosa Rosali - Going Home (galamp3.com).mp3" in vfs
ERROR WPSoundParser.cpp:178 audio file not found: sounds/Veela and Irosa Rosali - Going Home (galamp3.com).mp3
INFO audio Switch: loading 'sounds/Звуки природы - Шум дождя (www.hotplayer.ru).mp3' (channels=2, sampleRate=48000)
INFO not found "/assets/sounds/Звуки природы - Шум дождя (www.hotplayer.ru).mp3" in vfs
ERROR WPSoundParser.cpp:178 audio file not found: sounds/Звуки природы - Шум дождя (www.hotplayer.ru).mp3
INFO audio Switch: loading 'sounds/Veela and Irosa Rosali, Elsie - Closed (galamp3.com).mp3' (channels=2, sampleRate=48000)
INFO not found "/assets/sounds/Veela and Irosa Rosali, Elsie - Closed (galamp3.com).mp3" in vfs
ERROR WPSoundParser.cpp:178 audio file not found: sounds/Veela and Irosa Rosali, Elsie - Closed (galamp3.com).mp3
INFO audio Switch: loading 'sounds/Звуки природы - Шум дождя (www.hotplayer.ru).mp3' (channels=2, sampleRate=48000)
INFO not found "/assets/sounds/Звуки природы - Шум дождя (www.hotplayer.ru).mp3" in vfs
ERROR WPSoundParser.cpp:178 audio file not found: sounds/Звуки природы - Шум дождя (www.hotplayer.ru).mp3
INFO audio Switch: loading 'sounds/Veela and Kooma - Pointless (galamp3.com).mp3' (channels=2, sampleRate=48000)
INFO not found "/assets/sounds/Veela and Kooma - Pointless (galamp3.com).mp3" in vfs
ERROR WPSoundParser.cpp:178 audio file not found: sounds/Veela and Kooma - Pointless (galamp3.com).mp3
INFO audio Switch: loading 'sounds/Звуки природы - Шум дождя (www.hotplayer.ru).mp3' (channels=2, sampleRate=48000)
INFO not found "/assets/sounds/Звуки природы - Шум дождя (www.hotplayer.ru).mp3" in vfs
ERROR WPSoundParser.cpp:178 audio file not found: sounds/Звуки природы - Шум дождя (www.hotplayer.ru).mp3
INFO audio Switch: loading 'sounds/Veela and Kooma - Retrospect (galamp3.com).mp3' (channels=2, sampleRate=48000)
INFO not found "/assets/sounds/Veela and Kooma - Retrospect (galamp3.com).mp3" in vfs
ERROR WPSoundParser.cpp:178 audio file not found: sounds/Veela and Kooma - Retrospect (galamp3.com).mp3
INFO audio Switch: loading 'sounds/Звуки природы - Шум дождя (www.hotplayer.ru).mp3' (channels=2, sampleRate=48000)
INFO not found "/assets/sounds/Звуки природы - Шум дождя (www.hotplayer.ru).mp3" in vfs
ERROR WPSoundParser.cpp:178 audio file not found: sounds/Звуки природы - Шум дождя (www.hotplayer.ru).mp3
INFO audio Switch: loading 'sounds/Kooma & Veela - Oasis (256  kbps).mp3' (channels=2, sampleRate=48000)
INFO not found "/assets/sounds/Kooma & Veela - Oasis (256  kbps).mp3" in vfs
ERROR WPSoundParser.cpp:178 audio file not found: sounds/Kooma & Veela - Oasis (256  kbps).mp3
INFO audio Switch: loading 'sounds/Звуки природы - Шум дождя (www.hotplayer.ru).mp3' (channels=2, sampleRate=48000)
INFO not found "/assets/sounds/Звуки природы - Шум дождя (www.hotplayer.ru).mp3" in vfs
ERROR WPSoundParser.cpp:178 audio file not found: sounds/Звуки природы - Шум дождя (www.hotplayer.ru).mp3
INFO audio Switch: loading 'sounds/aether-scotland-veela-valentine.mp3' (channels=2, sampleRate=48000)
INFO not found "/assets/sounds/aether-scotland-veela-valentine.mp3" in vfs
ERROR WPSoundParser.cpp:178 audio file not found: sounds/aether-scotland-veela-valentine.mp3
INFO audio Switch: loading 'sounds/Звуки природы - Шум дождя (www.hotplayer.ru).mp3' (channels=2, sampleRate=48000)
INFO not found "/assets/sounds/Звуки природы - Шум дождя (www.hotplayer.ru).mp3" in vfs
ERROR WPSoundParser.cpp:178 audio file not found: sounds/Звуки природы - Шум дождя (www.hotplayer.ru).mp3
INFO audio Switch: loading 'sounds/Veela and Irosa Rosali - Going Home (galamp3.com).mp3' (channels=2, sampleRate=48000)
INFO not found "/assets/sounds/Veela and Irosa Rosali - Going Home (galamp3.com).mp3" in vfs
ERROR WPSoundParser.cpp:178 audio file not found: sounds/Veela and Irosa Rosali - Going Home (galamp3.com).mp3
INFO audio Switch: loading 'sounds/Звуки природы - Шум дождя (www.hotplayer.ru).mp3' (channels=2, sampleRate=48000)
INFO not found "/assets/sounds/Звуки природы - Шум дождя (www.hotplayer.ru).mp3" in vfs
ERROR WPSoundParser.cpp:178 audio file not found: sounds/Звуки природы - Шум дождя (www.hotplayer.ru).mp3
INFO audio Switch: loading 'sounds/Veela and Irosa Rosali, Elsie - Closed (galamp3.com).mp3' (channels=2, sampleRate=48000)
INFO not found "/assets/sounds/Veela and Irosa Rosali, Elsie - Closed (galamp3.com).mp3" in vfs
ERROR WPSoundParser.cpp:178 audio file not found: sounds/Veela and Irosa Rosali, Elsie - Closed (galamp3.com).mp3
INFO audio Switch: loading 'sounds/Звуки природы - Шум дождя (www.hotplayer.ru).mp3' (channels=2, sampleRate=48000)
INFO not found "/assets/sounds/Звуки природы - Шум дождя (www.hotplayer.ru).mp3" in vfs
ERROR WPSoundParser.cpp:178 audio file not found: sounds/Звуки природы - Шум дождя (www.hotplayer.ru).mp3
INFO audio Switch: loading 'sounds/Veela and Kooma - Pointless (galamp3.com).mp3' (channels=2, sampleRate=48000)
INFO not found "/assets/sounds/Veela and Kooma - Pointless (galamp3.com).mp3" in vfs
ERROR WPSoundParser.cpp:178 audio file not found: sounds/Veela and Kooma - Pointless (galamp3.com).mp3
INFO audio Switch: loading 'sounds/Звуки природы - Шум дождя (www.hotplayer.ru).mp3' (channels=2, sampleRate=48000)
INFO not found "/assets/sounds/Звуки природы - Шум дождя (www.hotplayer.ru).mp3" in vfs
ERROR WPSoundParser.cpp:178 audio file not found: sounds/Звуки природы - Шум дождя (www.hotplayer.ru).mp3
INFO audio Switch: loading 'sounds/Veela and Kooma - Retrospect (galamp3.com).mp3' (channels=2, sampleRate=48000)
INFO not found "/assets/sounds/Veela and Kooma - Retrospect (galamp3.com).mp3" in vfs
ERROR WPSoundParser.cpp:178 audio file not found: sounds/Veela and Kooma - Retrospect (galamp3.com).mp3
INFO audio Switch: loading 'sounds/Звуки природы - Шум дождя (www.hotplayer.ru).mp3' (channels=2, sampleRate=48000)
INFO not found "/assets/sounds/Звуки природы - Шум дождя (www.hotplayer.ru).mp3" in vfs
ERROR WPSoundParser.cpp:178 audio file not found: sounds/Звуки природы - Шум дождя (www.hotplayer.ru).mp3
INFO audio Switch: loading 'sounds/Kooma & Veela - Oasis (256  kbps).mp3' (channels=2, sampleRate=48000)
INFO not found "/assets/sounds/Kooma & Veela - Oasis (256  kbps).mp3" in vfs
ERROR WPSoundParser.cpp:178 audio file not found: sounds/Kooma & Veela - Oasis (256  kbps).mp3
INFO audio Switch: loading 'sounds/Звуки природы - Шум дождя (www.hotplayer.ru).mp3' (channels=2, sampleRate=48000)
INFO not found "/assets/sounds/Звуки природы - Шум дождя (www.hotplayer.ru).mp3" in vfs
ERROR WPSoundParser.cpp:178 audio file not found: sounds/Звуки природы - Шум дождя (www.hotplayer.ru).mp3
INFO audio Switch: loading 'sounds/aether-scotland-veela-valentine.mp3' (channels=2, sampleRate=48000)
INFO not found "/assets/sounds/aether-scotland-veela-valentine.mp3" in vfs
ERROR WPSoundParser.cpp:178 audio file not found: sounds/aether-scotland-veela-valentine.mp3
INFO audio Switch: loading 'sounds/Звуки природы - Шум дождя (www.hotplayer.ru).mp3' (channels=2, sampleRate=48000)
INFO not found "/assets/sounds/Звуки природы - Шум дождя (www.hotplayer.ru).mp3" in vfs
ERROR WPSoundParser.cpp:178 audio file not found: sounds/Звуки природы - Шум дождя (www.hotplayer.ru).mp3
INFO audio Switch: loading 'sounds/Veela and Irosa Rosali - Going Home (galamp3.com).mp3' (channels=2, sampleRate=48000)
INFO not found "/assets/sounds/Veela and Irosa Rosali - Going Home (galamp3.com).mp3" in vfs
ERROR WPSoundParser.cpp:178 audio file not found: sounds/Veela and Irosa Rosali - Going Home (galamp3.com).mp3
INFO audio Switch: loading 'sounds/Звуки природы - Шум дождя (www.hotplayer.ru).mp3' (channels=2, sampleRate=48000)
INFO not found "/assets/sounds/Звуки природы - Шум дождя (www.hotplayer.ru).mp3" in vfs
ERROR WPSoundParser.cpp:178 audio file not found: sounds/Звуки природы - Шум дождя (www.hotplayer.ru).mp3
INFO audio Switch: loading 'sounds/Veela and Irosa Rosali, Elsie - Closed (galamp3.com).mp3' (channels=2, sampleRate=48000)
INFO not found "/assets/sounds/Veela and Irosa Rosali, Elsie - Closed (galamp3.com).mp3" in vfs
ERROR WPSoundParser.cpp:178 audio file not found: sounds/Veela and Irosa Rosali, Elsie - Closed (galamp3.com).mp3
INFO audio Switch: loading 'sounds/Звуки природы - Шум дождя (www.hotplayer.ru).mp3' (channels=2, sampleRate=48000)
INFO not found "/assets/sounds/Звуки природы - Шум дождя (www.hotplayer.ru).mp3" in vfs
ERROR WPSoundParser.cpp:178 audio file not found: sounds/Звуки природы - Шум дождя (www.hotplayer.ru).mp3
INFO audio Switch: loading 'sounds/Veela and Kooma - Pointless (galamp3.com).mp3' (channels=2, sampleRate=48000)
INFO not found "/assets/sounds/Veela and Kooma - Pointless (galamp3.com).mp3" in vfs
ERROR WPSoundParser.cpp:178 audio file not found: sounds/Veela and Kooma - Pointless (galamp3.com).mp3
INFO audio Switch: loading 'sounds/Звуки природы - Шум дождя (www.hotplayer.ru).mp3' (channels=2, sampleRate=48000)
INFO not found "/assets/sounds/Звуки природы - Шум дождя (www.hotplayer.ru).mp3" in vfs
ERROR WPSoundParser.cpp:178 audio file not found: sounds/Звуки природы - Шум дождя (www.hotplayer.ru).mp3
INFO audio Switch: loading 'sounds/Veela and Kooma - Retrospect (galamp3.com).mp3' (channels=2, sampleRate=48000)
INFO not found "/assets/sounds/Veela and Kooma - Retrospect (galamp3.com).mp3" in vfs
ERROR WPSoundParser.cpp:178 audio file not found: sounds/Veela and Kooma - Retrospect (galamp3.com).mp3
INFO audio Switch: loading 'sounds/Звуки природы - Шум дождя (www.hotplayer.ru).mp3' (channels=2, sampleRate=48000)
INFO not found "/assets/sounds/Звуки природы - Шум дождя (www.hotplayer.ru).mp3" in vfs
ERROR WPSoundParser.cpp:178 audio file not found: sounds/Звуки природы - Шум дождя (www.hotplayer.ru).mp3
INFO audio Switch: loading 'sounds/Kooma & Veela - Oasis (256  kbps).mp3' (channels=2, sampleRate=48000)
INFO not found "/assets/sounds/Kooma & Veela - Oasis (256  kbps).mp3" in vfs
ERROR WPSoundParser.cpp:178 audio file not found: sounds/Kooma & Veela - Oasis (256  kbps).mp3
INFO audio Switch: loading 'sounds/Звуки природы - Шум дождя (www.hotplayer.ru).mp3' (channels=2, sampleRate=48000)
INFO not found "/assets/sounds/Звуки природы - Шум дождя (www.hotplayer.ru).mp3" in vfs
ERROR WPSoundParser.cpp:178 audio file not found: sounds/Звуки природы - Шум дождя (www.hotplayer.ru).mp3
INFO audio Switch: loading 'sounds/aether-scotland-veela-valentine.mp3' (channels=2, sampleRate=48000)
INFO not found "/assets/sounds/aether-scotland-veela-valentine.mp3" in vfs
ERROR WPSoundParser.cpp:178 audio file not found: sounds/aether-scotland-veela-valentine.mp3
INFO audio Switch: loading 'sounds/Звуки природы - Шум дождя (www.hotplayer.ru).mp3' (channels=2, sampleRate=48000)
INFO not found "/assets/sounds/Звуки природы - Шум дождя (www.hotplayer.ru).mp3" in vfs
ERROR WPSoundParser.cpp:178 audio file not found: sounds/Звуки природы - Шум дождя (www.hotplayer.ru).mp3
INFO audio Switch: loading 'sounds/Veela and Irosa Rosali - Going Home (galamp3.com).mp3' (channels=2, sampleRate=48000)
INFO not found "/assets/sounds/Veela and Irosa Rosali - Going Home (galamp3.com).mp3" in vfs
ERROR WPSoundParser.cpp:178 audio file not found: sounds/Veela and Irosa Rosali - Going Home (galamp3.com).mp3
INFO audio Switch: loading 'sounds/Звуки природы - Шум дождя (www.hotplayer.ru).mp3' (channels=2, sampleRate=48000)
INFO not found "/assets/sounds/Звуки природы - Шум дождя (www.hotplayer.ru).mp3" in vfs
ERROR WPSoundParser.cpp:178 audio file not found: sounds/Звуки природы - Шум дождя (www.hotplayer.ru).mp3
INFO audio Switch: loading 'sounds/Veela and Irosa Rosali, Elsie - Closed (galamp3.com).mp3' (channels=2, sampleRate=48000)
INFO not found "/assets/sounds/Veela and Irosa Rosali, Elsie - Closed (galamp3.com).mp3" in vfs
ERROR WPSoundParser.cpp:178 audio file not found: sounds/Veela and Irosa Rosali, Elsie - Closed (galamp3.com).mp3
INFO audio Switch: loading 'sounds/Звуки природы - Шум дождя (www.hotplayer.ru).mp3' (channels=2, sampleRate=48000)
INFO not found "/assets/sounds/Звуки природы - Шум дождя (www.hotplayer.ru).mp3" in vfs
ERROR WPSoundParser.cpp:178 audio file not found: sounds/Звуки природы - Шум дождя (www.hotplayer.ru).mp3
INFO audio Switch: loading 'sounds/Veela and Kooma - Pointless (galamp3.com).mp3' (channels=2, sampleRate=48000)
INFO not found "/assets/sounds/Veela and Kooma - Pointless (galamp3.com).mp3" in vfs
ERROR WPSoundParser.cpp:178 audio file not found: sounds/Veela and Kooma - Pointless (galamp3.com).mp3
INFO audio Switch: loading 'sounds/Звуки природы - Шум дождя (www.hotplayer.ru).mp3' (channels=2, sampleRate=48000)
INFO not found "/assets/sounds/Звуки природы - Шум дождя (www.hotplayer.ru).mp3" in vfs
ERROR WPSoundParser.cpp:178 audio file not found: sounds/Звуки природы - Шум дождя (www.hotplayer.ru).mp3
INFO audio Switch: loading 'sounds/Veela and Kooma - Retrospect (galamp3.com).mp3' (channels=2, sampleRate=48000)
INFO not found "/assets/sounds/Veela and Kooma - Retrospect (galamp3.com).mp3" in vfs
ERROR WPSoundParser.cpp:178 audio file not found: sounds/Veela and Kooma - Retrospect (galamp3.com).mp3
INFO audio Switch: loading 'sounds/Звуки природы - Шум дождя (www.hotplayer.ru).mp3' (channels=2, sampleRate=48000)
INFO not found "/assets/sounds/Звуки природы - Шум дождя (www.hotplayer.ru).mp3" in vfs
ERROR WPSoundParser.cpp:178 audio file not found: sounds/Звуки природы - Шум дождя (www.hotplayer.ru).mp3
INFO audio Switch: loading 'sounds/Kooma & Veela - Oasis (256  kbps).mp3' (channels=2, sampleRate=48000)
INFO not found "/assets/sounds/Kooma & Veela - Oasis (256  kbps).mp3" in vfs
ERROR WPSoundParser.cpp:178 audio file not found: sounds/Kooma & Veela - Oasis (256  kbps).mp3
INFO audio Switch: loading 'sounds/Звуки природы - Шум дождя (www.hotplayer.ru).mp3' (channels=2, sampleRate=48000)
INFO not found "/assets/sounds/Звуки природы - Шум дождя (www.hotplayer.ru).mp3" in vfs
ERROR WPSoundParser.cpp:178 audio file not found: sounds/Звуки природы - Шум дождя (www.hotplayer.ru).mp3
INFO audio Switch: loading 'sounds/aether-scotland-veela-valentine.mp3' (channels=2, sampleRate=48000)
INFO not found "/assets/sounds/aether-scotland-veela-valentine.mp3" in vfs
ERROR WPSoundParser.cpp:178 audio file not found: sounds/aether-scotland-veela-valentine.mp3
INFO audio Switch: loading 'sounds/Звуки природы - Шум дождя (www.hotplayer.ru).mp3' (channels=2, sampleRate=48000)
INFO not found "/assets/sounds/Звуки природы - Шум дождя (www.hotplayer.ru).mp3" in vfs
ERROR WPSoundParser.cpp:178 audio file not found: sounds/Звуки природы - Шум дождя (www.hotplayer.ru).mp3
INFO audio Switch: loading 'sounds/Veela and Irosa Rosali - Going Home (galamp3.com).mp3' (channels=2, sampleRate=48000)
INFO not found "/assets/sounds/Veela and Irosa Rosali - Going Home (galamp3.com).mp3" in vfs
ERROR WPSoundParser.cpp:178 audio file not found: sounds/Veela and Irosa Rosali - Going Home (galamp3.com).mp3
INFO audio Switch: loading 'sounds/Звуки природы - Шум дождя (www.hotplayer.ru).mp3' (channels=2, sampleRate=48000)
INFO not found "/assets/sounds/Звуки природы - Шум дождя (www.hotplayer.ru).mp3" in vfs
ERROR WPSoundParser.cpp:178 audio file not found: sounds/Звуки природы - Шум дождя (www.hotplayer.ru).mp3
INFO audio Switch: loading 'sounds/Veela and Irosa Rosali, Elsie - Closed (galamp3.com).mp3' (channels=2, sampleRate=48000)
INFO not found "/assets/sounds/Veela and Irosa Rosali, Elsie - Closed (galamp3.com).mp3" in vfs
ERROR WPSoundParser.cpp:178 audio file not found: sounds/Veela and Irosa Rosali, Elsie - Closed (galamp3.com).mp3
INFO audio Switch: loading 'sounds/Звуки природы - Шум дождя (www.hotplayer.ru).mp3' (channels=2, sampleRate=48000)
INFO not found "/assets/sounds/Звуки природы - Шум дождя (www.hotplayer.ru).mp3" in vfs
ERROR WPSoundParser.cpp:178 audio file not found: sounds/Звуки природы - Шум дождя (www.hotplayer.ru).mp3
INFO audio Switch: loading 'sounds/Veela and Kooma - Pointless (galamp3.com).mp3' (channels=2, sampleRate=48000)
INFO not found "/assets/sounds/Veela and Kooma - Pointless (galamp3.com).mp3" in vfs
ERROR WPSoundParser.cpp:178 audio file not found: sounds/Veela and Kooma - Pointless (galamp3.com).mp3
INFO audio Switch: loading 'sounds/Звуки природы - Шум дождя (www.hotplayer.ru).mp3' (channels=2, sampleRate=48000)
INFO not found "/assets/sounds/Звуки природы - Шум дождя (www.hotplayer.ru).mp3" in vfs
ERROR WPSoundParser.cpp:178 audio file not found: sounds/Звуки природы - Шум дождя (www.hotplayer.ru).mp3
INFO audio Switch: loading 'sounds/Veela and Kooma - Retrospect (galamp3.com).mp3' (channels=2, sampleRate=48000)
INFO not found "/assets/sounds/Veela and Kooma - Retrospect (galamp3.com).mp3" in vfs
ERROR WPSoundParser.cpp:178 audio file not found: sounds/Veela and Kooma - Retrospect (galamp3.com).mp3
INFO audio Switch: loading 'sounds/Звуки природы - Шум дождя (www.hotplayer.ru).mp3' (channels=2, sampleRate=48000)
INFO not found "/assets/sounds/Звуки природы - Шум дождя (www.hotplayer.ru).mp3" in vfs
ERROR WPSoundParser.cpp:178 audio file not found: sounds/Звуки природы - Шум дождя (www.hotplayer.ru).mp3
INFO audio Switch: loading 'sounds/Kooma & Veela - Oasis (256  kbps).mp3' (channels=2, sampleRate=48000)
INFO not found "/assets/sounds/Kooma & Veela - Oasis (256  kbps).mp3" in vfs
ERROR WPSoundParser.cpp:178 audio file not found: sounds/Kooma & Veela - Oasis (256  kbps).mp3
INFO audio Switch: loading 'sounds/Звуки природы - Шум дождя (www.hotplayer.ru).mp3' (channels=2, sampleRate=48000)
INFO not found "/assets/sounds/Звуки природы - Шум дождя (www.hotplayer.ru).mp3" in vfs
ERROR WPSoundParser.cpp:178 audio file not found: sounds/Звуки природы - Шум дождя (www.hotplayer.ru).mp3
INFO audio Switch: loading 'sounds/aether-scotland-veela-valentine.mp3' (channels=2, sampleRate=48000)
INFO not found "/assets/sounds/aether-scotland-veela-valentine.mp3" in vfs
ERROR WPSoundParser.cpp:178 audio file not found: sounds/aether-scotland-veela-valentine.mp3
INFO audio Switch: loading 'sounds/Звуки природы - Шум дождя (www.hotplayer.ru).mp3' (channels=2, sampleRate=48000)
INFO not found "/assets/sounds/Звуки природы - Шум дождя (www.hotplayer.ru).mp3" in vfs
ERROR WPSoundParser.cpp:178 audio file not found: sounds/Звуки природы - Шум дождя (www.hotplayer.ru).mp3
INFO audio Switch: loading 'sounds/Veela and Irosa Rosali - Going Home (galamp3.com).mp3' (channels=2, sampleRate=48000)
INFO not found "/assets/sounds/Veela and Irosa Rosali - Going Home (galamp3.com).mp3" in vfs
ERROR WPSoundParser.cpp:178 audio file not found: sounds/Veela and Irosa Rosali - Going Home (galamp3.com).mp3
INFO audio Switch: loading 'sounds/Звуки природы - Шум дождя (www.hotplayer.ru).mp3' (channels=2, sampleRate=48000)
INFO not found "/assets/sounds/Звуки природы - Шум дождя (www.hotplayer.ru).mp3" in vfs
ERROR WPSoundParser.cpp:178 audio file not found: sounds/Звуки природы - Шум дождя (www.hotplayer.ru).mp3
INFO audio Switch: loading 'sounds/Veela and Irosa Rosali, Elsie - Closed (galamp3.com).mp3' (channels=2, sampleRate=48000)
INFO not found "/assets/sounds/Veela and Irosa Rosali, Elsie - Closed (galamp3.com).mp3" in vfs
ERROR WPSoundParser.cpp:178 audio file not found: sounds/Veela and Irosa Rosali, Elsie - Closed (galamp3.com).mp3
INFO audio Switch: loading 'sounds/Звуки природы - Шум дождя (www.hotplayer.ru).mp3' (channels=2, sampleRate=48000)
INFO not found "/assets/sounds/Звуки природы - Шум дождя (www.hotplayer.ru).mp3" in vfs
ERROR WPSoundParser.cpp:178 audio file not found: sounds/Звуки природы - Шум дождя (www.hotplayer.ru).mp3
INFO audio Switch: loading 'sounds/Veela and Kooma - Pointless (galamp3.com).mp3' (channels=2, sampleRate=48000)
INFO not found "/assets/sounds/Veela and Kooma - Pointless (galamp3.com).mp3" in vfs
ERROR WPSoundParser.cpp:178 audio file not found: sounds/Veela and Kooma - Pointless (galamp3.com).mp3
INFO audio Switch: loading 'sounds/Звуки природы - Шум дождя (www.hotplayer.ru).mp3' (channels=2, sampleRate=48000)
INFO not found "/assets/sounds/Звуки природы - Шум дождя (www.hotplayer.ru).mp3" in vfs
ERROR WPSoundParser.cpp:178 audio file not found: sounds/Звуки природы - Шум дождя (www.hotplayer.ru).mp3
INFO audio Switch: loading 'sounds/Veela and Kooma - Retrospect (galamp3.com).mp3' (channels=2, sampleRate=48000)
INFO not found "/assets/sounds/Veela and Kooma - Retrospect (galamp3.com).mp3" in vfs
ERROR WPSoundParser.cpp:178 audio file not found: sounds/Veela and Kooma - Retrospect (galamp3.com).mp3
INFO audio Switch: loading 'sounds/Звуки природы - Шум дождя (www.hotplayer.ru).mp3' (channels=2, sampleRate=48000)
INFO not found "/assets/sounds/Звуки природы - Шум дождя (www.hotplayer.ru).mp3" in vfs
ERROR WPSoundParser.cpp:178 audio file not found: sounds/Звуки природы - Шум дождя (www.hotplayer.ru).mp3
INFO audio Switch: loading 'sounds/Kooma & Veela - Oasis (256  kbps).mp3' (channels=2, sampleRate=48000)
INFO not found "/assets/sounds/Kooma & Veela - Oasis (256  kbps).mp3" in vfs
ERROR WPSoundParser.cpp:178 audio file not found: sounds/Kooma & Veela - Oasis (256  kbps).mp3
INFO audio Switch: loading 'sounds/Звуки природы - Шум дождя (www.hotplayer.ru).mp3' (channels=2, sampleRate=48000)
INFO not found "/assets/sounds/Звуки природы - Шум дождя (www.hotplayer.ru).mp3" in vfs
ERROR WPSoundParser.cpp:178 audio file not found: sounds/Звуки природы - Шум дождя (www.hotplayer.ru).mp3
INFO audio Switch: loading 'sounds/aether-scotland-veela-valentine.mp3' (channels=2, sampleRate=48000)
INFO not found "/assets/sounds/aether-scotland-veela-valentine.mp3" in vfs
ERROR WPSoundParser.cpp:178 audio file not found: sounds/aether-scotland-veela-valentine.mp3
INFO audio Switch: loading 'sounds/Звуки природы - Шум дождя (www.hotplayer.ru).mp3' (channels=2, sampleRate=48000)
INFO not found "/assets/sounds/Звуки природы - Шум дождя (www.hotplayer.ru).mp3" in vfs
ERROR WPSoundParser.cpp:178 audio file not found: sounds/Звуки природы - Шум дождя (www.hotplayer.ru).mp3
INFO audio Switch: loading 'sounds/Veela and Irosa Rosali - Going Home (galamp3.com).mp3' (channels=2, sampleRate=48000)
INFO not found "/assets/sounds/Veela and Irosa Rosali - Going Home (galamp3.com).mp3" in vfs
ERROR WPSoundParser.cpp:178 audio file not found: sounds/Veela and Irosa Rosali - Going Home (galamp3.com).mp3
INFO audio Switch: loading 'sounds/Звуки природы - Шум дождя (www.hotplayer.ru).mp3' (channels=2, sampleRate=48000)
INFO not found "/assets/sounds/Звуки природы - Шум дождя (www.hotplayer.ru).mp3" in vfs
ERROR WPSoundParser.cpp:178 audio file not found: sounds/Звуки природы - Шум дождя (www.hotplayer.ru).mp3
INFO audio Switch: loading 'sounds/Veela and Irosa Rosali, Elsie - Closed (galamp3.com).mp3' (channels=2, sampleRate=48000)
INFO not found "/assets/sounds/Veela and Irosa Rosali, Elsie - Closed (galamp3.com).mp3" in vfs
ERROR WPSoundParser.cpp:178 audio file not found: sounds/Veela and Irosa Rosali, Elsie - Closed (galamp3.com).mp3
INFO audio Switch: loading 'sounds/Звуки природы - Шум дождя (www.hotplayer.ru).mp3' (channels=2, sampleRate=48000)
INFO not found "/assets/sounds/Звуки природы - Шум дождя (www.hotplayer.ru).mp3" in vfs
ERROR WPSoundParser.cpp:178 audio file not found: sounds/Звуки природы - Шум дождя (www.hotplayer.ru).mp3
INFO audio Switch: loading 'sounds/Veela and Kooma - Pointless (galamp3.com).mp3' (channels=2, sampleRate=48000)
INFO not found "/assets/sounds/Veela and Kooma - Pointless (galamp3.com).mp3" in vfs
ERROR WPSoundParser.cpp:178 audio file not found: sounds/Veela and Kooma - Pointless (galamp3.com).mp3
INFO audio Switch: loading 'sounds/Звуки природы - Шум дождя (www.hotplayer.ru).mp3' (channels=2, sampleRate=48000)
INFO not found "/assets/sounds/Звуки природы - Шум дождя (www.hotplayer.ru).mp3" in vfs
ERROR WPSoundParser.cpp:178 audio file not found: sounds/Звуки природы - Шум дождя (www.hotplayer.ru).mp3
INFO audio Switch: loading 'sounds/Veela and Kooma - Retrospect (galamp3.com).mp3' (channels=2, sampleRate=48000)
INFO not found "/assets/sounds/Veela and Kooma - Retrospect (galamp3.com).mp3" in vfs
ERROR WPSoundParser.cpp:178 audio file not found: sounds/Veela and Kooma - Retrospect (galamp3.com).mp3
INFO audio Switch: loading 'sounds/Звуки природы - Шум дождя (www.hotplayer.ru).mp3' (channels=2, sampleRate=48000)
INFO not found "/assets/sounds/Звуки природы - Шум дождя (www.hotplayer.ru).mp3" in vfs
ERROR WPSoundParser.cpp:178 audio file not found: sounds/Звуки природы - Шум дождя (www.hotplayer.ru).mp3
INFO audio Switch: loading 'sounds/Kooma & Veela - Oasis (256  kbps).mp3' (channels=2, sampleRate=48000)
INFO not found "/assets/sounds/Kooma & Veela - Oasis (256  kbps).mp3" in vfs
ERROR WPSoundParser.cpp:178 audio file not found: sounds/Kooma & Veela - Oasis (256  kbps).mp3
INFO audio Switch: loading 'sounds/Звуки природы - Шум дождя (www.hotplayer.ru).mp3' (channels=2, sampleRate=48000)
INFO not found "/assets/sounds/Звуки природы - Шум дождя (www.hotplayer.ru).mp3" in vfs
ERROR WPSoundParser.cpp:178 audio file not found: sounds/Звуки природы - Шум дождя (www.hotplayer.ru).mp3
INFO audio Switch: loading 'sounds/aether-scotland-veela-valentine.mp3' (channels=2, sampleRate=48000)
INFO not found "/assets/sounds/aether-scotland-veela-valentine.mp3" in vfs
ERROR WPSoundParser.cpp:178 audio file not found: sounds/aether-scotland-veela-valentine.mp3
INFO audio Switch: loading 'sounds/Звуки природы - Шум дождя (www.hotplayer.ru).mp3' (channels=2, sampleRate=48000)
INFO not found "/assets/sounds/Звуки природы - Шум дождя (www.hotplayer.ru).mp3" in vfs
ERROR WPSoundParser.cpp:178 audio file not found: sounds/Звуки природы - Шум дождя (www.hotplayer.ru).mp3
INFO audio Switch: loading 'sounds/Veela and Irosa Rosali - Going Home (galamp3.com).mp3' (channels=2, sampleRate=48000)
INFO not found "/assets/sounds/Veela and Irosa Rosali - Going Home (galamp3.com).mp3" in vfs
ERROR WPSoundParser.cpp:178 audio file not found: sounds/Veela and Irosa Rosali - Going Home (galamp3.com).mp3
INFO audio Switch: loading 'sounds/Звуки природы - Шум дождя (www.hotplayer.ru).mp3' (channels=2, sampleRate=48000)
INFO not found "/assets/sounds/Звуки природы - Шум дождя (www.hotplayer.ru).mp3" in vfs
ERROR WPSoundParser.cpp:178 audio file not found: sounds/Звуки природы - Шум дождя (www.hotplayer.ru).mp3
INFO audio Switch: loading 'sounds/Veela and Irosa Rosali, Elsie - Closed (galamp3.com).mp3' (channels=2, sampleRate=48000)
INFO not found "/assets/sounds/Veela and Irosa Rosali, Elsie - Closed (galamp3.com).mp3" in vfs
ERROR WPSoundParser.cpp:178 audio file not found: sounds/Veela and Irosa Rosali, Elsie - Closed (galamp3.com).mp3
INFO audio Switch: loading 'sounds/Звуки природы - Шум дождя (www.hotplayer.ru).mp3' (channels=2, sampleRate=48000)
INFO not found "/assets/sounds/Звуки природы - Шум дождя (www.hotplayer.ru).mp3" in vfs
ERROR WPSoundParser.cpp:178 audio file not found: sounds/Звуки природы - Шум дождя (www.hotplayer.ru).mp3
INFO audio Switch: loading 'sounds/Veela and Kooma - Pointless (galamp3.com).mp3' (channels=2, sampleRate=48000)
INFO not found "/assets/sounds/Veela and Kooma - Pointless (galamp3.com).mp3" in vfs
ERROR WPSoundParser.cpp:178 audio file not found: sounds/Veela and Kooma - Pointless (galamp3.com).mp3
INFO audio Switch: loading 'sounds/Звуки природы - Шум дождя (www.hotplayer.ru).mp3' (channels=2, sampleRate=48000)
INFO not found "/assets/sounds/Звуки природы - Шум дождя (www.hotplayer.ru).mp3" in vfs
ERROR WPSoundParser.cpp:178 audio file not found: sounds/Звуки природы - Шум дождя (www.hotplayer.ru).mp3
INFO audio Switch: loading 'sounds/Veela and Kooma - Retrospect (galamp3.com).mp3' (channels=2, sampleRate=48000)
INFO not found "/assets/sounds/Veela and Kooma - Retrospect (galamp3.com).mp3" in vfs
ERROR WPSoundParser.cpp:178 audio file not found: sounds/Veela and Kooma - Retrospect (galamp3.com).mp3
INFO audio Switch: loading 'sounds/Звуки природы - Шум дождя (www.hotplayer.ru).mp3' (channels=2, sampleRate=48000)
INFO not found "/assets/sounds/Звуки природы - Шум дождя (www.hotplayer.ru).mp3" in vfs
ERROR WPSoundParser.cpp:178 audio file not found: sounds/Звуки природы - Шум дождя (www.hotplayer.ru).mp3
INFO audio Switch: loading 'sounds/Kooma & Veela - Oasis (256  kbps).mp3' (channels=2, sampleRate=48000)
INFO not found "/assets/sounds/Kooma & Veela - Oasis (256  kbps).mp3" in vfs
ERROR WPSoundParser.cpp:178 audio file not found: sounds/Kooma & Veela - Oasis (256  kbps).mp3
INFO audio Switch: loading 'sounds/Звуки природы - Шум дождя (www.hotplayer.ru).mp3' (channels=2, sampleRate=48000)
INFO not found "/assets/sounds/Звуки природы - Шум дождя (www.hotplayer.ru).mp3" in vfs
ERROR WPSoundParser.cpp:178 audio file not found: sounds/Звуки природы - Шум дождя (www.hotplayer.ru).mp3
INFO audio Switch: loading 'sounds/aether-scotland-veela-valentine.mp3' (channels=2, sampleRate=48000)
INFO not found "/assets/sounds/aether-scotland-veela-valentine.mp3" in vfs
ERROR WPSoundParser.cpp:178 audio file not found: sounds/aether-scotland-veela-valentine.mp3
INFO audio Switch: loading 'sounds/Звуки природы - Шум дождя (www.hotplayer.ru).mp3' (channels=2, sampleRate=48000)
INFO not found "/assets/sounds/Звуки природы - Шум дождя (www.hotplayer.ru).mp3" in vfs
ERROR WPSoundParser.cpp:178 audio file not found: sounds/Звуки природы - Шум дождя (www.hotplayer.ru).mp3
INFO audio Switch: loading 'sounds/Veela and Irosa Rosali - Going Home (galamp3.com).mp3' (channels=2, sampleRate=48000)
INFO not found "/assets/sounds/Veela and Irosa Rosali - Going Home (galamp3.com).mp3" in vfs
ERROR WPSoundParser.cpp:178 audio file not found: sounds/Veela and Irosa Rosali - Going Home (galamp3.com).mp3
INFO audio Switch: loading 'sounds/Звуки природы - Шум дождя (www.hotplayer.ru).mp3' (channels=2, sampleRate=48000)
INFO not found "/assets/sounds/Звуки природы - Шум дождя (www.hotplayer.ru).mp3" in vfs
ERROR WPSoundParser.cpp:178 audio file not found: sounds/Звуки природы - Шум дождя (www.hotplayer.ru).mp3
INFO audio Switch: loading 'sounds/Veela and Irosa Rosali, Elsie - Closed (galamp3.com).mp3' (channels=2, sampleRate=48000)
INFO not found "/assets/sounds/Veela and Irosa Rosali, Elsie - Closed (galamp3.com).mp3" in vfs
ERROR WPSoundParser.cpp:178 audio file not found: sounds/Veela and Irosa Rosali, Elsie - Closed (galamp3.com).mp3
INFO audio Switch: loading 'sounds/Звуки природы - Шум дождя (www.hotplayer.ru).mp3' (channels=2, sampleRate=48000)
INFO not found "/assets/sounds/Звуки природы - Шум дождя (www.hotplayer.ru).mp3" in vfs
ERROR WPSoundParser.cpp:178 audio file not found: sounds/Звуки природы - Шум дождя (www.hotplayer.ru).mp3
INFO audio Switch: loading 'sounds/Veela and Kooma - Pointless (galamp3.com).mp3' (channels=2, sampleRate=48000)
INFO not found "/assets/sounds/Veela and Kooma - Pointless (galamp3.com).mp3" in vfs
ERROR WPSoundParser.cpp:178 audio file not found: sounds/Veela and Kooma - Pointless (galamp3.com).mp3
INFO audio Switch: loading 'sounds/Звуки природы - Шум дождя (www.hotplayer.ru).mp3' (channels=2, sampleRate=48000)
INFO not found "/assets/sounds/Звуки природы - Шум дождя (www.hotplayer.ru).mp3" in vfs
ERROR WPSoundParser.cpp:178 audio file not found: sounds/Звуки природы - Шум дождя (www.hotplayer.ru).mp3
INFO audio Switch: loading 'sounds/Veela and Kooma - Retrospect (galamp3.com).mp3' (channels=2, sampleRate=48000)
INFO not found "/assets/sounds/Veela and Kooma - Retrospect (galamp3.com).mp3" in vfs
ERROR WPSoundParser.cpp:178 audio file not found: sounds/Veela and Kooma - Retrospect (galamp3.com).mp3
INFO audio Switch: loading 'sounds/Звуки природы - Шум дождя (www.hotplayer.ru).mp3' (channels=2, sampleRate=48000)
INFO not found "/assets/sounds/Звуки природы - Шум дождя (www.hotplayer.ru).mp3" in vfs
ERROR WPSoundParser.cpp:178 audio file not found: sounds/Звуки природы - Шум дождя (www.hotplayer.ru).mp3
INFO audio Switch: loading 'sounds/Kooma & Veela - Oasis (256  kbps).mp3' (channels=2, sampleRate=48000)
INFO not found "/assets/sounds/Kooma & Veela - Oasis (256  kbps).mp3" in vfs
ERROR WPSoundParser.cpp:178 audio file not found: sounds/Kooma & Veela - Oasis (256  kbps).mp3
INFO audio Switch: loading 'sounds/Звуки природы - Шум дождя (www.hotplayer.ru).mp3' (channels=2, sampleRate=48000)
INFO not found "/assets/sounds/Звуки природы - Шум дождя (www.hotplayer.ru).mp3" in vfs
ERROR WPSoundParser.cpp:178 audio file not found: sounds/Звуки природы - Шум дождя (www.hotplayer.ru).mp3
INFO audio Switch: loading 'sounds/aether-scotland-veela-valentine.mp3' (channels=2, sampleRate=48000)
INFO not found "/assets/sounds/aether-scotland-veela-valentine.mp3" in vfs
ERROR WPSoundParser.cpp:178 audio file not found: sounds/aether-scotland-veela-valentine.mp3
INFO audio Switch: loading 'sounds/Звуки природы - Шум дождя (www.hotplayer.ru).mp3' (channels=2, sampleRate=48000)
INFO not found "/assets/sounds/Звуки природы - Шум дождя (www.hotplayer.ru).mp3" in vfs
ERROR WPSoundParser.cpp:178 audio file not found: sounds/Звуки природы - Шум дождя (www.hotplayer.ru).mp3
INFO audio Switch: loading 'sounds/Veela and Irosa Rosali - Going Home (galamp3.com).mp3' (channels=2, sampleRate=48000)
INFO not found "/assets/sounds/Veela and Irosa Rosali - Going Home (galamp3.com).mp3" in vfs
ERROR WPSoundParser.cpp:178 audio file not found: sounds/Veela and Irosa Rosali - Going Home (galamp3.com).mp3
INFO audio Switch: loading 'sounds/Звуки природы - Шум дождя (www.hotplayer.ru).mp3' (channels=2, sampleRate=48000)
INFO not found "/assets/sounds/Звуки природы - Шум дождя (www.hotplayer.ru).mp3" in vfs
ERROR WPSoundParser.cpp:178 audio file not found: sounds/Звуки природы - Шум дождя (www.hotplayer.ru).mp3
INFO audio Switch: loading 'sounds/Veela and Irosa Rosali, Elsie - Closed (galamp3.com).mp3' (channels=2, sampleRate=48000)
INFO not found "/assets/sounds/Veela and Irosa Rosali, Elsie - Closed (galamp3.com).mp3" in vfs
ERROR WPSoundParser.cpp:178 audio file not found: sounds/Veela and Irosa Rosali, Elsie - Closed (galamp3.com).mp3
INFO audio Switch: loading 'sounds/Звуки природы - Шум дождя (www.hotplayer.ru).mp3' (channels=2, sampleRate=48000)
INFO not found "/assets/sounds/Звуки природы - Шум дождя (www.hotplayer.ru).mp3" in vfs
ERROR WPSoundParser.cpp:178 audio file not found: sounds/Звуки природы - Шум дождя (www.hotplayer.ru).mp3
INFO audio Switch: loading 'sounds/Veela and Kooma - Pointless (galamp3.com).mp3' (channels=2, sampleRate=48000)
INFO not found "/assets/sounds/Veela and Kooma - Pointless (galamp3.com).mp3" in vfs
ERROR WPSoundParser.cpp:178 audio file not found: sounds/Veela and Kooma - Pointless (galamp3.com).mp3
INFO audio Switch: loading 'sounds/Звуки природы - Шум дождя (www.hotplayer.ru).mp3' (channels=2, sampleRate=48000)
INFO not found "/assets/sounds/Звуки природы - Шум дождя (www.hotplayer.ru).mp3" in vfs
ERROR WPSoundParser.cpp:178 audio file not found: sounds/Звуки природы - Шум дождя (www.hotplayer.ru).mp3
INFO audio Switch: loading 'sounds/Veela and Kooma - Retrospect (galamp3.com).mp3' (channels=2, sampleRate=48000)
INFO not found "/assets/sounds/Veela and Kooma - Retrospect (galamp3.com).mp3" in vfs
ERROR WPSoundParser.cpp:178 audio file not found: sounds/Veela and Kooma - Retrospect (galamp3.com).mp3
INFO audio Switch: loading 'sounds/Звуки природы - Шум дождя (www.hotplayer.ru).mp3' (channels=2, sampleRate=48000)
INFO not found "/assets/sounds/Звуки природы - Шум дождя (www.hotplayer.ru).mp3" in vfs
ERROR WPSoundParser.cpp:178 audio file not found: sounds/Звуки природы - Шум дождя (www.hotplayer.ru).mp3
INFO audio Switch: loading 'sounds/Kooma & Veela - Oasis (256  kbps).mp3' (channels=2, sampleRate=48000)
INFO not found "/assets/sounds/Kooma & Veela - Oasis (256  kbps).mp3" in vfs
ERROR WPSoundParser.cpp:178 audio file not found: sounds/Kooma & Veela - Oasis (256  kbps).mp3
INFO audio Switch: loading 'sounds/Звуки природы - Шум дождя (www.hotplayer.ru).mp3' (channels=2, sampleRate=48000)
INFO not found "/assets/sounds/Звуки природы - Шум дождя (www.hotplayer.ru).mp3" in vfs
ERROR WPSoundParser.cpp:178 audio file not found: sounds/Звуки природы - Шум дождя (www.hotplayer.ru).mp3
INFO audio Switch: loading 'sounds/aether-scotland-veela-valentine.mp3' (channels=2, sampleRate=48000)
INFO not found "/assets/sounds/aether-scotland-veela-valentine.mp3" in vfs
ERROR WPSoundParser.cpp:178 audio file not found: sounds/aether-scotland-veela-valentine.mp3
INFO audio Switch: loading 'sounds/Звуки природы - Шум дождя (www.hotplayer.ru).mp3' (channels=2, sampleRate=48000)
INFO not found "/assets/sounds/Звуки природы - Шум дождя (www.hotplayer.ru).mp3" in vfs
ERROR WPSoundParser.cpp:178 audio file not found: sounds/Звуки природы - Шум дождя (www.hotplayer.ru).mp3
INFO audio Switch: loading 'sounds/Veela and Irosa Rosali - Going Home (galamp3.com).mp3' (channels=2, sampleRate=48000)
INFO not found "/assets/sounds/Veela and Irosa Rosali - Going Home (galamp3.com).mp3" in vfs
ERROR WPSoundParser.cpp:178 audio file not found: sounds/Veela and Irosa Rosali - Going Home (galamp3.com).mp3
INFO audio Switch: loading 'sounds/Звуки природы - Шум дождя (www.hotplayer.ru).mp3' (channels=2, sampleRate=48000)
INFO not found "/assets/sounds/Звуки природы - Шум дождя (www.hotplayer.ru).mp3" in vfs
ERROR WPSoundParser.cpp:178 audio file not found: sounds/Звуки природы - Шум дождя (www.hotplayer.ru).mp3
INFO audio Switch: loading 'sounds/Veela and Irosa Rosali, Elsie - Closed (galamp3.com).mp3' (channels=2, sampleRate=48000)
INFO not found "/assets/sounds/Veela and Irosa Rosali, Elsie - Closed (galamp3.com).mp3" in vfs
ERROR WPSoundParser.cpp:178 audio file not found: sounds/Veela and Irosa Rosali, Elsie - Closed (galamp3.com).mp3
INFO audio Switch: loading 'sounds/Звуки природы - Шум дождя (www.hotplayer.ru).mp3' (channels=2, sampleRate=48000)
INFO not found "/assets/sounds/Звуки природы - Шум дождя (www.hotplayer.ru).mp3" in vfs
ERROR WPSoundParser.cpp:178 audio file not found: sounds/Звуки природы - Шум дождя (www.hotplayer.ru).mp3
INFO audio Switch: loading 'sounds/Veela and Kooma - Pointless (galamp3.com).mp3' (channels=2, sampleRate=48000)
INFO not found "/assets/sounds/Veela and Kooma - Pointless (galamp3.com).mp3" in vfs
ERROR WPSoundParser.cpp:178 audio file not found: sounds/Veela and Kooma - Pointless (galamp3.com).mp3
INFO audio Switch: loading 'sounds/Звуки природы - Шум дождя (www.hotplayer.ru).mp3' (channels=2, sampleRate=48000)
INFO not found "/assets/sounds/Звуки природы - Шум дождя (www.hotplayer.ru).mp3" in vfs
ERROR WPSoundParser.cpp:178 audio file not found: sounds/Звуки природы - Шум дождя (www.hotplayer.ru).mp3
INFO audio Switch: loading 'sounds/Veela and Kooma - Retrospect (galamp3.com).mp3' (channels=2, sampleRate=48000)
INFO not found "/assets/sounds/Veela and Kooma - Retrospect (galamp3.com).mp3" in vfs
ERROR WPSoundParser.cpp:178 audio file not found: sounds/Veela and Kooma - Retrospect (galamp3.com).mp3
INFO audio Switch: loading 'sounds/Звуки природы - Шум дождя (www.hotplayer.ru).mp3' (channels=2, sampleRate=48000)
INFO not found "/assets/sounds/Звуки природы - Шум дождя (www.hotplayer.ru).mp3" in vfs
ERROR WPSoundParser.cpp:178 audio file not found: sounds/Звуки природы - Шум дождя (www.hotplayer.ru).mp3
INFO audio Switch: loading 'sounds/Kooma & Veela - Oasis (256  kbps).mp3' (channels=2, sampleRate=48000)
INFO not found "/assets/sounds/Kooma & Veela - Oasis (256  kbps).mp3" in vfs
ERROR WPSoundParser.cpp:178 audio file not found: sounds/Kooma & Veela - Oasis (256  kbps).mp3
INFO audio Switch: loading 'sounds/Звуки природы - Шум дождя (www.hotplayer.ru).mp3' (channels=2, sampleRate=48000)
INFO not found "/assets/sounds/Звуки природы - Шум дождя (www.hotplayer.ru).mp3" in vfs
ERROR WPSoundParser.cpp:178 audio file not found: sounds/Звуки природы - Шум дождя (www.hotplayer.ru).mp3
INFO audio Switch: loading 'sounds/aether-scotland-veela-valentine.mp3' (channels=2, sampleRate=48000)
INFO not found "/assets/sounds/aether-scotland-veela-valentine.mp3" in vfs
ERROR WPSoundParser.cpp:178 audio file not found: sounds/aether-scotland-veela-valentine.mp3
INFO audio Switch: loading 'sounds/Звуки природы - Шум дождя (www.hotplayer.ru).mp3' (channels=2, sampleRate=48000)
INFO not found "/assets/sounds/Звуки природы - Шум дождя (www.hotplayer.ru).mp3" in vfs
ERROR WPSoundParser.cpp:178 audio file not found: sounds/Звуки природы - Шум дождя (www.hotplayer.ru).mp3
INFO audio Switch: loading 'sounds/Veela and Irosa Rosali - Going Home (galamp3.com).mp3' (channels=2, sampleRate=48000)
INFO not found "/assets/sounds/Veela and Irosa Rosali - Going Home (galamp3.com).mp3" in vfs
ERROR WPSoundParser.cpp:178 audio file not found: sounds/Veela and Irosa Rosali - Going Home (galamp3.com).mp3
INFO audio Switch: loading 'sounds/Звуки природы - Шум дождя (www.hotplayer.ru).mp3' (channels=2, sampleRate=48000)
INFO not found "/assets/sounds/Звуки природы - Шум дождя (www.hotplayer.ru).mp3" in vfs
ERROR WPSoundParser.cpp:178 audio file not found: sounds/Звуки природы - Шум дождя (www.hotplayer.ru).mp3
INFO audio Switch: loading 'sounds/Veela and Irosa Rosali, Elsie - Closed (galamp3.com).mp3' (channels=2, sampleRate=48000)
INFO not found "/assets/sounds/Veela and Irosa Rosali, Elsie - Closed (galamp3.com).mp3" in vfs
ERROR WPSoundParser.cpp:178 audio file not found: sounds/Veela and Irosa Rosali, Elsie - Closed (galamp3.com).mp3
INFO audio Switch: loading 'sounds/Звуки природы - Шум дождя (www.hotplayer.ru).mp3' (channels=2, sampleRate=48000)
INFO not found "/assets/sounds/Звуки природы - Шум дождя (www.hotplayer.ru).mp3" in vfs
ERROR WPSoundParser.cpp:178 audio file not found: sounds/Звуки природы - Шум дождя (www.hotplayer.ru).mp3
INFO audio Switch: loading 'sounds/Veela and Kooma - Pointless (galamp3.com).mp3' (channels=2, sampleRate=48000)
INFO not found "/assets/sounds/Veela and Kooma - Pointless (galamp3.com).mp3" in vfs
ERROR WPSoundParser.cpp:178 audio file not found: sounds/Veela and Kooma - Pointless (galamp3.com).mp3
INFO audio Switch: loading 'sounds/Звуки природы - Шум дождя (www.hotplayer.ru).mp3' (channels=2, sampleRate=48000)
INFO not found "/assets/sounds/Звуки природы - Шум дождя (www.hotplayer.ru).mp3" in vfs
ERROR WPSoundParser.cpp:178 audio file not found: sounds/Звуки природы - Шум дождя (www.hotplayer.ru).mp3
INFO audio Switch: loading 'sounds/Veela and Kooma - Retrospect (galamp3.com).mp3' (channels=2, sampleRate=48000)
INFO not found "/assets/sounds/Veela and Kooma - Retrospect (galamp3.com).mp3" in vfs
ERROR WPSoundParser.cpp:178 audio file not found: sounds/Veela and Kooma - Retrospect (galamp3.com).mp3
INFO audio Switch: loading 'sounds/Звуки природы - Шум дождя (www.hotplayer.ru).mp3' (channels=2, sampleRate=48000)
INFO not found "/assets/sounds/Звуки природы - Шум дождя (www.hotplayer.ru).mp3" in vfs
ERROR WPSoundParser.cpp:178 audio file not found: sounds/Звуки природы - Шум дождя (www.hotplayer.ru).mp3
INFO audio Switch: loading 'sounds/Kooma & Veela - Oasis (256  kbps).mp3' (channels=2, sampleRate=48000)
INFO not found "/assets/sounds/Kooma & Veela - Oasis (256  kbps).mp3" in vfs
ERROR WPSoundParser.cpp:178 audio file not found: sounds/Kooma & Veela - Oasis (256  kbps).mp3
INFO audio Switch: loading 'sounds/Звуки природы - Шум дождя (www.hotplayer.ru).mp3' (channels=2, sampleRate=48000)
INFO not found "/assets/sounds/Звуки природы - Шум дождя (www.hotplayer.ru).mp3" in vfs
ERROR WPSoundParser.cpp:178 audio file not found: sounds/Звуки природы - Шум дождя (www.hotplayer.ru).mp3
INFO audio Switch: loading 'sounds/aether-scotland-veela-valentine.mp3' (channels=2, sampleRate=48000)
INFO not found "/assets/sounds/aether-scotland-veela-valentine.mp3" in vfs
ERROR WPSoundParser.cpp:178 audio file not found: sounds/aether-scotland-veela-valentine.mp3
INFO audio Switch: loading 'sounds/Звуки природы - Шум дождя (www.hotplayer.ru).mp3' (channels=2, sampleRate=48000)
INFO not found "/assets/sounds/Звуки природы - Шум дождя (www.hotplayer.ru).mp3" in vfs
ERROR WPSoundParser.cpp:178 audio file not found: sounds/Звуки природы - Шум дождя (www.hotplayer.ru).mp3
INFO audio Switch: loading 'sounds/Veela and Irosa Rosali - Going Home (galamp3.com).mp3' (channels=2, sampleRate=48000)
INFO not found "/assets/sounds/Veela and Irosa Rosali - Going Home (galamp3.com).mp3" in vfs
ERROR WPSoundParser.cpp:178 audio file not found: sounds/Veela and Irosa Rosali - Going Home (galamp3.com).mp3
INFO audio Switch: loading 'sounds/Звуки природы - Шум дождя (www.hotplayer.ru).mp3' (channels=2, sampleRate=48000)
INFO not found "/assets/sounds/Звуки природы - Шум дождя (www.hotplayer.ru).mp3" in vfs
ERROR WPSoundParser.cpp:178 audio file not found: sounds/Звуки природы - Шум дождя (www.hotplayer.ru).mp3
INFO audio Switch: loading 'sounds/Veela and Irosa Rosali, Elsie - Closed (galamp3.com).mp3' (channels=2, sampleRate=48000)
INFO not found "/assets/sounds/Veela and Irosa Rosali, Elsie - Closed (galamp3.com).mp3" in vfs
ERROR WPSoundParser.cpp:178 audio file not found: sounds/Veela and Irosa Rosali, Elsie - Closed (galamp3.com).mp3
INFO audio Switch: loading 'sounds/Звуки природы - Шум дождя (www.hotplayer.ru).mp3' (channels=2, sampleRate=48000)
INFO not found "/assets/sounds/Звуки природы - Шум дождя (www.hotplayer.ru).mp3" in vfs
ERROR WPSoundParser.cpp:178 audio file not found: sounds/Звуки природы - Шум дождя (www.hotplayer.ru).mp3
INFO audio Switch: loading 'sounds/Veela and Kooma - Pointless (galamp3.com).mp3' (channels=2, sampleRate=48000)
INFO not found "/assets/sounds/Veela and Kooma - Pointless (galamp3.com).mp3" in vfs
ERROR WPSoundParser.cpp:178 audio file not found: sounds/Veela and Kooma - Pointless (galamp3.com).mp3
INFO audio Switch: loading 'sounds/Звуки природы - Шум дождя (www.hotplayer.ru).mp3' (channels=2, sampleRate=48000)
INFO not found "/assets/sounds/Звуки природы - Шум дождя (www.hotplayer.ru).mp3" in vfs
ERROR WPSoundParser.cpp:178 audio file not found: sounds/Звуки природы - Шум дождя (www.hotplayer.ru).mp3
INFO audio Switch: loading 'sounds/Veela and Kooma - Retrospect (galamp3.com).mp3' (channels=2, sampleRate=48000)
INFO not found "/assets/sounds/Veela and Kooma - Retrospect (galamp3.com).mp3" in vfs
ERROR WPSoundParser.cpp:178 audio file not found: sounds/Veela and Kooma - Retrospect (galamp3.com).mp3
INFO audio Switch: loading 'sounds/Звуки природы - Шум дождя (www.hotplayer.ru).mp3' (channels=2, sampleRate=48000)
INFO not found "/assets/sounds/Звуки природы - Шум дождя (www.hotplayer.ru).mp3" in vfs
ERROR WPSoundParser.cpp:178 audio file not found: sounds/Звуки природы - Шум дождя (www.hotplayer.ru).mp3
INFO audio Switch: loading 'sounds/Kooma & Veela - Oasis (256  kbps).mp3' (channels=2, sampleRate=48000)
INFO not found "/assets/sounds/Kooma & Veela - Oasis (256  kbps).mp3" in vfs
ERROR WPSoundParser.cpp:178 audio file not found: sounds/Kooma & Veela - Oasis (256  kbps).mp3
INFO audio Switch: loading 'sounds/Звуки природы - Шум дождя (www.hotplayer.ru).mp3' (channels=2, sampleRate=48000)
INFO not found "/assets/sounds/Звуки природы - Шум дождя (www.hotplayer.ru).mp3" in vfs
ERROR WPSoundParser.cpp:178 audio file not found: sounds/Звуки природы - Шум дождя (www.hotplayer.ru).mp3
INFO audio Switch: loading 'sounds/aether-scotland-veela-valentine.mp3' (channels=2, sampleRate=48000)
INFO not found "/assets/sounds/aether-scotland-veela-valentine.mp3" in vfs
ERROR WPSoundParser.cpp:178 audio file not found: sounds/aether-scotland-veela-valentine.mp3
INFO audio Switch: loading 'sounds/Звуки природы - Шум дождя (www.hotplayer.ru).mp3' (channels=2, sampleRate=48000)
INFO not found "/assets/sounds/Звуки природы - Шум дождя (www.hotplayer.ru).mp3" in vfs
ERROR WPSoundParser.cpp:178 audio file not found: sounds/Звуки природы - Шум дождя (www.hotplayer.ru).mp3
INFO audio Switch: loading 'sounds/Veela and Irosa Rosali - Going Home (galamp3.com).mp3' (channels=2, sampleRate=48000)
INFO not found "/assets/sounds/Veela and Irosa Rosali - Going Home (galamp3.com).mp3" in vfs
ERROR WPSoundParser.cpp:178 audio file not found: sounds/Veela and Irosa Rosali - Going Home (galamp3.com).mp3
INFO audio Switch: loading 'sounds/Звуки природы - Шум дождя (www.hotplayer.ru).mp3' (channels=2, sampleRate=48000)
INFO not found "/assets/sounds/Звуки природы - Шум дождя (www.hotplayer.ru).mp3" in vfs
ERROR WPSoundParser.cpp:178 audio file not found: sounds/Звуки природы - Шум дождя (www.hotplayer.ru).mp3
INFO audio Switch: loading 'sounds/Veela and Irosa Rosali, Elsie - Closed (galamp3.com).mp3' (channels=2, sampleRate=48000)
INFO not found "/assets/sounds/Veela and Irosa Rosali, Elsie - Closed (galamp3.com).mp3" in vfs
ERROR WPSoundParser.cpp:178 audio file not found: sounds/Veela and Irosa Rosali, Elsie - Closed (galamp3.com).mp3
INFO audio Switch: loading 'sounds/Звуки природы - Шум дождя (www.hotplayer.ru).mp3' (channels=2, sampleRate=48000)
INFO not found "/assets/sounds/Звуки природы - Шум дождя (www.hotplayer.ru).mp3" in vfs
ERROR WPSoundParser.cpp:178 audio file not found: sounds/Звуки природы - Шум дождя (www.hotplayer.ru).mp3
INFO audio Switch: loading 'sounds/Veela and Kooma - Pointless (galamp3.com).mp3' (channels=2, sampleRate=48000)
INFO not found "/assets/sounds/Veela and Kooma - Pointless (galamp3.com).mp3" in vfs
ERROR WPSoundParser.cpp:178 audio file not found: sounds/Veela and Kooma - Pointless (galamp3.com).mp3
INFO audio Switch: loading 'sounds/Звуки природы - Шум дождя (www.hotplayer.ru).mp3' (channels=2, sampleRate=48000)
INFO not found "/assets/sounds/Звуки природы - Шум дождя (www.hotplayer.ru).mp3" in vfs
ERROR WPSoundParser.cpp:178 audio file not found: sounds/Звуки природы - Шум дождя (www.hotplayer.ru).mp3
INFO audio Switch: loading 'sounds/Veela and Kooma - Retrospect (galamp3.com).mp3' (channels=2, sampleRate=48000)
INFO not found "/assets/sounds/Veela and Kooma - Retrospect (galamp3.com).mp3" in vfs
ERROR WPSoundParser.cpp:178 audio file not found: sounds/Veela and Kooma - Retrospect (galamp3.com).mp3
INFO audio Switch: loading 'sounds/Звуки природы - Шум дождя (www.hotplayer.ru).mp3' (channels=2, sampleRate=48000)
INFO not found "/assets/sounds/Звуки природы - Шум дождя (www.hotplayer.ru).mp3" in vfs
ERROR WPSoundParser.cpp:178 audio file not found: sounds/Звуки природы - Шум дождя (www.hotplayer.ru).mp3
INFO audio Switch: loading 'sounds/Kooma & Veela - Oasis (256  kbps).mp3' (channels=2, sampleRate=48000)
INFO not found "/assets/sounds/Kooma & Veela - Oasis (256  kbps).mp3" in vfs
ERROR WPSoundParser.cpp:178 audio file not found: sounds/Kooma & Veela - Oasis (256  kbps).mp3
INFO audio Switch: loading 'sounds/Звуки природы - Шум дождя (www.hotplayer.ru).mp3' (channels=2, sampleRate=48000)
INFO not found "/assets/sounds/Звуки природы - Шум дождя (www.hotplayer.ru).mp3" in vfs
ERROR WPSoundParser.cpp:178 audio file not found: sounds/Звуки природы - Шум дождя (www.hotplayer.ru).mp3
INFO audio Switch: loading 'sounds/aether-scotland-veela-valentine.mp3' (channels=2, sampleRate=48000)
INFO not found "/assets/sounds/aether-scotland-veela-valentine.mp3" in vfs
ERROR WPSoundParser.cpp:178 audio file not found: sounds/aether-scotland-veela-valentine.mp3
INFO audio Switch: loading 'sounds/Звуки природы - Шум дождя (www.hotplayer.ru).mp3' (channels=2, sampleRate=48000)
INFO not found "/assets/sounds/Звуки природы - Шум дождя (www.hotplayer.ru).mp3" in vfs
ERROR WPSoundParser.cpp:178 audio file not found: sounds/Звуки природы - Шум дождя (www.hotplayer.ru).mp3
INFO audio Switch: loading 'sounds/Veela and Irosa Rosali - Going Home (galamp3.com).mp3' (channels=2, sampleRate=48000)
INFO not found "/assets/sounds/Veela and Irosa Rosali - Going Home (galamp3.com).mp3" in vfs
ERROR WPSoundParser.cpp:178 audio file not found: sounds/Veela and Irosa Rosali - Going Home (galamp3.com).mp3
INFO audio Switch: loading 'sounds/Звуки природы - Шум дождя (www.hotplayer.ru).mp3' (channels=2, sampleRate=48000)
INFO not found "/assets/sounds/Звуки природы - Шум дождя (www.hotplayer.ru).mp3" in vfs
ERROR WPSoundParser.cpp:178 audio file not found: sounds/Звуки природы - Шум дождя (www.hotplayer.ru).mp3
INFO audio Switch: loading 'sounds/Veela and Irosa Rosali, Elsie - Closed (galamp3.com).mp3' (channels=2, sampleRate=48000)
INFO not found "/assets/sounds/Veela and Irosa Rosali, Elsie - Closed (galamp3.com).mp3" in vfs
ERROR WPSoundParser.cpp:178 audio file not found: sounds/Veela and Irosa Rosali, Elsie - Closed (galamp3.com).mp3
INFO audio Switch: loading 'sounds/Звуки природы - Шум дождя (www.hotplayer.ru).mp3' (channels=2, sampleRate=48000)
INFO not found "/assets/sounds/Звуки природы - Шум дождя (www.hotplayer.ru).mp3" in vfs
ERROR WPSoundParser.cpp:178 audio file not found: sounds/Звуки природы - Шум дождя (www.hotplayer.ru).mp3
INFO audio Switch: loading 'sounds/Veela and Kooma - Pointless (galamp3.com).mp3' (channels=2, sampleRate=48000)
INFO not found "/assets/sounds/Veela and Kooma - Pointless (galamp3.com).mp3" in vfs
ERROR WPSoundParser.cpp:178 audio file not found: sounds/Veela and Kooma - Pointless (galamp3.com).mp3
INFO audio Switch: loading 'sounds/Звуки природы - Шум дождя (www.hotplayer.ru).mp3' (channels=2, sampleRate=48000)
INFO not found "/assets/sounds/Звуки природы - Шум дождя (www.hotplayer.ru).mp3" in vfs
ERROR WPSoundParser.cpp:178 audio file not found: sounds/Звуки природы - Шум дождя (www.hotplayer.ru).mp3
INFO audio Switch: loading 'sounds/Veela and Kooma - Retrospect (galamp3.com).mp3' (channels=2, sampleRate=48000)
INFO not found "/assets/sounds/Veela and Kooma - Retrospect (galamp3.com).mp3" in vfs
ERROR WPSoundParser.cpp:178 audio file not found: sounds/Veela and Kooma - Retrospect (galamp3.com).mp3
INFO audio Switch: loading 'sounds/Звуки природы - Шум дождя (www.hotplayer.ru).mp3' (channels=2, sampleRate=48000)
INFO not found "/assets/sounds/Звуки природы - Шум дождя (www.hotplayer.ru).mp3" in vfs
ERROR WPSoundParser.cpp:178 audio file not found: sounds/Звуки природы - Шум дождя (www.hotplayer.ru).mp3
INFO audio Switch: loading 'sounds/Kooma & Veela - Oasis (256  kbps).mp3' (channels=2, sampleRate=48000)
INFO not found "/assets/sounds/Kooma & Veela - Oasis (256  kbps).mp3" in vfs
ERROR WPSoundParser.cpp:178 audio file not found: sounds/Kooma & Veela - Oasis (256  kbps).mp3
INFO audio Switch: loading 'sounds/Звуки природы - Шум дождя (www.hotplayer.ru).mp3' (channels=2, sampleRate=48000)
INFO not found "/assets/sounds/Звуки природы - Шум дождя (www.hotplayer.ru).mp3" in vfs
ERROR WPSoundParser.cpp:178 audio file not found: sounds/Звуки природы - Шум дождя (www.hotplayer.ru).mp3
INFO audio Switch: loading 'sounds/aether-scotland-veela-valentine.mp3' (channels=2, sampleRate=48000)
INFO not found "/assets/sounds/aether-scotland-veela-valentine.mp3" in vfs
ERROR WPSoundParser.cpp:178 audio file not found: sounds/aether-scotland-veela-valentine.mp3
INFO audio Switch: loading 'sounds/Звуки природы - Шум дождя (www.hotplayer.ru).mp3' (channels=2, sampleRate=48000)
INFO not found "/assets/sounds/Звуки природы - Шум дождя (www.hotplayer.ru).mp3" in vfs
ERROR WPSoundParser.cpp:178 audio file not found: sounds/Звуки природы - Шум дождя (www.hotplayer.ru).mp3
INFO audio Switch: loading 'sounds/Veela and Irosa Rosali - Going Home (galamp3.com).mp3' (channels=2, sampleRate=48000)
INFO not found "/assets/sounds/Veela and Irosa Rosali - Going Home (galamp3.com).mp3" in vfs
ERROR WPSoundParser.cpp:178 audio file not found: sounds/Veela and Irosa Rosali - Going Home (galamp3.com).mp3
INFO audio Switch: loading 'sounds/Звуки природы - Шум дождя (www.hotplayer.ru).mp3' (channels=2, sampleRate=48000)
INFO not found "/assets/sounds/Звуки природы - Шум дождя (www.hotplayer.ru).mp3" in vfs
ERROR WPSoundParser.cpp:178 audio file not found: sounds/Звуки природы - Шум дождя (www.hotplayer.ru).mp3
INFO audio Switch: loading 'sounds/Veela and Irosa Rosali, Elsie - Closed (galamp3.com).mp3' (channels=2, sampleRate=48000)
INFO not found "/assets/sounds/Veela and Irosa Rosali, Elsie - Closed (galamp3.com).mp3" in vfs
ERROR WPSoundParser.cpp:178 audio file not found: sounds/Veela and Irosa Rosali, Elsie - Closed (galamp3.com).mp3
INFO audio Switch: loading 'sounds/Звуки природы - Шум дождя (www.hotplayer.ru).mp3' (channels=2, sampleRate=48000)
INFO not found "/assets/sounds/Звуки природы - Шум дождя (www.hotplayer.ru).mp3" in vfs
ERROR WPSoundParser.cpp:178 audio file not found: sounds/Звуки природы - Шум дождя (www.hotplayer.ru).mp3
INFO audio Switch: loading 'sounds/Veela and Kooma - Pointless (galamp3.com).mp3' (channels=2, sampleRate=48000)
INFO not found "/assets/sounds/Veela and Kooma - Pointless (galamp3.com).mp3" in vfs
ERROR WPSoundParser.cpp:178 audio file not found: sounds/Veela and Kooma - Pointless (galamp3.com).mp3
INFO audio Switch: loading 'sounds/Звуки природы - Шум дождя (www.hotplayer.ru).mp3' (channels=2, sampleRate=48000)
INFO not found "/assets/sounds/Звуки природы - Шум дождя (www.hotplayer.ru).mp3" in vfs
ERROR WPSoundParser.cpp:178 audio file not found: sounds/Звуки природы - Шум дождя (www.hotplayer.ru).mp3
INFO audio Switch: loading 'sounds/Veela and Kooma - Retrospect (galamp3.com).mp3' (channels=2, sampleRate=48000)
INFO not found "/assets/sounds/Veela and Kooma - Retrospect (galamp3.com).mp3" in vfs
ERROR WPSoundParser.cpp:178 audio file not found: sounds/Veela and Kooma - Retrospect (galamp3.com).mp3
INFO audio Switch: loading 'sounds/Звуки природы - Шум дождя (www.hotplayer.ru).mp3' (channels=2, sampleRate=48000)
INFO not found "/assets/sounds/Звуки природы - Шум дождя (www.hotplayer.ru).mp3" in vfs
ERROR WPSoundParser.cpp:178 audio file not found: sounds/Звуки природы - Шум дождя (www.hotplayer.ru).mp3
INFO audio Switch: loading 'sounds/Kooma & Veela - Oasis (256  kbps).mp3' (channels=2, sampleRate=48000)
INFO not found "/assets/sounds/Kooma & Veela - Oasis (256  kbps).mp3" in vfs
ERROR WPSoundParser.cpp:178 audio file not found: sounds/Kooma & Veela - Oasis (256  kbps).mp3
INFO audio Switch: loading 'sounds/Звуки природы - Шум дождя (www.hotplayer.ru).mp3' (channels=2, sampleRate=48000)
INFO not found "/assets/sounds/Звуки природы - Шум дождя (www.hotplayer.ru).mp3" in vfs
ERROR WPSoundParser.cpp:178 audio file not found: sounds/Звуки природы - Шум дождя (www.hotplayer.ru).mp3
INFO audio Switch: loading 'sounds/aether-scotland-veela-valentine.mp3' (channels=2, sampleRate=48000)
INFO not found "/assets/sounds/aether-scotland-veela-valentine.mp3" in vfs
ERROR WPSoundParser.cpp:178 audio file not found: sounds/aether-scotland-veela-valentine.mp3
INFO audio Switch: loading 'sounds/Звуки природы - Шум дождя (www.hotplayer.ru).mp3' (channels=2, sampleRate=48000)
INFO not found "/assets/sounds/Звуки природы - Шум дождя (www.hotplayer.ru).mp3" in vfs
ERROR WPSoundParser.cpp:178 audio file not found: sounds/Звуки природы - Шум дождя (www.hotplayer.ru).mp3
INFO audio Switch: loading 'sounds/Veela and Irosa Rosali - Going Home (galamp3.com).mp3' (channels=2, sampleRate=48000)
INFO not found "/assets/sounds/Veela and Irosa Rosali - Going Home (galamp3.com).mp3" in vfs
ERROR WPSoundParser.cpp:178 audio file not found: sounds/Veela and Irosa Rosali - Going Home (galamp3.com).mp3
INFO audio Switch: loading 'sounds/Звуки природы - Шум дождя (www.hotplayer.ru).mp3' (channels=2, sampleRate=48000)
INFO not found "/assets/sounds/Звуки природы - Шум дождя (www.hotplayer.ru).mp3" in vfs
ERROR WPSoundParser.cpp:178 audio file not found: sounds/Звуки природы - Шум дождя (www.hotplayer.ru).mp3
INFO audio Switch: loading 'sounds/Veela and Irosa Rosali, Elsie - Closed (galamp3.com).mp3' (channels=2, sampleRate=48000)
INFO not found "/assets/sounds/Veela and Irosa Rosali, Elsie - Closed (galamp3.com).mp3" in vfs
ERROR WPSoundParser.cpp:178 audio file not found: sounds/Veela and Irosa Rosali, Elsie - Closed (galamp3.com).mp3
INFO audio Switch: loading 'sounds/Звуки природы - Шум дождя (www.hotplayer.ru).mp3' (channels=2, sampleRate=48000)
INFO not found "/assets/sounds/Звуки природы - Шум дождя (www.hotplayer.ru).mp3" in vfs
ERROR WPSoundParser.cpp:178 audio file not found: sounds/Звуки природы - Шум дождя (www.hotplayer.ru).mp3
INFO audio Switch: loading 'sounds/Veela and Kooma - Pointless (galamp3.com).mp3' (channels=2, sampleRate=48000)
INFO not found "/assets/sounds/Veela and Kooma - Pointless (galamp3.com).mp3" in vfs
ERROR WPSoundParser.cpp:178 audio file not found: sounds/Veela and Kooma - Pointless (galamp3.com).mp3
INFO audio Switch: loading 'sounds/Звуки природы - Шум дождя (www.hotplayer.ru).mp3' (channels=2, sampleRate=48000)
INFO not found "/assets/sounds/Звуки природы - Шум дождя (www.hotplayer.ru).mp3" in vfs
ERROR WPSoundParser.cpp:178 audio file not found: sounds/Звуки природы - Шум дождя (www.hotplayer.ru).mp3
INFO audio Switch: loading 'sounds/Veela and Kooma - Retrospect (galamp3.com).mp3' (channels=2, sampleRate=48000)
INFO not found "/assets/sounds/Veela and Kooma - Retrospect (galamp3.com).mp3" in vfs
ERROR WPSoundParser.cpp:178 audio file not found: sounds/Veela and Kooma - Retrospect (galamp3.com).mp3
INFO audio Switch: loading 'sounds/Звуки природы - Шум дождя (www.hotplayer.ru).mp3' (channels=2, sampleRate=48000)
INFO not found "/assets/sounds/Звуки природы - Шум дождя (www.hotplayer.ru).mp3" in vfs
ERROR WPSoundParser.cpp:178 audio file not found: sounds/Звуки природы - Шум дождя (www.hotplayer.ru).mp3
INFO audio Switch: loading 'sounds/Kooma & Veela - Oasis (256  kbps).mp3' (channels=2, sampleRate=48000)
INFO not found "/assets/sounds/Kooma & Veela - Oasis (256  kbps).mp3" in vfs
ERROR WPSoundParser.cpp:178 audio file not found: sounds/Kooma & Veela - Oasis (256  kbps).mp3
INFO audio Switch: loading 'sounds/Звуки природы - Шум дождя (www.hotplayer.ru).mp3' (channels=2, sampleRate=48000)
INFO not found "/assets/sounds/Звуки природы - Шум дождя (www.hotplayer.ru).mp3" in vfs
ERROR WPSoundParser.cpp:178 audio file not found: sounds/Звуки природы - Шум дождя (www.hotplayer.ru).mp3
INFO audio Switch: loading 'sounds/aether-scotland-veela-valentine.mp3' (channels=2, sampleRate=48000)
INFO not found "/assets/sounds/aether-scotland-veela-valentine.mp3" in vfs
ERROR WPSoundParser.cpp:178 audio file not found: sounds/aether-scotland-veela-valentine.mp3
INFO audio Switch: loading 'sounds/Звуки природы - Шум дождя (www.hotplayer.ru).mp3' (channels=2, sampleRate=48000)
INFO not found "/assets/sounds/Звуки природы - Шум дождя (www.hotplayer.ru).mp3" in vfs
ERROR WPSoundParser.cpp:178 audio file not found: sounds/Звуки природы - Шум дождя (www.hotplayer.ru).mp3
INFO audio Switch: loading 'sounds/Veela and Irosa Rosali - Going Home (galamp3.com).mp3' (channels=2, sampleRate=48000)
INFO not found "/assets/sounds/Veela and Irosa Rosali - Going Home (galamp3.com).mp3" in vfs
ERROR WPSoundParser.cpp:178 audio file not found: sounds/Veela and Irosa Rosali - Going Home (galamp3.com).mp3
INFO audio Switch: loading 'sounds/Звуки природы - Шум дождя (www.hotplayer.ru).mp3' (channels=2, sampleRate=48000)
INFO not found "/assets/sounds/Звуки природы - Шум дождя (www.hotplayer.ru).mp3" in vfs
ERROR WPSoundParser.cpp:178 audio file not found: sounds/Звуки природы - Шум дождя (www.hotplayer.ru).mp3
INFO audio Switch: loading 'sounds/Veela and Irosa Rosali, Elsie - Closed (galamp3.com).mp3' (channels=2, sampleRate=48000)
INFO not found "/assets/sounds/Veela and Irosa Rosali, Elsie - Closed (galamp3.com).mp3" in vfs
ERROR WPSoundParser.cpp:178 audio file not found: sounds/Veela and Irosa Rosali, Elsie - Closed (galamp3.com).mp3
INFO audio Switch: loading 'sounds/Звуки природы - Шум дождя (www.hotplayer.ru).mp3' (channels=2, sampleRate=48000)
INFO not found "/assets/sounds/Звуки природы - Шум дождя (www.hotplayer.ru).mp3" in vfs
ERROR WPSoundParser.cpp:178 audio file not found: sounds/Звуки природы - Шум дождя (www.hotplayer.ru).mp3
INFO audio Switch: loading 'sounds/Veela and Kooma - Pointless (galamp3.com).mp3' (channels=2, sampleRate=48000)
INFO not found "/assets/sounds/Veela and Kooma - Pointless (galamp3.com).mp3" in vfs
ERROR WPSoundParser.cpp:178 audio file not found: sounds/Veela and Kooma - Pointless (galamp3.com).mp3
INFO audio Switch: loading 'sounds/Звуки природы - Шум дождя (www.hotplayer.ru).mp3' (channels=2, sampleRate=48000)
INFO not found "/assets/sounds/Звуки природы - Шум дождя (www.hotplayer.ru).mp3" in vfs
ERROR WPSoundParser.cpp:178 audio file not found: sounds/Звуки природы - Шум дождя (www.hotplayer.ru).mp3
INFO audio Switch: loading 'sounds/Veela and Kooma - Retrospect (galamp3.com).mp3' (channels=2, sampleRate=48000)
INFO not found "/assets/sounds/Veela and Kooma - Retrospect (galamp3.com).mp3" in vfs
ERROR WPSoundParser.cpp:178 audio file not found: sounds/Veela and Kooma - Retrospect (galamp3.com).mp3
INFO audio Switch: loading 'sounds/Звуки природы - Шум дождя (www.hotplayer.ru).mp3' (channels=2, sampleRate=48000)
INFO not found "/assets/sounds/Звуки природы - Шум дождя (www.hotplayer.ru).mp3" in vfs
ERROR WPSoundParser.cpp:178 audio file not found: sounds/Звуки природы - Шум дождя (www.hotplayer.ru).mp3
INFO audio Switch: loading 'sounds/Kooma & Veela - Oasis (256  kbps).mp3' (channels=2, sampleRate=48000)
INFO not found "/assets/sounds/Kooma & Veela - Oasis (256  kbps).mp3" in vfs
ERROR WPSoundParser.cpp:178 audio file not found: sounds/Kooma & Veela - Oasis (256  kbps).mp3
INFO audio Switch: loading 'sounds/Звуки природы - Шум дождя (www.hotplayer.ru).mp3' (channels=2, sampleRate=48000)
INFO not found "/assets/sounds/Звуки природы - Шум дождя (www.hotplayer.ru).mp3" in vfs
ERROR WPSoundParser.cpp:178 audio file not found: sounds/Звуки природы - Шум дождя (www.hotplayer.ru).mp3
INFO audio Switch: loading 'sounds/aether-scotland-veela-valentine.mp3' (channels=2, sampleRate=48000)
INFO not found "/assets/sounds/aether-scotland-veela-valentine.mp3" in vfs
ERROR WPSoundParser.cpp:178 audio file not found: sounds/aether-scotland-veela-valentine.mp3
INFO audio Switch: loading 'sounds/Звуки природы - Шум дождя (www.hotplayer.ru).mp3' (channels=2, sampleRate=48000)
INFO not found "/assets/sounds/Звуки природы - Шум дождя (www.hotplayer.ru).mp3" in vfs
ERROR WPSoundParser.cpp:178 audio file not found: sounds/Звуки природы - Шум дождя (www.hotplayer.ru).mp3
INFO audio Switch: loading 'sounds/Veela and Irosa Rosali - Going Home (galamp3.com).mp3' (channels=2, sampleRate=48000)
INFO not found "/assets/sounds/Veela and Irosa Rosali - Going Home (galamp3.com).mp3" in vfs
ERROR WPSoundParser.cpp:178 audio file not found: sounds/Veela and Irosa Rosali - Going Home (galamp3.com).mp3
INFO audio Switch: loading 'sounds/Звуки природы - Шум дождя (www.hotplayer.ru).mp3' (channels=2, sampleRate=48000)
INFO not found "/assets/sounds/Звуки природы - Шум дождя (www.hotplayer.ru).mp3" in vfs
ERROR WPSoundParser.cpp:178 audio file not found: sounds/Звуки природы - Шум дождя (www.hotplayer.ru).mp3
INFO audio Switch: loading 'sounds/Veela and Irosa Rosali, Elsie - Closed (galamp3.com).mp3' (channels=2, sampleRate=48000)
INFO not found "/assets/sounds/Veela and Irosa Rosali, Elsie - Closed (galamp3.com).mp3" in vfs
ERROR WPSoundParser.cpp:178 audio file not found: sounds/Veela and Irosa Rosali, Elsie - Closed (galamp3.com).mp3
INFO audio Switch: loading 'sounds/Звуки природы - Шум дождя (www.hotplayer.ru).mp3' (channels=2, sampleRate=48000)
INFO not found "/assets/sounds/Звуки природы - Шум дождя (www.hotplayer.ru).mp3" in vfs
ERROR WPSoundParser.cpp:178 audio file not found: sounds/Звуки природы - Шум дождя (www.hotplayer.ru).mp3
INFO audio Switch: loading 'sounds/Veela and Kooma - Pointless (galamp3.com).mp3' (channels=2, sampleRate=48000)
INFO not found "/assets/sounds/Veela and Kooma - Pointless (galamp3.com).mp3" in vfs
ERROR WPSoundParser.cpp:178 audio file not found: sounds/Veela and Kooma - Pointless (galamp3.com).mp3
INFO audio Switch: loading 'sounds/Звуки природы - Шум дождя (www.hotplayer.ru).mp3' (channels=2, sampleRate=48000)
INFO not found "/assets/sounds/Звуки природы - Шум дождя (www.hotplayer.ru).mp3" in vfs
ERROR WPSoundParser.cpp:178 audio file not found: sounds/Звуки природы - Шум дождя (www.hotplayer.ru).mp3
INFO audio Switch: loading 'sounds/Veela and Kooma - Retrospect (galamp3.com).mp3' (channels=2, sampleRate=48000)
INFO not found "/assets/sounds/Veela and Kooma - Retrospect (galamp3.com).mp3" in vfs
ERROR WPSoundParser.cpp:178 audio file not found: sounds/Veela and Kooma - Retrospect (galamp3.com).mp3
INFO audio Switch: loading 'sounds/Звуки природы - Шум дождя (www.hotplayer.ru).mp3' (channels=2, sampleRate=48000)
INFO not found "/assets/sounds/Звуки природы - Шум дождя (www.hotplayer.ru).mp3" in vfs
ERROR WPSoundParser.cpp:178 audio file not found: sounds/Звуки природы - Шум дождя (www.hotplayer.ru).mp3
INFO audio Switch: loading 'sounds/Kooma & Veela - Oasis (256  kbps).mp3' (channels=2, sampleRate=48000)
INFO not found "/assets/sounds/Kooma & Veela - Oasis (256  kbps).mp3" in vfs
ERROR WPSoundParser.cpp:178 audio file not found: sounds/Kooma & Veela - Oasis (256  kbps).mp3
INFO audio Switch: loading 'sounds/Звуки природы - Шум дождя (www.hotplayer.ru).mp3' (channels=2, sampleRate=48000)
INFO not found "/assets/sounds/Звуки природы - Шум дождя (www.hotplayer.ru).mp3" in vfs
ERROR WPSoundParser.cpp:178 audio file not found: sounds/Звуки природы - Шум дождя (www.hotplayer.ru).mp3
INFO audio Switch: loading 'sounds/aether-scotland-veela-valentine.mp3' (channels=2, sampleRate=48000)
INFO not found "/assets/sounds/aether-scotland-veela-valentine.mp3" in vfs
ERROR WPSoundParser.cpp:178 audio file not found: sounds/aether-scotland-veela-valentine.mp3
INFO audio Switch: loading 'sounds/Звуки природы - Шум дождя (www.hotplayer.ru).mp3' (channels=2, sampleRate=48000)
INFO not found "/assets/sounds/Звуки природы - Шум дождя (www.hotplayer.ru).mp3" in vfs
ERROR WPSoundParser.cpp:178 audio file not found: sounds/Звуки природы - Шум дождя (www.hotplayer.ru).mp3
INFO audio Switch: loading 'sounds/Veela and Irosa Rosali - Going Home (galamp3.com).mp3' (channels=2, sampleRate=48000)
INFO not found "/assets/sounds/Veela and Irosa Rosali - Going Home (galamp3.com).mp3" in vfs
ERROR WPSoundParser.cpp:178 audio file not found: sounds/Veela and Irosa Rosali - Going Home (galamp3.com).mp3
INFO audio Switch: loading 'sounds/Звуки природы - Шум дождя (www.hotplayer.ru).mp3' (channels=2, sampleRate=48000)
INFO not found "/assets/sounds/Звуки природы - Шум дождя (www.hotplayer.ru).mp3" in vfs
ERROR WPSoundParser.cpp:178 audio file not found: sounds/Звуки природы - Шум дождя (www.hotplayer.ru).mp3
INFO audio Switch: loading 'sounds/Veela and Irosa Rosali, Elsie - Closed (galamp3.com).mp3' (channels=2, sampleRate=48000)
INFO not found "/assets/sounds/Veela and Irosa Rosali, Elsie - Closed (galamp3.com).mp3" in vfs
ERROR WPSoundParser.cpp:178 audio file not found: sounds/Veela and Irosa Rosali, Elsie - Closed (galamp3.com).mp3
INFO audio Switch: loading 'sounds/Звуки природы - Шум дождя (www.hotplayer.ru).mp3' (channels=2, sampleRate=48000)
INFO not found "/assets/sounds/Звуки природы - Шум дождя (www.hotplayer.ru).mp3" in vfs
ERROR WPSoundParser.cpp:178 audio file not found: sounds/Звуки природы - Шум дождя (www.hotplayer.ru).mp3
INFO audio Switch: loading 'sounds/Veela and Kooma - Pointless (galamp3.com).mp3' (channels=2, sampleRate=48000)
INFO not found "/assets/sounds/Veela and Kooma - Pointless (galamp3.com).mp3" in vfs
ERROR WPSoundParser.cpp:178 audio file not found: sounds/Veela and Kooma - Pointless (galamp3.com).mp3
INFO audio Switch: loading 'sounds/Звуки природы - Шум дождя (www.hotplayer.ru).mp3' (channels=2, sampleRate=48000)
INFO not found "/assets/sounds/Звуки природы - Шум дождя (www.hotplayer.ru).mp3" in vfs
ERROR WPSoundParser.cpp:178 audio file not found: sounds/Звуки природы - Шум дождя (www.hotplayer.ru).mp3
INFO audio Switch: loading 'sounds/Veela and Kooma - Retrospect (galamp3.com).mp3' (channels=2, sampleRate=48000)
INFO not found "/assets/sounds/Veela and Kooma - Retrospect (galamp3.com).mp3" in vfs
ERROR WPSoundParser.cpp:178 audio file not found: sounds/Veela and Kooma - Retrospect (galamp3.com).mp3
INFO audio Switch: loading 'sounds/Звуки природы - Шум дождя (www.hotplayer.ru).mp3' (channels=2, sampleRate=48000)
INFO not found "/assets/sounds/Звуки природы - Шум дождя (www.hotplayer.ru).mp3" in vfs
ERROR WPSoundParser.cpp:178 audio file not found: sounds/Звуки природы - Шум дождя (www.hotplayer.ru).mp3
INFO audio Switch: loading 'sounds/Kooma & Veela - Oasis (256  kbps).mp3' (channels=2, sampleRate=48000)
INFO not found "/assets/sounds/Kooma & Veela - Oasis (256  kbps).mp3" in vfs
ERROR WPSoundParser.cpp:178 audio file not found: sounds/Kooma & Veela - Oasis (256  kbps).mp3
INFO audio Switch: loading 'sounds/Звуки природы - Шум дождя (www.hotplayer.ru).mp3' (channels=2, sampleRate=48000)
INFO not found "/assets/sounds/Звуки природы - Шум дождя (www.hotplayer.ru).mp3" in vfs
ERROR WPSoundParser.cpp:178 audio file not found: sounds/Звуки природы - Шум дождя (www.hotplayer.ru).mp3
INFO audio Switch: loading 'sounds/aether-scotland-veela-valentine.mp3' (channels=2, sampleRate=48000)
INFO not found "/assets/sounds/aether-scotland-veela-valentine.mp3" in vfs
ERROR WPSoundParser.cpp:178 audio file not found: sounds/aether-scotland-veela-valentine.mp3
INFO audio Switch: loading 'sounds/Звуки природы - Шум дождя (www.hotplayer.ru).mp3' (channels=2, sampleRate=48000)
INFO not found "/assets/sounds/Звуки природы - Шум дождя (www.hotplayer.ru).mp3" in vfs
ERROR WPSoundParser.cpp:178 audio file not found: sounds/Звуки природы - Шум дождя (www.hotplayer.ru).mp3
INFO audio Switch: loading 'sounds/Veela and Irosa Rosali - Going Home (galamp3.com).mp3' (channels=2, sampleRate=48000)
INFO not found "/assets/sounds/Veela and Irosa Rosali - Going Home (galamp3.com).mp3" in vfs
ERROR WPSoundParser.cpp:178 audio file not found: sounds/Veela and Irosa Rosali - Going Home (galamp3.com).mp3
INFO audio Switch: loading 'sounds/Звуки природы - Шум дождя (www.hotplayer.ru).mp3' (channels=2, sampleRate=48000)
INFO not found "/assets/sounds/Звуки природы - Шум дождя (www.hotplayer.ru).mp3" in vfs
ERROR WPSoundParser.cpp:178 audio file not found: sounds/Звуки природы - Шум дождя (www.hotplayer.ru).mp3
INFO audio Switch: loading 'sounds/Veela and Irosa Rosali, Elsie - Closed (galamp3.com).mp3' (channels=2, sampleRate=48000)
INFO not found "/assets/sounds/Veela and Irosa Rosali, Elsie - Closed (galamp3.com).mp3" in vfs
ERROR WPSoundParser.cpp:178 audio file not found: sounds/Veela and Irosa Rosali, Elsie - Closed (galamp3.com).mp3
INFO audio Switch: loading 'sounds/Звуки природы - Шум дождя (www.hotplayer.ru).mp3' (channels=2, sampleRate=48000)
INFO not found "/assets/sounds/Звуки природы - Шум дождя (www.hotplayer.ru).mp3" in vfs
ERROR WPSoundParser.cpp:178 audio file not found: sounds/Звуки природы - Шум дождя (www.hotplayer.ru).mp3
INFO audio Switch: loading 'sounds/Veela and Kooma - Pointless (galamp3.com).mp3' (channels=2, sampleRate=48000)
INFO not found "/assets/sounds/Veela and Kooma - Pointless (galamp3.com).mp3" in vfs
ERROR WPSoundParser.cpp:178 audio file not found: sounds/Veela and Kooma - Pointless (galamp3.com).mp3
INFO audio Switch: loading 'sounds/Звуки природы - Шум дождя (www.hotplayer.ru).mp3' (channels=2, sampleRate=48000)
INFO not found "/assets/sounds/Звуки природы - Шум дождя (www.hotplayer.ru).mp3" in vfs
ERROR WPSoundParser.cpp:178 audio file not found: sounds/Звуки природы - Шум дождя (www.hotplayer.ru).mp3
INFO audio Switch: loading 'sounds/Veela and Kooma - Retrospect (galamp3.com).mp3' (channels=2, sampleRate=48000)
INFO not found "/assets/sounds/Veela and Kooma - Retrospect (galamp3.com).mp3" in vfs
ERROR WPSoundParser.cpp:178 audio file not found: sounds/Veela and Kooma - Retrospect (galamp3.com).mp3
INFO audio Switch: loading 'sounds/Звуки природы - Шум дождя (www.hotplayer.ru).mp3' (channels=2, sampleRate=48000)
INFO not found "/assets/sounds/Звуки природы - Шум дождя (www.hotplayer.ru).mp3" in vfs
ERROR WPSoundParser.cpp:178 audio file not found: sounds/Звуки природы - Шум дождя (www.hotplayer.ru).mp3
INFO audio Switch: loading 'sounds/Kooma & Veela - Oasis (256  kbps).mp3' (channels=2, sampleRate=48000)
INFO not found "/assets/sounds/Kooma & Veela - Oasis (256  kbps).mp3" in vfs
ERROR WPSoundParser.cpp:178 audio file not found: sounds/Kooma & Veela - Oasis (256  kbps).mp3
INFO audio Switch: loading 'sounds/Звуки природы - Шум дождя (www.hotplayer.ru).mp3' (channels=2, sampleRate=48000)
INFO not found "/assets/sounds/Звуки природы - Шум дождя (www.hotplayer.ru).mp3" in vfs
ERROR WPSoundParser.cpp:178 audio file not found: sounds/Звуки природы - Шум дождя (www.hotplayer.ru).mp3
INFO audio Switch: loading 'sounds/aether-scotland-veela-valentine.mp3' (channels=2, sampleRate=48000)
INFO not found "/assets/sounds/aether-scotland-veela-valentine.mp3" in vfs
ERROR WPSoundParser.cpp:178 audio file not found: sounds/aether-scotland-veela-valentine.mp3
INFO audio Switch: loading 'sounds/Звуки природы - Шум дождя (www.hotplayer.ru).mp3' (channels=2, sampleRate=48000)
INFO not found "/assets/sounds/Звуки природы - Шум дождя (www.hotplayer.ru).mp3" in vfs
ERROR WPSoundParser.cpp:178 audio file not found: sounds/Звуки природы - Шум дождя (www.hotplayer.ru).mp3
INFO audio Switch: loading 'sounds/Veela and Irosa Rosali - Going Home (galamp3.com).mp3' (channels=2, sampleRate=48000)
INFO not found "/assets/sounds/Veela and Irosa Rosali - Going Home (galamp3.com).mp3" in vfs
ERROR WPSoundParser.cpp:178 audio file not found: sounds/Veela and Irosa Rosali - Going Home (galamp3.com).mp3
INFO audio Switch: loading 'sounds/Звуки природы - Шум дождя (www.hotplayer.ru).mp3' (channels=2, sampleRate=48000)
INFO not found "/assets/sounds/Звуки природы - Шум дождя (www.hotplayer.ru).mp3" in vfs
ERROR WPSoundParser.cpp:178 audio file not found: sounds/Звуки природы - Шум дождя (www.hotplayer.ru).mp3
INFO audio Switch: loading 'sounds/Veela and Irosa Rosali, Elsie - Closed (galamp3.com).mp3' (channels=2, sampleRate=48000)
INFO not found "/assets/sounds/Veela and Irosa Rosali, Elsie - Closed (galamp3.com).mp3" in vfs
ERROR WPSoundParser.cpp:178 audio file not found: sounds/Veela and Irosa Rosali, Elsie - Closed (galamp3.com).mp3
INFO audio Switch: loading 'sounds/Звуки природы - Шум дождя (www.hotplayer.ru).mp3' (channels=2, sampleRate=48000)
INFO not found "/assets/sounds/Звуки природы - Шум дождя (www.hotplayer.ru).mp3" in vfs
ERROR WPSoundParser.cpp:178 audio file not found: sounds/Звуки природы - Шум дождя (www.hotplayer.ru).mp3
INFO audio Switch: loading 'sounds/Veela and Kooma - Pointless (galamp3.com).mp3' (channels=2, sampleRate=48000)
INFO not found "/assets/sounds/Veela and Kooma - Pointless (galamp3.com).mp3" in vfs
ERROR WPSoundParser.cpp:178 audio file not found: sounds/Veela and Kooma - Pointless (galamp3.com).mp3
INFO audio Switch: loading 'sounds/Звуки природы - Шум дождя (www.hotplayer.ru).mp3' (channels=2, sampleRate=48000)
INFO not found "/assets/sounds/Звуки природы - Шум дождя (www.hotplayer.ru).mp3" in vfs
ERROR WPSoundParser.cpp:178 audio file not found: sounds/Звуки природы - Шум дождя (www.hotplayer.ru).mp3
INFO audio Switch: loading 'sounds/Veela and Kooma - Retrospect (galamp3.com).mp3' (channels=2, sampleRate=48000)
INFO not found "/assets/sounds/Veela and Kooma - Retrospect (galamp3.com).mp3" in vfs
ERROR WPSoundParser.cpp:178 audio file not found: sounds/Veela and Kooma - Retrospect (galamp3.com).mp3
INFO audio Switch: loading 'sounds/Звуки природы - Шум дождя (www.hotplayer.ru).mp3' (channels=2, sampleRate=48000)
INFO not found "/assets/sounds/Звуки природы - Шум дождя (www.hotplayer.ru).mp3" in vfs
ERROR WPSoundParser.cpp:178 audio file not found: sounds/Звуки природы - Шум дождя (www.hotplayer.ru).mp3
INFO audio Switch: loading 'sounds/Kooma & Veela - Oasis (256  kbps).mp3' (channels=2, sampleRate=48000)
INFO not found "/assets/sounds/Kooma & Veela - Oasis (256  kbps).mp3" in vfs
ERROR WPSoundParser.cpp:178 audio file not found: sounds/Kooma & Veela - Oasis (256  kbps).mp3
INFO audio Switch: loading 'sounds/Звуки природы - Шум дождя (www.hotplayer.ru).mp3' (channels=2, sampleRate=48000)
INFO not found "/assets/sounds/Звуки природы - Шум дождя (www.hotplayer.ru).mp3" in vfs
ERROR WPSoundParser.cpp:178 audio file not found: sounds/Звуки природы - Шум дождя (www.hotplayer.ru).mp3
INFO audio Switch: loading 'sounds/aether-scotland-veela-valentine.mp3' (channels=2, sampleRate=48000)
INFO not found "/assets/sounds/aether-scotland-veela-valentine.mp3" in vfs
ERROR WPSoundParser.cpp:178 audio file not found: sounds/aether-scotland-veela-valentine.mp3
INFO audio Switch: loading 'sounds/Звуки природы - Шум дождя (www.hotplayer.ru).mp3' (channels=2, sampleRate=48000)
INFO not found "/assets/sounds/Звуки природы - Шум дождя (www.hotplayer.ru).mp3" in vfs
ERROR WPSoundParser.cpp:178 audio file not found: sounds/Звуки природы - Шум дождя (www.hotplayer.ru).mp3
INFO audio Switch: loading 'sounds/Veela and Irosa Rosali - Going Home (galamp3.com).mp3' (channels=2, sampleRate=48000)
INFO not found "/assets/sounds/Veela and Irosa Rosali - Going Home (galamp3.com).mp3" in vfs
ERROR WPSoundParser.cpp:178 audio file not found: sounds/Veela and Irosa Rosali - Going Home (galamp3.com).mp3
INFO audio Switch: loading 'sounds/Звуки природы - Шум дождя (www.hotplayer.ru).mp3' (channels=2, sampleRate=48000)
INFO not found "/assets/sounds/Звуки природы - Шум дождя (www.hotplayer.ru).mp3" in vfs
ERROR WPSoundParser.cpp:178 audio file not found: sounds/Звуки природы - Шум дождя (www.hotplayer.ru).mp3
INFO audio Switch: loading 'sounds/Veela and Irosa Rosali, Elsie - Closed (galamp3.com).mp3' (channels=2, sampleRate=48000)
INFO not found "/assets/sounds/Veela and Irosa Rosali, Elsie - Closed (galamp3.com).mp3" in vfs
ERROR WPSoundParser.cpp:178 audio file not found: sounds/Veela and Irosa Rosali, Elsie - Closed (galamp3.com).mp3
INFO audio Switch: loading 'sounds/Звуки природы - Шум дождя (www.hotplayer.ru).mp3' (channels=2, sampleRate=48000)
INFO not found "/assets/sounds/Звуки природы - Шум дождя (www.hotplayer.ru).mp3" in vfs
ERROR WPSoundParser.cpp:178 audio file not found: sounds/Звуки природы - Шум дождя (www.hotplayer.ru).mp3
INFO audio Switch: loading 'sounds/Veela and Kooma - Pointless (galamp3.com).mp3' (channels=2, sampleRate=48000)
INFO not found "/assets/sounds/Veela and Kooma - Pointless (galamp3.com).mp3" in vfs
ERROR WPSoundParser.cpp:178 audio file not found: sounds/Veela and Kooma - Pointless (galamp3.com).mp3
INFO audio Switch: loading 'sounds/Звуки природы - Шум дождя (www.hotplayer.ru).mp3' (channels=2, sampleRate=48000)
INFO not found "/assets/sounds/Звуки природы - Шум дождя (www.hotplayer.ru).mp3" in vfs
ERROR WPSoundParser.cpp:178 audio file not found: sounds/Звуки природы - Шум дождя (www.hotplayer.ru).mp3
INFO audio Switch: loading 'sounds/Veela and Kooma - Retrospect (galamp3.com).mp3' (channels=2, sampleRate=48000)
INFO not found "/assets/sounds/Veela and Kooma - Retrospect (galamp3.com).mp3" in vfs
ERROR WPSoundParser.cpp:178 audio file not found: sounds/Veela and Kooma - Retrospect (galamp3.com).mp3
INFO audio Switch: loading 'sounds/Звуки природы - Шум дождя (www.hotplayer.ru).mp3' (channels=2, sampleRate=48000)
INFO not found "/assets/sounds/Звуки природы - Шум дождя (www.hotplayer.ru).mp3" in vfs
ERROR WPSoundParser.cpp:178 audio file not found: sounds/Звуки природы - Шум дождя (www.hotplayer.ru).mp3
INFO audio Switch: loading 'sounds/Kooma & Veela - Oasis (256  kbps).mp3' (channels=2, sampleRate=48000)
INFO not found "/assets/sounds/Kooma & Veela - Oasis (256  kbps).mp3" in vfs
ERROR WPSoundParser.cpp:178 audio file not found: sounds/Kooma & Veela - Oasis (256  kbps).mp3
INFO audio Switch: loading 'sounds/Звуки природы - Шум дождя (www.hotplayer.ru).mp3' (channels=2, sampleRate=48000)
INFO not found "/assets/sounds/Звуки природы - Шум дождя (www.hotplayer.ru).mp3" in vfs
ERROR WPSoundParser.cpp:178 audio file not found: sounds/Звуки природы - Шум дождя (www.hotplayer.ru).mp3
INFO audio Switch: loading 'sounds/aether-scotland-veela-valentine.mp3' (channels=2, sampleRate=48000)
INFO not found "/assets/sounds/aether-scotland-veela-valentine.mp3" in vfs
ERROR WPSoundParser.cpp:178 audio file not found: sounds/aether-scotland-veela-valentine.mp3
INFO audio Switch: loading 'sounds/Звуки природы - Шум дождя (www.hotplayer.ru).mp3' (channels=2, sampleRate=48000)
INFO not found "/assets/sounds/Звуки природы - Шум дождя (www.hotplayer.ru).mp3" in vfs
ERROR WPSoundParser.cpp:178 audio file not found: sounds/Звуки природы - Шум дождя (www.hotplayer.ru).mp3
INFO audio Switch: loading 'sounds/Veela and Irosa Rosali - Going Home (galamp3.com).mp3' (channels=2, sampleRate=48000)
INFO not found "/assets/sounds/Veela and Irosa Rosali - Going Home (galamp3.com).mp3" in vfs
ERROR WPSoundParser.cpp:178 audio file not found: sounds/Veela and Irosa Rosali - Going Home (galamp3.com).mp3
INFO audio Switch: loading 'sounds/Звуки природы - Шум дождя (www.hotplayer.ru).mp3' (channels=2, sampleRate=48000)
INFO not found "/assets/sounds/Звуки природы - Шум дождя (www.hotplayer.ru).mp3" in vfs
ERROR WPSoundParser.cpp:178 audio file not found: sounds/Звуки природы - Шум дождя (www.hotplayer.ru).mp3
INFO audio Switch: loading 'sounds/Veela and Irosa Rosali, Elsie - Closed (galamp3.com).mp3' (channels=2, sampleRate=48000)
INFO not found "/assets/sounds/Veela and Irosa Rosali, Elsie - Closed (galamp3.com).mp3" in vfs
ERROR WPSoundParser.cpp:178 audio file not found: sounds/Veela and Irosa Rosali, Elsie - Closed (galamp3.com).mp3
INFO audio Switch: loading 'sounds/Звуки природы - Шум дождя (www.hotplayer.ru).mp3' (channels=2, sampleRate=48000)
INFO not found "/assets/sounds/Звуки природы - Шум дождя (www.hotplayer.ru).mp3" in vfs
ERROR WPSoundParser.cpp:178 audio file not found: sounds/Звуки природы - Шум дождя (www.hotplayer.ru).mp3
INFO audio Switch: loading 'sounds/Veela and Kooma - Pointless (galamp3.com).mp3' (channels=2, sampleRate=48000)
INFO not found "/assets/sounds/Veela and Kooma - Pointless (galamp3.com).mp3" in vfs
ERROR WPSoundParser.cpp:178 audio file not found: sounds/Veela and Kooma - Pointless (galamp3.com).mp3
INFO audio Switch: loading 'sounds/Звуки природы - Шум дождя (www.hotplayer.ru).mp3' (channels=2, sampleRate=48000)
INFO not found "/assets/sounds/Звуки природы - Шум дождя (www.hotplayer.ru).mp3" in vfs
ERROR WPSoundParser.cpp:178 audio file not found: sounds/Звуки природы - Шум дождя (www.hotplayer.ru).mp3
INFO audio Switch: loading 'sounds/Veela and Kooma - Retrospect (galamp3.com).mp3' (channels=2, sampleRate=48000)
INFO not found "/assets/sounds/Veela and Kooma - Retrospect (galamp3.com).mp3" in vfs
ERROR WPSoundParser.cpp:178 audio file not found: sounds/Veela and Kooma - Retrospect (galamp3.com).mp3
INFO audio Switch: loading 'sounds/Звуки природы - Шум дождя (www.hotplayer.ru).mp3' (channels=2, sampleRate=48000)
INFO not found "/assets/sounds/Звуки природы - Шум дождя (www.hotplayer.ru).mp3" in vfs
ERROR WPSoundParser.cpp:178 audio file not found: sounds/Звуки природы - Шум дождя (www.hotplayer.ru).mp3
INFO audio Switch: loading 'sounds/Kooma & Veela - Oasis (256  kbps).mp3' (channels=2, sampleRate=48000)
INFO not found "/assets/sounds/Kooma & Veela - Oasis (256  kbps).mp3" in vfs
ERROR WPSoundParser.cpp:178 audio file not found: sounds/Kooma & Veela - Oasis (256  kbps).mp3
INFO audio Switch: loading 'sounds/Звуки природы - Шум дождя (www.hotplayer.ru).mp3' (channels=2, sampleRate=48000)
INFO not found "/assets/sounds/Звуки природы - Шум дождя (www.hotplayer.ru).mp3" in vfs
ERROR WPSoundParser.cpp:178 audio file not found: sounds/Звуки природы - Шум дождя (www.hotplayer.ru).mp3
INFO audio Switch: loading 'sounds/aether-scotland-veela-valentine.mp3' (channels=2, sampleRate=48000)
INFO not found "/assets/sounds/aether-scotland-veela-valentine.mp3" in vfs
ERROR WPSoundParser.cpp:178 audio file not found: sounds/aether-scotland-veela-valentine.mp3
INFO audio Switch: loading 'sounds/Звуки природы - Шум дождя (www.hotplayer.ru).mp3' (channels=2, sampleRate=48000)
INFO not found "/assets/sounds/Звуки природы - Шум дождя (www.hotplayer.ru).mp3" in vfs
ERROR WPSoundParser.cpp:178 audio file not found: sounds/Звуки природы - Шум дождя (www.hotplayer.ru).mp3
INFO audio Switch: loading 'sounds/Veela and Irosa Rosali - Going Home (galamp3.com).mp3' (channels=2, sampleRate=48000)
INFO not found "/assets/sounds/Veela and Irosa Rosali - Going Home (galamp3.com).mp3" in vfs
ERROR WPSoundParser.cpp:178 audio file not found: sounds/Veela and Irosa Rosali - Going Home (galamp3.com).mp3
INFO audio Switch: loading 'sounds/Звуки природы - Шум дождя (www.hotplayer.ru).mp3' (channels=2, sampleRate=48000)
INFO not found "/assets/sounds/Звуки природы - Шум дождя (www.hotplayer.ru).mp3" in vfs
ERROR WPSoundParser.cpp:178 audio file not found: sounds/Звуки природы - Шум дождя (www.hotplayer.ru).mp3
INFO audio Switch: loading 'sounds/Veela and Irosa Rosali, Elsie - Closed (galamp3.com).mp3' (channels=2, sampleRate=48000)
INFO not found "/assets/sounds/Veela and Irosa Rosali, Elsie - Closed (galamp3.com).mp3" in vfs
ERROR WPSoundParser.cpp:178 audio file not found: sounds/Veela and Irosa Rosali, Elsie - Closed (galamp3.com).mp3
INFO audio Switch: loading 'sounds/Звуки природы - Шум дождя (www.hotplayer.ru).mp3' (channels=2, sampleRate=48000)
INFO not found "/assets/sounds/Звуки природы - Шум дождя (www.hotplayer.ru).mp3" in vfs
ERROR WPSoundParser.cpp:178 audio file not found: sounds/Звуки природы - Шум дождя (www.hotplayer.ru).mp3
INFO audio Switch: loading 'sounds/Veela and Kooma - Pointless (galamp3.com).mp3' (channels=2, sampleRate=48000)
INFO not found "/assets/sounds/Veela and Kooma - Pointless (galamp3.com).mp3" in vfs
ERROR WPSoundParser.cpp:178 audio file not found: sounds/Veela and Kooma - Pointless (galamp3.com).mp3
INFO audio Switch: loading 'sounds/Звуки природы - Шум дождя (www.hotplayer.ru).mp3' (channels=2, sampleRate=48000)
INFO not found "/assets/sounds/Звуки природы - Шум дождя (www.hotplayer.ru).mp3" in vfs
ERROR WPSoundParser.cpp:178 audio file not found: sounds/Звуки природы - Шум дождя (www.hotplayer.ru).mp3
INFO audio Switch: loading 'sounds/Veela and Kooma - Retrospect (galamp3.com).mp3' (channels=2, sampleRate=48000)
INFO not found "/assets/sounds/Veela and Kooma - Retrospect (galamp3.com).mp3" in vfs
ERROR WPSoundParser.cpp:178 audio file not found: sounds/Veela and Kooma - Retrospect (galamp3.com).mp3
INFO audio Switch: loading 'sounds/Звуки природы - Шум дождя (www.hotplayer.ru).mp3' (channels=2, sampleRate=48000)
INFO not found "/assets/sounds/Звуки природы - Шум дождя (www.hotplayer.ru).mp3" in vfs
ERROR WPSoundParser.cpp:178 audio file not found: sounds/Звуки природы - Шум дождя (www.hotplayer.ru).mp3
INFO audio Switch: loading 'sounds/Kooma & Veela - Oasis (256  kbps).mp3' (channels=2, sampleRate=48000)
INFO not found "/assets/sounds/Kooma & Veela - Oasis (256  kbps).mp3" in vfs
ERROR WPSoundParser.cpp:178 audio file not found: sounds/Kooma & Veela - Oasis (256  kbps).mp3
INFO audio Switch: loading 'sounds/Звуки природы - Шум дождя (www.hotplayer.ru).mp3' (channels=2, sampleRate=48000)
INFO not found "/assets/sounds/Звуки природы - Шум дождя (www.hotplayer.ru).mp3" in vfs
ERROR WPSoundParser.cpp:178 audio file not found: sounds/Звуки природы - Шум дождя (www.hotplayer.ru).mp3
INFO audio Switch: loading 'sounds/aether-scotland-veela-valentine.mp3' (channels=2, sampleRate=48000)
INFO not found "/assets/sounds/aether-scotland-veela-valentine.mp3" in vfs
ERROR WPSoundParser.cpp:178 audio file not found: sounds/aether-scotland-veela-valentine.mp3
INFO audio Switch: loading 'sounds/Звуки природы - Шум дождя (www.hotplayer.ru).mp3' (channels=2, sampleRate=48000)
INFO not found "/assets/sounds/Звуки природы - Шум дождя (www.hotplayer.ru).mp3" in vfs
ERROR WPSoundParser.cpp:178 audio file not found: sounds/Звуки природы - Шум дождя (www.hotplayer.ru).mp3
INFO audio Switch: loading 'sounds/Veela and Irosa Rosali - Going Home (galamp3.com).mp3' (channels=2, sampleRate=48000)
INFO not found "/assets/sounds/Veela and Irosa Rosali - Going Home (galamp3.com).mp3" in vfs
ERROR WPSoundParser.cpp:178 audio file not found: sounds/Veela and Irosa Rosali - Going Home (galamp3.com).mp3
INFO audio Switch: loading 'sounds/Звуки природы - Шум дождя (www.hotplayer.ru).mp3' (channels=2, sampleRate=48000)
INFO not found "/assets/sounds/Звуки природы - Шум дождя (www.hotplayer.ru).mp3" in vfs
ERROR WPSoundParser.cpp:178 audio file not found: sounds/Звуки природы - Шум дождя (www.hotplayer.ru).mp3
INFO audio Switch: loading 'sounds/Veela and Irosa Rosali, Elsie - Closed (galamp3.com).mp3' (channels=2, sampleRate=48000)
INFO not found "/assets/sounds/Veela and Irosa Rosali, Elsie - Closed (galamp3.com).mp3" in vfs
ERROR WPSoundParser.cpp:178 audio file not found: sounds/Veela and Irosa Rosali, Elsie - Closed (galamp3.com).mp3
INFO audio Switch: loading 'sounds/Звуки природы - Шум дождя (www.hotplayer.ru).mp3' (channels=2, sampleRate=48000)
INFO not found "/assets/sounds/Звуки природы - Шум дождя (www.hotplayer.ru).mp3" in vfs
ERROR WPSoundParser.cpp:178 audio file not found: sounds/Звуки природы - Шум дождя (www.hotplayer.ru).mp3
INFO audio Switch: loading 'sounds/Veela and Kooma - Pointless (galamp3.com).mp3' (channels=2, sampleRate=48000)
INFO not found "/assets/sounds/Veela and Kooma - Pointless (galamp3.com).mp3" in vfs
ERROR WPSoundParser.cpp:178 audio file not found: sounds/Veela and Kooma - Pointless (galamp3.com).mp3
INFO audio Switch: loading 'sounds/Звуки природы - Шум дождя (www.hotplayer.ru).mp3' (channels=2, sampleRate=48000)
INFO not found "/assets/sounds/Звуки природы - Шум дождя (www.hotplayer.ru).mp3" in vfs
ERROR WPSoundParser.cpp:178 audio file not found: sounds/Звуки природы - Шум дождя (www.hotplayer.ru).mp3
INFO audio Switch: loading 'sounds/Veela and Kooma - Retrospect (galamp3.com).mp3' (channels=2, sampleRate=48000)
INFO not found "/assets/sounds/Veela and Kooma - Retrospect (galamp3.com).mp3" in vfs
ERROR WPSoundParser.cpp:178 audio file not found: sounds/Veela and Kooma - Retrospect (galamp3.com).mp3
INFO audio Switch: loading 'sounds/Звуки природы - Шум дождя (www.hotplayer.ru).mp3' (channels=2, sampleRate=48000)
INFO not found "/assets/sounds/Звуки природы - Шум дождя (www.hotplayer.ru).mp3" in vfs
ERROR WPSoundParser.cpp:178 audio file not found: sounds/Звуки природы - Шум дождя (www.hotplayer.ru).mp3
INFO audio Switch: loading 'sounds/Kooma & Veela - Oasis (256  kbps).mp3' (channels=2, sampleRate=48000)
INFO not found "/assets/sounds/Kooma & Veela - Oasis (256  kbps).mp3" in vfs
ERROR WPSoundParser.cpp:178 audio file not found: sounds/Kooma & Veela - Oasis (256  kbps).mp3
INFO audio Switch: loading 'sounds/Звуки природы - Шум дождя (www.hotplayer.ru).mp3' (channels=2, sampleRate=48000)
INFO not found "/assets/sounds/Звуки природы - Шум дождя (www.hotplayer.ru).mp3" in vfs
ERROR WPSoundParser.cpp:178 audio file not found: sounds/Звуки природы - Шум дождя (www.hotplayer.ru).mp3
INFO audio Switch: loading 'sounds/aether-scotland-veela-valentine.mp3' (channels=2, sampleRate=48000)
INFO not found "/assets/sounds/aether-scotland-veela-valentine.mp3" in vfs
ERROR WPSoundParser.cpp:178 audio file not found: sounds/aether-scotland-veela-valentine.mp3
INFO audio Switch: loading 'sounds/Звуки природы - Шум дождя (www.hotplayer.ru).mp3' (channels=2, sampleRate=48000)
INFO not found "/assets/sounds/Звуки природы - Шум дождя (www.hotplayer.ru).mp3" in vfs
ERROR WPSoundParser.cpp:178 audio file not found: sounds/Звуки природы - Шум дождя (www.hotplayer.ru).mp3
INFO audio Switch: loading 'sounds/Veela and Irosa Rosali - Going Home (galamp3.com).mp3' (channels=2, sampleRate=48000)
INFO not found "/assets/sounds/Veela and Irosa Rosali - Going Home (galamp3.com).mp3" in vfs
ERROR WPSoundParser.cpp:178 audio file not found: sounds/Veela and Irosa Rosali - Going Home (galamp3.com).mp3
INFO audio Switch: loading 'sounds/Звуки природы - Шум дождя (www.hotplayer.ru).mp3' (channels=2, sampleRate=48000)
INFO not found "/assets/sounds/Звуки природы - Шум дождя (www.hotplayer.ru).mp3" in vfs
ERROR WPSoundParser.cpp:178 audio file not found: sounds/Звуки природы - Шум дождя (www.hotplayer.ru).mp3
INFO audio Switch: loading 'sounds/Veela and Irosa Rosali, Elsie - Closed (galamp3.com).mp3' (channels=2, sampleRate=48000)
INFO not found "/assets/sounds/Veela and Irosa Rosali, Elsie - Closed (galamp3.com).mp3" in vfs
ERROR WPSoundParser.cpp:178 audio file not found: sounds/Veela and Irosa Rosali, Elsie - Closed (galamp3.com).mp3
INFO audio Switch: loading 'sounds/Звуки природы - Шум дождя (www.hotplayer.ru).mp3' (channels=2, sampleRate=48000)
INFO not found "/assets/sounds/Звуки природы - Шум дождя (www.hotplayer.ru).mp3" in vfs
ERROR WPSoundParser.cpp:178 audio file not found: sounds/Звуки природы - Шум дождя (www.hotplayer.ru).mp3
INFO audio Switch: loading 'sounds/Veela and Kooma - Pointless (galamp3.com).mp3' (channels=2, sampleRate=48000)
INFO not found "/assets/sounds/Veela and Kooma - Pointless (galamp3.com).mp3" in vfs
ERROR WPSoundParser.cpp:178 audio file not found: sounds/Veela and Kooma - Pointless (galamp3.com).mp3
INFO audio Switch: loading 'sounds/Звуки природы - Шум дождя (www.hotplayer.ru).mp3' (channels=2, sampleRate=48000)
INFO not found "/assets/sounds/Звуки природы - Шум дождя (www.hotplayer.ru).mp3" in vfs
ERROR WPSoundParser.cpp:178 audio file not found: sounds/Звуки природы - Шум дождя (www.hotplayer.ru).mp3
INFO audio Switch: loading 'sounds/Veela and Kooma - Retrospect (galamp3.com).mp3' (channels=2, sampleRate=48000)
INFO not found "/assets/sounds/Veela and Kooma - Retrospect (galamp3.com).mp3" in vfs
ERROR WPSoundParser.cpp:178 audio file not found: sounds/Veela and Kooma - Retrospect (galamp3.com).mp3
INFO audio Switch: loading 'sounds/Звуки природы - Шум дождя (www.hotplayer.ru).mp3' (channels=2, sampleRate=48000)
INFO not found "/assets/sounds/Звуки природы - Шум дождя (www.hotplayer.ru).mp3" in vfs
ERROR WPSoundParser.cpp:178 audio file not found: sounds/Звуки природы - Шум дождя (www.hotplayer.ru).mp3
INFO audio Switch: loading 'sounds/Kooma & Veela - Oasis (256  kbps).mp3' (channels=2, sampleRate=48000)
INFO not found "/assets/sounds/Kooma & Veela - Oasis (256  kbps).mp3" in vfs
ERROR WPSoundParser.cpp:178 audio file not found: sounds/Kooma & Veela - Oasis (256  kbps).mp3
INFO audio Switch: loading 'sounds/Звуки природы - Шум дождя (www.hotplayer.ru).mp3' (channels=2, sampleRate=48000)
INFO not found "/assets/sounds/Звуки природы - Шум дождя (www.hotplayer.ru).mp3" in vfs
ERROR WPSoundParser.cpp:178 audio file not found: sounds/Звуки природы - Шум дождя (www.hotplayer.ru).mp3
INFO audio Switch: loading 'sounds/aether-scotland-veela-valentine.mp3' (channels=2, sampleRate=48000)
INFO not found "/assets/sounds/aether-scotland-veela-valentine.mp3" in vfs
ERROR WPSoundParser.cpp:178 audio file not found: sounds/aether-scotland-veela-valentine.mp3
INFO audio Switch: loading 'sounds/Звуки природы - Шум дождя (www.hotplayer.ru).mp3' (channels=2, sampleRate=48000)
INFO not found "/assets/sounds/Звуки природы - Шум дождя (www.hotplayer.ru).mp3" in vfs
ERROR WPSoundParser.cpp:178 audio file not found: sounds/Звуки природы - Шум дождя (www.hotplayer.ru).mp3
INFO audio Switch: loading 'sounds/Veela and Irosa Rosali - Going Home (galamp3.com).mp3' (channels=2, sampleRate=48000)
INFO not found "/assets/sounds/Veela and Irosa Rosali - Going Home (galamp3.com).mp3" in vfs
ERROR WPSoundParser.cpp:178 audio file not found: sounds/Veela and Irosa Rosali - Going Home (galamp3.com).mp3
INFO audio Switch: loading 'sounds/Звуки природы - Шум дождя (www.hotplayer.ru).mp3' (channels=2, sampleRate=48000)
INFO not found "/assets/sounds/Звуки природы - Шум дождя (www.hotplayer.ru).mp3" in vfs
ERROR WPSoundParser.cpp:178 audio file not found: sounds/Звуки природы - Шум дождя (www.hotplayer.ru).mp3
INFO audio Switch: loading 'sounds/Veela and Irosa Rosali, Elsie - Closed (galamp3.com).mp3' (channels=2, sampleRate=48000)
INFO not found "/assets/sounds/Veela and Irosa Rosali, Elsie - Closed (galamp3.com).mp3" in vfs
ERROR WPSoundParser.cpp:178 audio file not found: sounds/Veela and Irosa Rosali, Elsie - Closed (galamp3.com).mp3
INFO audio Switch: loading 'sounds/Звуки природы - Шум дождя (www.hotplayer.ru).mp3' (channels=2, sampleRate=48000)
INFO not found "/assets/sounds/Звуки природы - Шум дождя (www.hotplayer.ru).mp3" in vfs
ERROR WPSoundParser.cpp:178 audio file not found: sounds/Звуки природы - Шум дождя (www.hotplayer.ru).mp3
INFO audio Switch: loading 'sounds/Veela and Kooma - Pointless (galamp3.com).mp3' (channels=2, sampleRate=48000)
INFO not found "/assets/sounds/Veela and Kooma - Pointless (galamp3.com).mp3" in vfs
ERROR WPSoundParser.cpp:178 audio file not found: sounds/Veela and Kooma - Pointless (galamp3.com).mp3
INFO audio Switch: loading 'sounds/Звуки природы - Шум дождя (www.hotplayer.ru).mp3' (channels=2, sampleRate=48000)
INFO not found "/assets/sounds/Звуки природы - Шум дождя (www.hotplayer.ru).mp3" in vfs
ERROR WPSoundParser.cpp:178 audio file not found: sounds/Звуки природы - Шум дождя (www.hotplayer.ru).mp3
INFO audio Switch: loading 'sounds/Veela and Kooma - Retrospect (galamp3.com).mp3' (channels=2, sampleRate=48000)
INFO not found "/assets/sounds/Veela and Kooma - Retrospect (galamp3.com).mp3" in vfs
ERROR WPSoundParser.cpp:178 audio file not found: sounds/Veela and Kooma - Retrospect (galamp3.com).mp3
INFO audio Switch: loading 'sounds/Звуки природы - Шум дождя (www.hotplayer.ru).mp3' (channels=2, sampleRate=48000)
INFO not found "/assets/sounds/Звуки природы - Шум дождя (www.hotplayer.ru).mp3" in vfs
ERROR WPSoundParser.cpp:178 audio file not found: sounds/Звуки природы - Шум дождя (www.hotplayer.ru).mp3
INFO audio Switch: loading 'sounds/Kooma & Veela - Oasis (256  kbps).mp3' (channels=2, sampleRate=48000)
INFO not found "/assets/sounds/Kooma & Veela - Oasis (256  kbps).mp3" in vfs
ERROR WPSoundParser.cpp:178 audio file not found: sounds/Kooma & Veela - Oasis (256  kbps).mp3
INFO audio Switch: loading 'sounds/Звуки природы - Шум дождя (www.hotplayer.ru).mp3' (channels=2, sampleRate=48000)
INFO not found "/assets/sounds/Звуки природы - Шум дождя (www.hotplayer.ru).mp3" in vfs
ERROR WPSoundParser.cpp:178 audio file not found: sounds/Звуки природы - Шум дождя (www.hotplayer.ru).mp3
INFO audio Switch: loading 'sounds/aether-scotland-veela-valentine.mp3' (channels=2, sampleRate=48000)
INFO not found "/assets/sounds/aether-scotland-veela-valentine.mp3" in vfs
ERROR WPSoundParser.cpp:178 audio file not found: sounds/aether-scotland-veela-valentine.mp3
INFO audio Switch: loading 'sounds/Звуки природы - Шум дождя (www.hotplayer.ru).mp3' (channels=2, sampleRate=48000)
INFO not found "/assets/sounds/Звуки природы - Шум дождя (www.hotplayer.ru).mp3" in vfs
ERROR WPSoundParser.cpp:178 audio file not found: sounds/Звуки природы - Шум дождя (www.hotplayer.ru).mp3
INFO audio Switch: loading 'sounds/Veela and Irosa Rosali - Going Home (galamp3.com).mp3' (channels=2, sampleRate=48000)
INFO not found "/assets/sounds/Veela and Irosa Rosali - Going Home (galamp3.com).mp3" in vfs
ERROR WPSoundParser.cpp:178 audio file not found: sounds/Veela and Irosa Rosali - Going Home (galamp3.com).mp3
INFO audio Switch: loading 'sounds/Звуки природы - Шум дождя (www.hotplayer.ru).mp3' (channels=2, sampleRate=48000)
INFO not found "/assets/sounds/Звуки природы - Шум дождя (www.hotplayer.ru).mp3" in vfs
ERROR WPSoundParser.cpp:178 audio file not found: sounds/Звуки природы - Шум дождя (www.hotplayer.ru).mp3
INFO audio Switch: loading 'sounds/Veela and Irosa Rosali, Elsie - Closed (galamp3.com).mp3' (channels=2, sampleRate=48000)
INFO not found "/assets/sounds/Veela and Irosa Rosali, Elsie - Closed (galamp3.com).mp3" in vfs
ERROR WPSoundParser.cpp:178 audio file not found: sounds/Veela and Irosa Rosali, Elsie - Closed (galamp3.com).mp3
INFO audio Switch: loading 'sounds/Звуки природы - Шум дождя (www.hotplayer.ru).mp3' (channels=2, sampleRate=48000)
INFO not found "/assets/sounds/Звуки природы - Шум дождя (www.hotplayer.ru).mp3" in vfs
ERROR WPSoundParser.cpp:178 audio file not found: sounds/Звуки природы - Шум дождя (www.hotplayer.ru).mp3
INFO audio Switch: loading 'sounds/Veela and Kooma - Pointless (galamp3.com).mp3' (channels=2, sampleRate=48000)
INFO not found "/assets/sounds/Veela and Kooma - Pointless (galamp3.com).mp3" in vfs
ERROR WPSoundParser.cpp:178 audio file not found: sounds/Veela and Kooma - Pointless (galamp3.com).mp3
INFO audio Switch: loading 'sounds/Звуки природы - Шум дождя (www.hotplayer.ru).mp3' (channels=2, sampleRate=48000)
INFO not found "/assets/sounds/Звуки природы - Шум дождя (www.hotplayer.ru).mp3" in vfs
ERROR WPSoundParser.cpp:178 audio file not found: sounds/Звуки природы - Шум дождя (www.hotplayer.ru).mp3
INFO audio Switch: loading 'sounds/Veela and Kooma - Retrospect (galamp3.com).mp3' (channels=2, sampleRate=48000)
INFO not found "/assets/sounds/Veela and Kooma - Retrospect (galamp3.com).mp3" in vfs
ERROR WPSoundParser.cpp:178 audio file not found: sounds/Veela and Kooma - Retrospect (galamp3.com).mp3
INFO audio Switch: loading 'sounds/Звуки природы - Шум дождя (www.hotplayer.ru).mp3' (channels=2, sampleRate=48000)
INFO not found "/assets/sounds/Звуки природы - Шум дождя (www.hotplayer.ru).mp3" in vfs
ERROR WPSoundParser.cpp:178 audio file not found: sounds/Звуки природы - Шум дождя (www.hotplayer.ru).mp3
INFO audio Switch: loading 'sounds/Kooma & Veela - Oasis (256  kbps).mp3' (channels=2, sampleRate=48000)
INFO not found "/assets/sounds/Kooma & Veela - Oasis (256  kbps).mp3" in vfs
ERROR WPSoundParser.cpp:178 audio file not found: sounds/Kooma & Veela - Oasis (256  kbps).mp3
INFO audio Switch: loading 'sounds/Звуки природы - Шум дождя (www.hotplayer.ru).mp3' (channels=2, sampleRate=48000)
INFO not found "/assets/sounds/Звуки природы - Шум дождя (www.hotplayer.ru).mp3" in vfs
ERROR WPSoundParser.cpp:178 audio file not found: sounds/Звуки природы - Шум дождя (www.hotplayer.ru).mp3
INFO audio Switch: loading 'sounds/aether-scotland-veela-valentine.mp3' (channels=2, sampleRate=48000)
INFO not found "/assets/sounds/aether-scotland-veela-valentine.mp3" in vfs
ERROR WPSoundParser.cpp:178 audio file not found: sounds/aether-scotland-veela-valentine.mp3
INFO audio Switch: loading 'sounds/Звуки природы - Шум дождя (www.hotplayer.ru).mp3' (channels=2, sampleRate=48000)
INFO not found "/assets/sounds/Звуки природы - Шум дождя (www.hotplayer.ru).mp3" in vfs
ERROR WPSoundParser.cpp:178 audio file not found: sounds/Звуки природы - Шум дождя (www.hotplayer.ru).mp3
INFO audio Switch: loading 'sounds/Veela and Irosa Rosali - Going Home (galamp3.com).mp3' (channels=2, sampleRate=48000)
INFO not found "/assets/sounds/Veela and Irosa Rosali - Going Home (galamp3.com).mp3" in vfs
ERROR WPSoundParser.cpp:178 audio file not found: sounds/Veela and Irosa Rosali - Going Home (galamp3.com).mp3
INFO audio Switch: loading 'sounds/Звуки природы - Шум дождя (www.hotplayer.ru).mp3' (channels=2, sampleRate=48000)
INFO not found "/assets/sounds/Звуки природы - Шум дождя (www.hotplayer.ru).mp3" in vfs
ERROR WPSoundParser.cpp:178 audio file not found: sounds/Звуки природы - Шум дождя (www.hotplayer.ru).mp3
INFO audio Switch: loading 'sounds/Veela and Irosa Rosali, Elsie - Closed (galamp3.com).mp3' (channels=2, sampleRate=48000)
INFO not found "/assets/sounds/Veela and Irosa Rosali, Elsie - Closed (galamp3.com).mp3" in vfs
ERROR WPSoundParser.cpp:178 audio file not found: sounds/Veela and Irosa Rosali, Elsie - Closed (galamp3.com).mp3
INFO audio Switch: loading 'sounds/Звуки природы - Шум дождя (www.hotplayer.ru).mp3' (channels=2, sampleRate=48000)
INFO not found "/assets/sounds/Звуки природы - Шум дождя (www.hotplayer.ru).mp3" in vfs
ERROR WPSoundParser.cpp:178 audio file not found: sounds/Звуки природы - Шум дождя (www.hotplayer.ru).mp3
INFO audio Switch: loading 'sounds/Veela and Kooma - Pointless (galamp3.com).mp3' (channels=2, sampleRate=48000)
INFO not found "/assets/sounds/Veela and Kooma - Pointless (galamp3.com).mp3" in vfs
ERROR WPSoundParser.cpp:178 audio file not found: sounds/Veela and Kooma - Pointless (galamp3.com).mp3
INFO audio Switch: loading 'sounds/Звуки природы - Шум дождя (www.hotplayer.ru).mp3' (channels=2, sampleRate=48000)
INFO not found "/assets/sounds/Звуки природы - Шум дождя (www.hotplayer.ru).mp3" in vfs
ERROR WPSoundParser.cpp:178 audio file not found: sounds/Звуки природы - Шум дождя (www.hotplayer.ru).mp3
INFO audio Switch: loading 'sounds/Veela and Kooma - Retrospect (galamp3.com).mp3' (channels=2, sampleRate=48000)
INFO not found "/assets/sounds/Veela and Kooma - Retrospect (galamp3.com).mp3" in vfs
ERROR WPSoundParser.cpp:178 audio file not found: sounds/Veela and Kooma - Retrospect (galamp3.com).mp3
INFO audio Switch: loading 'sounds/Звуки природы - Шум дождя (www.hotplayer.ru).mp3' (channels=2, sampleRate=48000)
INFO not found "/assets/sounds/Звуки природы - Шум дождя (www.hotplayer.ru).mp3" in vfs
ERROR WPSoundParser.cpp:178 audio file not found: sounds/Звуки природы - Шум дождя (www.hotplayer.ru).mp3
INFO audio Switch: loading 'sounds/Kooma & Veela - Oasis (256  kbps).mp3' (channels=2, sampleRate=48000)
INFO not found "/assets/sounds/Kooma & Veela - Oasis (256  kbps).mp3" in vfs
ERROR WPSoundParser.cpp:178 audio file not found: sounds/Kooma & Veela - Oasis (256  kbps).mp3
INFO audio Switch: loading 'sounds/Звуки природы - Шум дождя (www.hotplayer.ru).mp3' (channels=2, sampleRate=48000)
INFO not found "/assets/sounds/Звуки природы - Шум дождя (www.hotplayer.ru).mp3" in vfs
ERROR WPSoundParser.cpp:178 audio file not found: sounds/Звуки природы - Шум дождя (www.hotplayer.ru).mp3
INFO audio Switch: loading 'sounds/aether-scotland-veela-valentine.mp3' (channels=2, sampleRate=48000)
INFO not found "/assets/sounds/aether-scotland-veela-valentine.mp3" in vfs
ERROR WPSoundParser.cpp:178 audio file not found: sounds/aether-scotland-veela-valentine.mp3
INFO audio Switch: loading 'sounds/Звуки природы - Шум дождя (www.hotplayer.ru).mp3' (channels=2, sampleRate=48000)
INFO not found "/assets/sounds/Звуки природы - Шум дождя (www.hotplayer.ru).mp3" in vfs
ERROR WPSoundParser.cpp:178 audio file not found: sounds/Звуки природы - Шум дождя (www.hotplayer.ru).mp3
INFO audio Switch: loading 'sounds/Veela and Irosa Rosali - Going Home (galamp3.com).mp3' (channels=2, sampleRate=48000)
INFO not found "/assets/sounds/Veela and Irosa Rosali - Going Home (galamp3.com).mp3" in vfs
ERROR WPSoundParser.cpp:178 audio file not found: sounds/Veela and Irosa Rosali - Going Home (galamp3.com).mp3
INFO audio Switch: loading 'sounds/Звуки природы - Шум дождя (www.hotplayer.ru).mp3' (channels=2, sampleRate=48000)
INFO not found "/assets/sounds/Звуки природы - Шум дождя (www.hotplayer.ru).mp3" in vfs
ERROR WPSoundParser.cpp:178 audio file not found: sounds/Звуки природы - Шум дождя (www.hotplayer.ru).mp3
INFO audio Switch: loading 'sounds/Veela and Irosa Rosali, Elsie - Closed (galamp3.com).mp3' (channels=2, sampleRate=48000)
INFO not found "/assets/sounds/Veela and Irosa Rosali, Elsie - Closed (galamp3.com).mp3" in vfs
ERROR WPSoundParser.cpp:178 audio file not found: sounds/Veela and Irosa Rosali, Elsie - Closed (galamp3.com).mp3
INFO audio Switch: loading 'sounds/Звуки природы - Шум дождя (www.hotplayer.ru).mp3' (channels=2, sampleRate=48000)
INFO not found "/assets/sounds/Звуки природы - Шум дождя (www.hotplayer.ru).mp3" in vfs
ERROR WPSoundParser.cpp:178 audio file not found: sounds/Звуки природы - Шум дождя (www.hotplayer.ru).mp3
INFO audio Switch: loading 'sounds/Veela and Kooma - Pointless (galamp3.com).mp3' (channels=2, sampleRate=48000)
INFO not found "/assets/sounds/Veela and Kooma - Pointless (galamp3.com).mp3" in vfs
ERROR WPSoundParser.cpp:178 audio file not found: sounds/Veela and Kooma - Pointless (galamp3.com).mp3
INFO audio Switch: loading 'sounds/Звуки природы - Шум дождя (www.hotplayer.ru).mp3' (channels=2, sampleRate=48000)
INFO not found "/assets/sounds/Звуки природы - Шум дождя (www.hotplayer.ru).mp3" in vfs
ERROR WPSoundParser.cpp:178 audio file not found: sounds/Звуки природы - Шум дождя (www.hotplayer.ru).mp3
INFO audio Switch: loading 'sounds/Veela and Kooma - Retrospect (galamp3.com).mp3' (channels=2, sampleRate=48000)
INFO not found "/assets/sounds/Veela and Kooma - Retrospect (galamp3.com).mp3" in vfs
ERROR WPSoundParser.cpp:178 audio file not found: sounds/Veela and Kooma - Retrospect (galamp3.com).mp3
INFO audio Switch: loading 'sounds/Звуки природы - Шум дождя (www.hotplayer.ru).mp3' (channels=2, sampleRate=48000)
INFO not found "/assets/sounds/Звуки природы - Шум дождя (www.hotplayer.ru).mp3" in vfs
ERROR WPSoundParser.cpp:178 audio file not found: sounds/Звуки природы - Шум дождя (www.hotplayer.ru).mp3
INFO audio Switch: loading 'sounds/Kooma & Veela - Oasis (256  kbps).mp3' (channels=2, sampleRate=48000)
INFO not found "/assets/sounds/Kooma & Veela - Oasis (256  kbps).mp3" in vfs
ERROR WPSoundParser.cpp:178 audio file not found: sounds/Kooma & Veela - Oasis (256  kbps).mp3
INFO audio Switch: loading 'sounds/Звуки природы - Шум дождя (www.hotplayer.ru).mp3' (channels=2, sampleRate=48000)
INFO not found "/assets/sounds/Звуки природы - Шум дождя (www.hotplayer.ru).mp3" in vfs
ERROR WPSoundParser.cpp:178 audio file not found: sounds/Звуки природы - Шум дождя (www.hotplayer.ru).mp3
INFO audio Switch: loading 'sounds/aether-scotland-veela-valentine.mp3' (channels=2, sampleRate=48000)
INFO not found "/assets/sounds/aether-scotland-veela-valentine.mp3" in vfs
ERROR WPSoundParser.cpp:178 audio file not found: sounds/aether-scotland-veela-valentine.mp3
INFO audio Switch: loading 'sounds/Звуки природы - Шум дождя (www.hotplayer.ru).mp3' (channels=2, sampleRate=48000)
INFO not found "/assets/sounds/Звуки природы - Шум дождя (www.hotplayer.ru).mp3" in vfs
ERROR WPSoundParser.cpp:178 audio file not found: sounds/Звуки природы - Шум дождя (www.hotplayer.ru).mp3
INFO audio Switch: loading 'sounds/Veela and Irosa Rosali - Going Home (galamp3.com).mp3' (channels=2, sampleRate=48000)
INFO not found "/assets/sounds/Veela and Irosa Rosali - Going Home (galamp3.com).mp3" in vfs
ERROR WPSoundParser.cpp:178 audio file not found: sounds/Veela and Irosa Rosali - Going Home (galamp3.com).mp3
INFO audio Switch: loading 'sounds/Звуки природы - Шум дождя (www.hotplayer.ru).mp3' (channels=2, sampleRate=48000)
INFO not found "/assets/sounds/Звуки природы - Шум дождя (www.hotplayer.ru).mp3" in vfs
ERROR WPSoundParser.cpp:178 audio file not found: sounds/Звуки природы - Шум дождя (www.hotplayer.ru).mp3
INFO audio Switch: loading 'sounds/Veela and Irosa Rosali, Elsie - Closed (galamp3.com).mp3' (channels=2, sampleRate=48000)
INFO not found "/assets/sounds/Veela and Irosa Rosali, Elsie - Closed (galamp3.com).mp3" in vfs
ERROR WPSoundParser.cpp:178 audio file not found: sounds/Veela and Irosa Rosali, Elsie - Closed (galamp3.com).mp3
INFO audio Switch: loading 'sounds/Звуки природы - Шум дождя (www.hotplayer.ru).mp3' (channels=2, sampleRate=48000)
INFO not found "/assets/sounds/Звуки природы - Шум дождя (www.hotplayer.ru).mp3" in vfs
ERROR WPSoundParser.cpp:178 audio file not found: sounds/Звуки природы - Шум дождя (www.hotplayer.ru).mp3
INFO audio Switch: loading 'sounds/Veela and Kooma - Pointless (galamp3.com).mp3' (channels=2, sampleRate=48000)
INFO not found "/assets/sounds/Veela and Kooma - Pointless (galamp3.com).mp3" in vfs
ERROR WPSoundParser.cpp:178 audio file not found: sounds/Veela and Kooma - Pointless (galamp3.com).mp3
INFO audio Switch: loading 'sounds/Звуки природы - Шум дождя (www.hotplayer.ru).mp3' (channels=2, sampleRate=48000)
INFO not found "/assets/sounds/Звуки природы - Шум дождя (www.hotplayer.ru).mp3" in vfs
ERROR WPSoundParser.cpp:178 audio file not found: sounds/Звуки природы - Шум дождя (www.hotplayer.ru).mp3
INFO audio Switch: loading 'sounds/Veela and Kooma - Retrospect (galamp3.com).mp3' (channels=2, sampleRate=48000)
INFO not found "/assets/sounds/Veela and Kooma - Retrospect (galamp3.com).mp3" in vfs
ERROR WPSoundParser.cpp:178 audio file not found: sounds/Veela and Kooma - Retrospect (galamp3.com).mp3
INFO audio Switch: loading 'sounds/Звуки природы - Шум дождя (www.hotplayer.ru).mp3' (channels=2, sampleRate=48000)
INFO not found "/assets/sounds/Звуки природы - Шум дождя (www.hotplayer.ru).mp3" in vfs
ERROR WPSoundParser.cpp:178 audio file not found: sounds/Звуки природы - Шум дождя (www.hotplayer.ru).mp3
INFO audio Switch: loading 'sounds/Kooma & Veela - Oasis (256  kbps).mp3' (channels=2, sampleRate=48000)
INFO not found "/assets/sounds/Kooma & Veela - Oasis (256  kbps).mp3" in vfs
ERROR WPSoundParser.cpp:178 audio file not found: sounds/Kooma & Veela - Oasis (256  kbps).mp3
INFO audio Switch: loading 'sounds/Звуки природы - Шум дождя (www.hotplayer.ru).mp3' (channels=2, sampleRate=48000)
INFO not found "/assets/sounds/Звуки природы - Шум дождя (www.hotplayer.ru).mp3" in vfs
ERROR WPSoundParser.cpp:178 audio file not found: sounds/Звуки природы - Шум дождя (www.hotplayer.ru).mp3
INFO audio Switch: loading 'sounds/aether-scotland-veela-valentine.mp3' (channels=2, sampleRate=48000)
INFO not found "/assets/sounds/aether-scotland-veela-valentine.mp3" in vfs
ERROR WPSoundParser.cpp:178 audio file not found: sounds/aether-scotland-veela-valentine.mp3
INFO audio Switch: loading 'sounds/Звуки природы - Шум дождя (www.hotplayer.ru).mp3' (channels=2, sampleRate=48000)
INFO not found "/assets/sounds/Звуки природы - Шум дождя (www.hotplayer.ru).mp3" in vfs
ERROR WPSoundParser.cpp:178 audio file not found: sounds/Звуки природы - Шум дождя (www.hotplayer.ru).mp3
INFO audio Switch: loading 'sounds/Veela and Irosa Rosali - Going Home (galamp3.com).mp3' (channels=2, sampleRate=48000)
INFO not found "/assets/sounds/Veela and Irosa Rosali - Going Home (galamp3.com).mp3" in vfs
ERROR WPSoundParser.cpp:178 audio file not found: sounds/Veela and Irosa Rosali - Going Home (galamp3.com).mp3
INFO audio Switch: loading 'sounds/Звуки природы - Шум дождя (www.hotplayer.ru).mp3' (channels=2, sampleRate=48000)
INFO not found "/assets/sounds/Звуки природы - Шум дождя (www.hotplayer.ru).mp3" in vfs
ERROR WPSoundParser.cpp:178 audio file not found: sounds/Звуки природы - Шум дождя (www.hotplayer.ru).mp3
INFO audio Switch: loading 'sounds/Veela and Irosa Rosali, Elsie - Closed (galamp3.com).mp3' (channels=2, sampleRate=48000)
INFO not found "/assets/sounds/Veela and Irosa Rosali, Elsie - Closed (galamp3.com).mp3" in vfs
ERROR WPSoundParser.cpp:178 audio file not found: sounds/Veela and Irosa Rosali, Elsie - Closed (galamp3.com).mp3
INFO audio Switch: loading 'sounds/Звуки природы - Шум дождя (www.hotplayer.ru).mp3' (channels=2, sampleRate=48000)
INFO not found "/assets/sounds/Звуки природы - Шум дождя (www.hotplayer.ru).mp3" in vfs
ERROR WPSoundParser.cpp:178 audio file not found: sounds/Звуки природы - Шум дождя (www.hotplayer.ru).mp3
INFO audio Switch: loading 'sounds/Veela and Kooma - Pointless (galamp3.com).mp3' (channels=2, sampleRate=48000)
INFO not found "/assets/sounds/Veela and Kooma - Pointless (galamp3.com).mp3" in vfs
ERROR WPSoundParser.cpp:178 audio file not found: sounds/Veela and Kooma - Pointless (galamp3.com).mp3
INFO audio Switch: loading 'sounds/Звуки природы - Шум дождя (www.hotplayer.ru).mp3' (channels=2, sampleRate=48000)
INFO not found "/assets/sounds/Звуки природы - Шум дождя (www.hotplayer.ru).mp3" in vfs
ERROR WPSoundParser.cpp:178 audio file not found: sounds/Звуки природы - Шум дождя (www.hotplayer.ru).mp3
INFO audio Switch: loading 'sounds/Veela and Kooma - Retrospect (galamp3.com).mp3' (channels=2, sampleRate=48000)
INFO not found "/assets/sounds/Veela and Kooma - Retrospect (galamp3.com).mp3" in vfs
ERROR WPSoundParser.cpp:178 audio file not found: sounds/Veela and Kooma - Retrospect (galamp3.com).mp3
INFO audio Switch: loading 'sounds/Звуки природы - Шум дождя (www.hotplayer.ru).mp3' (channels=2, sampleRate=48000)
INFO not found "/assets/sounds/Звуки природы - Шум дождя (www.hotplayer.ru).mp3" in vfs
ERROR WPSoundParser.cpp:178 audio file not found: sounds/Звуки природы - Шум дождя (www.hotplayer.ru).mp3
INFO audio Switch: loading 'sounds/Kooma & Veela - Oasis (256  kbps).mp3' (channels=2, sampleRate=48000)
INFO not found "/assets/sounds/Kooma & Veela - Oasis (256  kbps).mp3" in vfs
ERROR WPSoundParser.cpp:178 audio file not found: sounds/Kooma & Veela - Oasis (256  kbps).mp3
INFO audio Switch: loading 'sounds/Звуки природы - Шум дождя (www.hotplayer.ru).mp3' (channels=2, sampleRate=48000)
INFO not found "/assets/sounds/Звуки природы - Шум дождя (www.hotplayer.ru).mp3" in vfs
ERROR WPSoundParser.cpp:178 audio file not found: sounds/Звуки природы - Шум дождя (www.hotplayer.ru).mp3
INFO audio Switch: loading 'sounds/aether-scotland-veela-valentine.mp3' (channels=2, sampleRate=48000)
INFO not found "/assets/sounds/aether-scotland-veela-valentine.mp3" in vfs
ERROR WPSoundParser.cpp:178 audio file not found: sounds/aether-scotland-veela-valentine.mp3
INFO audio Switch: loading 'sounds/Звуки природы - Шум дождя (www.hotplayer.ru).mp3' (channels=2, sampleRate=48000)
INFO not found "/assets/sounds/Звуки природы - Шум дождя (www.hotplayer.ru).mp3" in vfs
ERROR WPSoundParser.cpp:178 audio file not found: sounds/Звуки природы - Шум дождя (www.hotplayer.ru).mp3
INFO audio Switch: loading 'sounds/Veela and Irosa Rosali - Going Home (galamp3.com).mp3' (channels=2, sampleRate=48000)
INFO not found "/assets/sounds/Veela and Irosa Rosali - Going Home (galamp3.com).mp3" in vfs
ERROR WPSoundParser.cpp:178 audio file not found: sounds/Veela and Irosa Rosali - Going Home (galamp3.com).mp3
INFO audio Switch: loading 'sounds/Звуки природы - Шум дождя (www.hotplayer.ru).mp3' (channels=2, sampleRate=48000)
INFO not found "/assets/sounds/Звуки природы - Шум дождя (www.hotplayer.ru).mp3" in vfs
ERROR WPSoundParser.cpp:178 audio file not found: sounds/Звуки природы - Шум дождя (www.hotplayer.ru).mp3
INFO audio Switch: loading 'sounds/Veela and Irosa Rosali, Elsie - Closed (galamp3.com).mp3' (channels=2, sampleRate=48000)
INFO not found "/assets/sounds/Veela and Irosa Rosali, Elsie - Closed (galamp3.com).mp3" in vfs
ERROR WPSoundParser.cpp:178 audio file not found: sounds/Veela and Irosa Rosali, Elsie - Closed (galamp3.com).mp3
INFO audio Switch: loading 'sounds/Звуки природы - Шум дождя (www.hotplayer.ru).mp3' (channels=2, sampleRate=48000)
INFO not found "/assets/sounds/Звуки природы - Шум дождя (www.hotplayer.ru).mp3" in vfs
ERROR WPSoundParser.cpp:178 audio file not found: sounds/Звуки природы - Шум дождя (www.hotplayer.ru).mp3
INFO audio Switch: loading 'sounds/Veela and Kooma - Pointless (galamp3.com).mp3' (channels=2, sampleRate=48000)
INFO not found "/assets/sounds/Veela and Kooma - Pointless (galamp3.com).mp3" in vfs
ERROR WPSoundParser.cpp:178 audio file not found: sounds/Veela and Kooma - Pointless (galamp3.com).mp3
INFO audio Switch: loading 'sounds/Звуки природы - Шум дождя (www.hotplayer.ru).mp3' (channels=2, sampleRate=48000)
INFO not found "/assets/sounds/Звуки природы - Шум дождя (www.hotplayer.ru).mp3" in vfs
ERROR WPSoundParser.cpp:178 audio file not found: sounds/Звуки природы - Шум дождя (www.hotplayer.ru).mp3
INFO audio Switch: loading 'sounds/Veela and Kooma - Retrospect (galamp3.com).mp3' (channels=2, sampleRate=48000)
INFO not found "/assets/sounds/Veela and Kooma - Retrospect (galamp3.com).mp3" in vfs
ERROR WPSoundParser.cpp:178 audio file not found: sounds/Veela and Kooma - Retrospect (galamp3.com).mp3
INFO audio Switch: loading 'sounds/Звуки природы - Шум дождя (www.hotplayer.ru).mp3' (channels=2, sampleRate=48000)
INFO not found "/assets/sounds/Звуки природы - Шум дождя (www.hotplayer.ru).mp3" in vfs
ERROR WPSoundParser.cpp:178 audio file not found: sounds/Звуки природы - Шум дождя (www.hotplayer.ru).mp3
INFO audio Switch: loading 'sounds/Kooma & Veela - Oasis (256  kbps).mp3' (channels=2, sampleRate=48000)
INFO not found "/assets/sounds/Kooma & Veela - Oasis (256  kbps).mp3" in vfs
ERROR WPSoundParser.cpp:178 audio file not found: sounds/Kooma & Veela - Oasis (256  kbps).mp3
INFO audio Switch: loading 'sounds/Звуки природы - Шум дождя (www.hotplayer.ru).mp3' (channels=2, sampleRate=48000)
INFO not found "/assets/sounds/Звуки природы - Шум дождя (www.hotplayer.ru).mp3" in vfs
ERROR WPSoundParser.cpp:178 audio file not found: sounds/Звуки природы - Шум дождя (www.hotplayer.ru).mp3
INFO audio Switch: loading 'sounds/aether-scotland-veela-valentine.mp3' (channels=2, sampleRate=48000)
INFO not found "/assets/sounds/aether-scotland-veela-valentine.mp3" in vfs
ERROR WPSoundParser.cpp:178 audio file not found: sounds/aether-scotland-veela-valentine.mp3
INFO audio Switch: loading 'sounds/Звуки природы - Шум дождя (www.hotplayer.ru).mp3' (channels=2, sampleRate=48000)
INFO not found "/assets/sounds/Звуки природы - Шум дождя (www.hotplayer.ru).mp3" in vfs
ERROR WPSoundParser.cpp:178 audio file not found: sounds/Звуки природы - Шум дождя (www.hotplayer.ru).mp3
INFO audio Switch: loading 'sounds/Veela and Irosa Rosali - Going Home (galamp3.com).mp3' (channels=2, sampleRate=48000)
INFO not found "/assets/sounds/Veela and Irosa Rosali - Going Home (galamp3.com).mp3" in vfs
ERROR WPSoundParser.cpp:178 audio file not found: sounds/Veela and Irosa Rosali - Going Home (galamp3.com).mp3
INFO audio Switch: loading 'sounds/Звуки природы - Шум дождя (www.hotplayer.ru).mp3' (channels=2, sampleRate=48000)
INFO not found "/assets/sounds/Звуки природы - Шум дождя (www.hotplayer.ru).mp3" in vfs
ERROR WPSoundParser.cpp:178 audio file not found: sounds/Звуки природы - Шум дождя (www.hotplayer.ru).mp3
INFO audio Switch: loading 'sounds/Veela and Irosa Rosali, Elsie - Closed (galamp3.com).mp3' (channels=2, sampleRate=48000)
INFO not found "/assets/sounds/Veela and Irosa Rosali, Elsie - Closed (galamp3.com).mp3" in vfs
ERROR WPSoundParser.cpp:178 audio file not found: sounds/Veela and Irosa Rosali, Elsie - Closed (galamp3.com).mp3
INFO audio Switch: loading 'sounds/Звуки природы - Шум дождя (www.hotplayer.ru).mp3' (channels=2, sampleRate=48000)
INFO not found "/assets/sounds/Звуки природы - Шум дождя (www.hotplayer.ru).mp3" in vfs
ERROR WPSoundParser.cpp:178 audio file not found: sounds/Звуки природы - Шум дождя (www.hotplayer.ru).mp3
INFO audio Switch: loading 'sounds/Veela and Kooma - Pointless (galamp3.com).mp3' (channels=2, sampleRate=48000)
INFO not found "/assets/sounds/Veela and Kooma - Pointless (galamp3.com).mp3" in vfs
ERROR WPSoundParser.cpp:178 audio file not found: sounds/Veela and Kooma - Pointless (galamp3.com).mp3
INFO audio Switch: loading 'sounds/Звуки природы - Шум дождя (www.hotplayer.ru).mp3' (channels=2, sampleRate=48000)
INFO not found "/assets/sounds/Звуки природы - Шум дождя (www.hotplayer.ru).mp3" in vfs
ERROR WPSoundParser.cpp:178 audio file not found: sounds/Звуки природы - Шум дождя (www.hotplayer.ru).mp3
INFO audio Switch: loading 'sounds/Veela and Kooma - Retrospect (galamp3.com).mp3' (channels=2, sampleRate=48000)
INFO not found "/assets/sounds/Veela and Kooma - Retrospect (galamp3.com).mp3" in vfs
ERROR WPSoundParser.cpp:178 audio file not found: sounds/Veela and Kooma - Retrospect (galamp3.com).mp3
INFO audio Switch: loading 'sounds/Звуки природы - Шум дождя (www.hotplayer.ru).mp3' (channels=2, sampleRate=48000)
INFO not found "/assets/sounds/Звуки природы - Шум дождя (www.hotplayer.ru).mp3" in vfs
ERROR WPSoundParser.cpp:178 audio file not found: sounds/Звуки природы - Шум дождя (www.hotplayer.ru).mp3
INFO audio Switch: loading 'sounds/Kooma & Veela - Oasis (256  kbps).mp3' (channels=2, sampleRate=48000)
INFO not found "/assets/sounds/Kooma & Veela - Oasis (256  kbps).mp3" in vfs
ERROR WPSoundParser.cpp:178 audio file not found: sounds/Kooma & Veela - Oasis (256  kbps).mp3
INFO audio Switch: loading 'sounds/Звуки природы - Шум дождя (www.hotplayer.ru).mp3' (channels=2, sampleRate=48000)
INFO not found "/assets/sounds/Звуки природы - Шум дождя (www.hotplayer.ru).mp3" in vfs
ERROR WPSoundParser.cpp:178 audio file not found: sounds/Звуки природы - Шум дождя (www.hotplayer.ru).mp3
INFO audio Switch: loading 'sounds/aether-scotland-veela-valentine.mp3' (channels=2, sampleRate=48000)
INFO not found "/assets/sounds/aether-scotland-veela-valentine.mp3" in vfs
ERROR WPSoundParser.cpp:178 audio file not found: sounds/aether-scotland-veela-valentine.mp3
INFO audio Switch: loading 'sounds/Звуки природы - Шум дождя (www.hotplayer.ru).mp3' (channels=2, sampleRate=48000)
INFO not found "/assets/sounds/Звуки природы - Шум дождя (www.hotplayer.ru).mp3" in vfs
ERROR WPSoundParser.cpp:178 audio file not found: sounds/Звуки природы - Шум дождя (www.hotplayer.ru).mp3
INFO audio Switch: loading 'sounds/Veela and Irosa Rosali - Going Home (galamp3.com).mp3' (channels=2, sampleRate=48000)
INFO not found "/assets/sounds/Veela and Irosa Rosali - Going Home (galamp3.com).mp3" in vfs
ERROR WPSoundParser.cpp:178 audio file not found: sounds/Veela and Irosa Rosali - Going Home (galamp3.com).mp3
INFO audio Switch: loading 'sounds/Звуки природы - Шум дождя (www.hotplayer.ru).mp3' (channels=2, sampleRate=48000)
INFO not found "/assets/sounds/Звуки природы - Шум дождя (www.hotplayer.ru).mp3" in vfs
ERROR WPSoundParser.cpp:178 audio file not found: sounds/Звуки природы - Шум дождя (www.hotplayer.ru).mp3
INFO audio Switch: loading 'sounds/Veela and Irosa Rosali, Elsie - Closed (galamp3.com).mp3' (channels=2, sampleRate=48000)
INFO not found "/assets/sounds/Veela and Irosa Rosali, Elsie - Closed (galamp3.com).mp3" in vfs
ERROR WPSoundParser.cpp:178 audio file not found: sounds/Veela and Irosa Rosali, Elsie - Closed (galamp3.com).mp3
INFO Screenshot saved: out.ppm (360x640)
OK out.ppm after 137.7s
exit=0
